treatment,group,time,mean_rel,sd_rel,time_h
Baseline,1g+13,0,0,0,0
Baseline,1g+13,20,0.01715399502628142,0.04957446908409519,0.3333333333333333
Baseline,1g+13,40,0.019018365743364952,0.07071950210697499,0.6666666666666666
Baseline,1g+13,60,0.03567772481429947,0.0865683585547978,1
Baseline,1g+13,80,0.001384334272578411,0.0751387281726332,1.3333333333333333
Baseline,1g+13,100,0.05956445842176273,0.14604724349007178,1.6666666666666667
Baseline,1g+13,120,0.008976321422967615,0.13893430418444946,2
Baseline,1g+13,140,-0.045027219867304694,0.12002689148300362,2.3333333333333335
Baseline,1g+13,160,-0.06851909935999502,0.14752899122128282,2.6666666666666665
Baseline,1g+13,180,-0.0916046265337095,0.14912859101768006,3
Baseline,1g+13,200,-0.11334968979817006,0.1473631917297293,3.3333333333333335
Baseline,1g+13,220,-0.1513290564454714,0.12388610053269623,3.6666666666666665
Baseline,1g+13,240,-0.19891427657975402,0.0850660936470982,4
Baseline,1g+13,260,-0.22257511449499875,0.08654810820029936,4.333333333333333
Baseline,1g+13,280,-0.23670976158246812,0.09275038833212607,4.666666666666667
Baseline,1g+13,300,-0.25531545967931946,0.10090651388189154,5
Baseline,1g+13,320,-0.2675982225401294,0.11104499704487453,5.333333333333333
Baseline,1g+13,340,-0.2717189321681502,0.11139620299209375,5.666666666666667
Baseline,1g+13,360,-0.2781747965231158,0.11574604255785303,6
Baseline,1g+13,380,-0.27248586514647544,0.11433196836465837,6.333333333333333
Baseline,1g+13,400,-0.28520898125502997,0.11895637119462327,6.666666666666667
Baseline,1g+13,420,-0.2917226107610673,0.11934118163567155,7
Baseline,1g+13,440,-0.29683619627253477,0.12665437706803054,7.333333333333333
Baseline,1g+13,460,-0.2875506182182162,0.12148926831181703,7.666666666666667
Baseline,1g+13,480,-0.3000037131794057,0.1381963573493072,8
Baseline,1g+13,500,-0.27960235745726986,0.13722035934325397,8.333333333333334
Baseline,1g+13,520,-0.26058277176618694,0.14128326832200394,8.666666666666666
Baseline,1g+13,540,-0.26147264057695807,0.15727132568102856,9
Baseline,1g+13,560,-0.2572331942877589,0.16268547263492797,9.333333333333334
Baseline,1g+13,580,-0.23385117948744183,0.16684375899621695,9.666666666666666
Baseline,1g+13,600,-0.22291471172232383,0.1538154988031437,10
Baseline,1g+13,620,-0.20739381359843348,0.13870195196802038,10.333333333333334
Baseline,1g+13,640,-0.18460438739504956,0.12184848074148125,10.666666666666666
Baseline,1g+13,660,-0.146706115727042,0.11752592834124787,11
Baseline,1g+13,680,-0.1445082181909254,0.10424313250599099,11.333333333333334
Baseline,1g+13,700,-0.1389448856347531,0.10451327941433076,11.666666666666666
Baseline,1g+13,720,-0.1156303167867949,0.1000315915536384,12
Baseline,1g+13,740,-0.09860475740680522,0.09899171145968037,12.333333333333334
Baseline,1g+13,760,-0.0763594354833198,0.09800091672232106,12.666666666666666
Baseline,1g+13,780,-0.055461046371903716,0.11455944556842663,13
Baseline,1g+13,800,-0.032664811701889715,0.14151114467361228,13.333333333333334
Baseline,1g+13,820,-0.04004047047780275,0.10531320188338916,13.666666666666666
Baseline,1g+13,840,-0.022747388181793015,0.12655795294724995,14
Baseline,1g+13,860,-0.016657452038056617,0.11580768785994824,14.333333333333334
Baseline,1g+13,880,-0.009521653812865058,0.12667170058735727,14.666666666666666
Baseline,1g+13,900,-1.254395163877616e-5,0.13168552577781625,15
Baseline,1g+13,920,0.010071232077628252,0.120631957214791,15.333333333333334
Baseline,1g+13,940,0.025122114325201957,0.1384386200535645,15.666666666666666
Baseline,1g+13,960,0.03320745060474868,0.15226069445541054,16
Baseline,1g+13,980,0.04248646532360593,0.15916965451576484,16.333333333333332
Baseline,1g+13,1000,0.04466884033934535,0.16936761038139242,16.666666666666668
Baseline,1g+13,1020,0.038683026670144366,0.1689175298799415,17
Baseline,1g+13,1040,0.04996913466218298,0.18534120130274592,17.333333333333332
Baseline,1g+13,1060,0.04851374224437931,0.18247983235280354,17.666666666666668
Baseline,1g+13,1080,0.050740817747201794,0.18077879280173034,18
Baseline,1g+13,1100,0.04480930662153103,0.18446852303887445,18.333333333333332
Baseline,1g+13,1120,0.049946805781659775,0.1897039588461349,18.666666666666668
Baseline,1g+13,1140,0.06439476619478637,0.2007883921052031,19
Baseline,1g+13,1160,0.0849811803397307,0.2212712929206312,19.333333333333332
Baseline,1g+13,1180,0.09115275769121131,0.20399558605661158,19.666666666666668
Baseline,1g+13,1200,0.10250902561760294,0.20800767733566927,20
Baseline,1g+13,1220,0.11368011413546983,0.21498632977426974,20.333333333333332
Baseline,1g+19.5,0,0,0,0
Baseline,1g+19.5,20,0.002278219939227885,0.027036475772443093,0.3333333333333333
Baseline,1g+19.5,40,-0.02405845135759263,0.05239166294661517,0.6666666666666666
Baseline,1g+19.5,60,-0.043871937260488415,0.06509060008580606,1
Baseline,1g+19.5,80,-0.0601111327915301,0.0645241500508729,1.3333333333333333
Baseline,1g+19.5,100,-0.08067306951054533,0.06250055697858446,1.6666666666666667
Baseline,1g+19.5,120,-0.09790519395757208,0.08303609946080966,2
Baseline,1g+19.5,140,-0.12161269285351707,0.09117797289618057,2.3333333333333335
Baseline,1g+19.5,160,-0.1447434658609129,0.09257711989898873,2.6666666666666665
Baseline,1g+19.5,180,-0.15621231637654281,0.09652195829803849,3
Baseline,1g+19.5,200,-0.16762445700780065,0.10090676709589091,3.3333333333333335
Baseline,1g+19.5,220,-0.178634255273005,0.10437811120954235,3.6666666666666665
Baseline,1g+19.5,240,-0.18794815106271529,0.10665839376093668,4
Baseline,1g+19.5,260,-0.19531438310152896,0.1077036245157436,4.333333333333333
Baseline,1g+19.5,280,-0.2031251635983952,0.10876023020305456,4.666666666666667
Baseline,1g+19.5,300,-0.20736873289131,0.11008616136391615,5
Baseline,1g+19.5,320,-0.2179035596477847,0.1119437272510227,5.333333333333333
Baseline,1g+19.5,340,-0.22715662455270452,0.11516796041251723,5.666666666666667
Baseline,1g+19.5,360,-0.23720812844162734,0.1187403582907479,6
Baseline,1g+19.5,380,-0.2445048083543855,0.12444175412071647,6.333333333333333
Baseline,1g+19.5,400,-0.2513069251825055,0.1305320691496882,6.666666666666667
Baseline,1g+19.5,420,-0.2551828793255727,0.13331223699368908,7
Baseline,1g+19.5,440,-0.2576497895019063,0.13686572064572264,7.333333333333333
Baseline,1g+19.5,460,-0.2558396519970438,0.15076727521791025,7.666666666666667
Baseline,1g+19.5,480,-0.2531156131843495,0.15786377027943502,8
Baseline,1g+19.5,500,-0.247861093473021,0.16547778595574517,8.333333333333334
Baseline,1g+19.5,520,-0.23441214483551015,0.18179203795730198,8.666666666666666
Baseline,1g+19.5,540,-0.21731090338164138,0.19198255641664336,9
Baseline,1g+19.5,560,-0.2061832142713375,0.18999459041305147,9.333333333333334
Baseline,1g+19.5,580,-0.18745216419292365,0.20619502038535134,9.666666666666666
Baseline,1g+19.5,600,-0.17064476892132444,0.2124260168344639,10
Baseline,1g+19.5,620,-0.1593952960492354,0.21100037915093867,10.333333333333334
Baseline,1g+19.5,640,-0.14478235859877875,0.2150493968133122,10.666666666666666
Baseline,1g+19.5,660,-0.12694215207171916,0.21429539123752195,11
Baseline,1g+19.5,680,-0.12105172793098673,0.2093094966856538,11.333333333333334
Baseline,1g+19.5,700,-0.1103948968342424,0.20312903384134132,11.666666666666666
Baseline,1g+19.5,720,-0.10262984328161706,0.20438270572886127,12
Baseline,1g+19.5,740,-0.10520798569225705,0.19144321429329206,12.333333333333334
Baseline,1g+19.5,760,-0.10257765643573333,0.18001895427066458,12.666666666666666
Baseline,1g+19.5,780,-0.09456144889757244,0.18043459770816708,13
Baseline,1g+19.5,800,-0.08609773497992633,0.17653526748826026,13.333333333333334
Baseline,1g+19.5,820,-0.08019309437011511,0.1662405440800194,13.666666666666666
Baseline,1g+19.5,840,-0.07106170409922537,0.1623878546023055,14
Baseline,1g+19.5,860,-0.05806299309084109,0.15429603075345955,14.333333333333334
Baseline,1g+19.5,880,-0.046176023862347815,0.15296991247164002,14.666666666666666
Baseline,1g+19.5,900,-0.04569300112903542,0.14444981676382457,15
Baseline,1g+19.5,920,-0.037365781237053766,0.14413660317368612,15.333333333333334
Baseline,1g+19.5,940,-0.03350304931515395,0.13801831766724346,15.666666666666666
Baseline,1g+19.5,960,-0.026953839969757275,0.13186234007699157,16
Baseline,1g+19.5,980,-0.010285050481245495,0.1302175415266626,16.333333333333332
Baseline,1g+19.5,1000,-0.013644704310760074,0.11055394113327227,16.666666666666668
Baseline,1g+19.5,1020,-0.021531989578295795,0.09010505758697125,17
Baseline,1g+19.5,1040,-0.029422213768581694,0.07062564811760949,17.333333333333332
Baseline,1g+19.5,1060,-0.024842888035552728,0.06690556352390303,17.666666666666668
Baseline,1g+19.5,1080,-0.022789043365776786,0.07162243625330265,18
Baseline,1g+19.5,1100,-0.011313782992501834,0.07398836929936715,18.333333333333332
Baseline,1g+19.5,1120,-0.008869817377479699,0.07578639582269617,18.666666666666668
Baseline,1g+19.5,1140,-0.0016229348432306005,0.07637682185343139,19
Baseline,1g+19.5,1160,0.0031990505735134426,0.07840114561738346,19.333333333333332
Baseline,1g+19.5,1180,0.01082956549227079,0.08373503785041625,19.666666666666668
Baseline,1g+19.5,1200,0.0157213047848938,0.0824561264948033,20
Baseline,1g+19.5,1220,0.0177590892152861,0.08500330765238323,20.333333333333332
Baseline,1g+6.5,0,0,0,0
Baseline,1g+6.5,20,0.01065106416242812,0.008162719061024764,0.3333333333333333
Baseline,1g+6.5,40,-0.006009737454159298,0.015589419705762875,0.6666666666666666
Baseline,1g+6.5,60,-0.003946240683781576,0.032932336756226324,1
Baseline,1g+6.5,80,0.005180070666761158,0.04318691090586526,1.3333333333333333
Baseline,1g+6.5,100,0.009293360426987867,0.06492538464969476,1.6666666666666667
Baseline,1g+6.5,120,0.0018539596305173743,0.0848901912389626,2
Baseline,1g+6.5,140,-0.025715402859325352,0.09990572061878815,2.3333333333333335
Baseline,1g+6.5,160,-0.06352031629051372,0.11069170903026845,2.6666666666666665
Baseline,1g+6.5,180,-0.09752932168718419,0.12538854114881867,3
Baseline,1g+6.5,200,-0.13048501221665748,0.13968217730835356,3.3333333333333335
Baseline,1g+6.5,220,-0.15808357603072234,0.15488533985549455,3.6666666666666665
Baseline,1g+6.5,240,-0.17745907464161118,0.1679516591321095,4
Baseline,1g+6.5,260,-0.19279937678686543,0.17773033997281068,4.333333333333333
Baseline,1g+6.5,280,-0.2079821614070327,0.18673402636485234,4.666666666666667
Baseline,1g+6.5,300,-0.2168125876527062,0.1851810034300198,5
Baseline,1g+6.5,320,-0.22752309200133097,0.18618926768683342,5.333333333333333
Baseline,1g+6.5,340,-0.23546917280350058,0.18906237823549393,5.666666666666667
Baseline,1g+6.5,360,-0.23958989619455595,0.1908179297717796,6
Baseline,1g+6.5,380,-0.24154396192468575,0.1989166430008568,6.333333333333333
Baseline,1g+6.5,400,-0.23909149306002234,0.20914640719112076,6.666666666666667
Baseline,1g+6.5,420,-0.23580042076678298,0.22236360017802578,7
Baseline,1g+6.5,440,-0.22760455148985667,0.2417762887729921,7.333333333333333
Baseline,1g+6.5,460,-0.2259149981816746,0.2533808998321147,7.666666666666667
Baseline,1g+6.5,480,-0.20909359053191526,0.28039974396697825,8
Baseline,1g+6.5,500,-0.19369070737616512,0.30996401633042475,8.333333333333334
Baseline,1g+6.5,520,-0.1718214171890562,0.3451305710178271,8.666666666666666
Baseline,1g+6.5,540,-0.152588367765633,0.36442533397081306,9
Baseline,1g+6.5,560,-0.1449697645256336,0.35697622409964674,9.333333333333334
Baseline,1g+6.5,580,-0.13227561651925351,0.36205830630669045,9.666666666666666
Baseline,1g+6.5,600,-0.12213267254608373,0.35605832812652555,10
Baseline,1g+6.5,620,-0.11232186353235354,0.34478793790491,10.333333333333334
Baseline,1g+6.5,640,-0.10261132329662924,0.3362219042380945,10.666666666666666
Baseline,1g+6.5,660,-0.09285316746482639,0.3277311782175412,11
Baseline,1g+6.5,680,-0.09460412659717225,0.30133281550189966,11.333333333333334
Baseline,1g+6.5,700,-0.09140871924386121,0.2745386500211801,11.666666666666666
Baseline,1g+6.5,720,-0.08861795974249434,0.25078108901966895,12
Baseline,1g+6.5,740,-0.08397891672325683,0.22427836995908035,12.333333333333334
Baseline,1g+6.5,760,-0.0752703053880597,0.19556688851663664,12.666666666666666
Baseline,1g+6.5,780,-0.06996382041335061,0.17110190898926347,13
Baseline,1g+6.5,800,-0.06290785131349233,0.15697279827968572,13.333333333333334
Baseline,1g+6.5,820,-0.049530443746980436,0.1546381565091092,13.666666666666666
Baseline,1g+6.5,840,-0.04272080867640889,0.15042177096155693,14
Baseline,1g+6.5,860,-0.028947698665772858,0.1547618521684647,14.333333333333334
Baseline,1g+6.5,880,-0.01618959567960772,0.15518488254615012,14.666666666666666
Baseline,1g+6.5,900,-6.302744256399262e-5,0.16513820773234053,15
Baseline,1g+6.5,920,0.04071266105415097,0.20048676298400406,15.333333333333334
Baseline,1g+6.5,940,0.04879377484700756,0.21469656566927803,15.666666666666666
Baseline,1g+6.5,960,0.047303508718081096,0.20363547268318744,16
Baseline,1g+6.5,980,0.08848552787519981,0.21419803731409146,16.333333333333332
Baseline,1g+6.5,1000,0.08084879795686811,0.20010106909982253,16.666666666666668
Baseline,1g+6.5,1020,0.0667251189290112,0.18563491103621618,17
Baseline,1g+6.5,1040,0.06712718581149942,0.18032201929918762,17.333333333333332
Baseline,1g+6.5,1060,0.07001321811212116,0.17422050334227596,17.666666666666668
Baseline,1g+6.5,1080,0.08738004548483684,0.1758351377512956,18
Baseline,1g+6.5,1100,0.10115156316334281,0.1784716038540937,18.333333333333332
Baseline,1g+6.5,1120,0.10797600503575215,0.18078620571788548,18.666666666666668
Baseline,1g+6.5,1140,0.11387021019899576,0.18796837666404959,19
Baseline,1g+6.5,1160,0.12370580272838497,0.19787568038245465,19.333333333333332
Baseline,1g+6.5,1180,0.124244808362992,0.19711071175937203,19.666666666666668
Baseline,1g+6.5,1200,0.12895126974401827,0.20127575932523784,20
Baseline,1g+6.5,1220,0.13275775429041842,0.20645419688484776,20.333333333333332
Baseline,Ctrl,0,0,0,0
Baseline,Ctrl,20,0.015984135458965085,0.02692675744182108,0.3333333333333333
Baseline,Ctrl,40,0.0023910675729882994,0.05091076339811443,0.6666666666666666
Baseline,Ctrl,60,-0.016885280974064918,0.045855153751449614,1
Baseline,Ctrl,80,-0.04200093397741595,0.03001387573566313,1.3333333333333333
Baseline,Ctrl,100,-0.0588442850918895,0.05824783406473264,1.6666666666666667
Baseline,Ctrl,120,-0.07920369777357564,0.0873895735135839,2
Baseline,Ctrl,140,-0.1182203593088919,0.0890529435999772,2.3333333333333335
Baseline,Ctrl,160,-0.15549478131525213,0.08223868021497645,2.6666666666666665
Baseline,Ctrl,180,-0.18374869583636333,0.07567436274654678,3
Baseline,Ctrl,200,-0.19838515054498884,0.07754766803135991,3.3333333333333335
Baseline,Ctrl,220,-0.21735637477061953,0.07609765349070194,3.6666666666666665
Baseline,Ctrl,240,-0.23820827367021466,0.079655106914642,4
Baseline,Ctrl,260,-0.2441310721371502,0.08624743177243058,4.333333333333333
Baseline,Ctrl,280,-0.24839197983213113,0.09289064005324667,4.666666666666667
Baseline,Ctrl,300,-0.24717695656820396,0.0962179676769898,5
Baseline,Ctrl,320,-0.2414131797267519,0.0999360899487029,5.333333333333333
Baseline,Ctrl,340,-0.22999600340755783,0.1042468833574552,5.666666666666667
Baseline,Ctrl,360,-0.22243293989559185,0.10477952802854165,6
Baseline,Ctrl,380,-0.21408286509929075,0.10768216751358568,6.333333333333333
Baseline,Ctrl,400,-0.21238992718529578,0.10583268795579653,6.666666666666667
Baseline,Ctrl,420,-0.2123770220296303,0.10926474609445318,7
Baseline,Ctrl,440,-0.19896815155677508,0.10738717749740295,7.333333333333333
Baseline,Ctrl,460,-0.1840997996117014,0.10954430640592022,7.666666666666667
Baseline,Ctrl,480,-0.16425939800251205,0.10693889027931625,8
Baseline,Ctrl,500,-0.15845100691446834,0.11215571470647742,8.333333333333334
Baseline,Ctrl,520,-0.15165030771476343,0.11554501049870801,8.666666666666666
Baseline,Ctrl,540,-0.12892625865264767,0.12282610247836978,9
Baseline,Ctrl,560,-0.10059878846907083,0.13026730026902997,9.333333333333334
Baseline,Ctrl,580,-0.07042425880634148,0.13230353134211556,9.666666666666666
Baseline,Ctrl,600,-0.029653491889787657,0.14081433536669097,10
Baseline,Ctrl,620,0.021517080043958865,0.14738192388828478,10.333333333333334
Baseline,Ctrl,640,0.05551379883858456,0.1328122065428568,10.666666666666666
Baseline,Ctrl,660,0.08411448484953656,0.12909256317007262,11
Baseline,Ctrl,680,0.12628033001556338,0.11369901874330411,11.333333333333334
Baseline,Ctrl,700,0.14748615410602847,0.10948528586436694,11.666666666666666
Baseline,Ctrl,720,0.18043194115724775,0.11824821741547292,12
Baseline,Ctrl,740,0.20760158391236477,0.12797908763188934,12.333333333333334
Baseline,Ctrl,760,0.2381525124983624,0.11107698279475581,12.666666666666666
Baseline,Ctrl,780,0.24916061063264736,0.12690131838977242,13
Baseline,Ctrl,800,0.26440940019161424,0.12026153826355933,13.333333333333334
Baseline,Ctrl,820,0.28070451867001933,0.1484296025262252,13.666666666666666
Baseline,Ctrl,840,0.27059833802688643,0.15951211823759215,14
Baseline,Ctrl,860,0.2804346019336302,0.17936162163987293,14.333333333333334
Baseline,Ctrl,880,0.2714413302484002,0.20141246166574647,14.666666666666666
Baseline,Ctrl,900,0.26377974885435607,0.20346642236038426,15
Baseline,Ctrl,920,0.27832408440092343,0.20186017569135378,15.333333333333334
Baseline,Ctrl,940,0.23245177809163722,0.19062222958851016,15.666666666666666
Baseline,Ctrl,960,0.2192022925083505,0.18060026912578578,16
Baseline,Ctrl,980,0.2476735629323789,0.1664667776698092,16.333333333333332
Baseline,Ctrl,1000,0.22600348708430826,0.16563479563906447,16.666666666666668
Baseline,Ctrl,1020,0.19880503662985813,0.16069508534242155,17
Baseline,Ctrl,1040,0.1788515348752016,0.17461829662001027,17.333333333333332
Baseline,Ctrl,1060,0.1926844959295164,0.19500428320523833,17.666666666666668
Baseline,Ctrl,1080,0.19660337769006148,0.2047750752863478,18
Baseline,Ctrl,1100,0.202056816418372,0.2115593782179408,18.333333333333332
Baseline,Ctrl,1120,0.19372578025766135,0.20787805152241395,18.666666666666668
Baseline,Ctrl,1140,0.2018490307870629,0.2129253237755274,19
Baseline,Ctrl,1160,0.22047517110841217,0.23150032347743363,19.333333333333332
Baseline,Ctrl,1180,0.22112941303629421,0.22174719533484608,19.666666666666668
Baseline,Ctrl,1200,0.23298786212370526,0.2335120649000654,20
Baseline,Ctrl,1220,0.23657055015575254,0.23381472605139303,20.333333333333332
Baseline,SMG,0,0,0,0
Baseline,SMG,20,0.05192509254058086,0.09179786445692098,0.3333333333333333
Baseline,SMG,40,0.07557319875646604,0.19948979531210329,0.6666666666666666
Baseline,SMG,60,0.053837363094482824,0.16389992767140613,1
Baseline,SMG,80,0.017249367041157197,0.09242440584091095,1.3333333333333333
Baseline,SMG,100,-0.05689432183252487,0.0438127575242886,1.6666666666666667
Baseline,SMG,120,-0.10092495914011289,0.06007461768362895,2
Baseline,SMG,140,-0.14603003388784486,0.08033220569162082,2.3333333333333335
Baseline,SMG,160,-0.17368962082692802,0.09662950787947239,2.6666666666666665
Baseline,SMG,180,-0.2095164907802235,0.10753661417120372,3
Baseline,SMG,200,-0.20438535332098862,0.09339884134536387,3.3333333333333335
Baseline,SMG,220,-0.20500735258137248,0.09162464817204628,3.6666666666666665
Baseline,SMG,240,-0.2184114783743762,0.09008287487919206,4
Baseline,SMG,260,-0.2424120445619135,0.1078036003953535,4.333333333333333
Baseline,SMG,280,-0.24080748494383006,0.11531380168685733,4.666666666666667
Baseline,SMG,300,-0.24739994098599447,0.11464100303742443,5
Baseline,SMG,320,-0.2611738130694526,0.11114935329190755,5.333333333333333
Baseline,SMG,340,-0.25819730414555075,0.11887200742913136,5.666666666666667
Baseline,SMG,360,-0.2531465241769022,0.10758761255717647,6
Baseline,SMG,380,-0.23633278603348032,0.13062557499919641,6.333333333333333
Baseline,SMG,400,-0.23257147018676366,0.13252396506762323,6.666666666666667
Baseline,SMG,420,-0.25316026357782345,0.10413546742650448,7
Baseline,SMG,440,-0.24376266252233378,0.12245755553220529,7.333333333333333
Baseline,SMG,460,-0.2154652292349241,0.16121897716382397,7.666666666666667
Baseline,SMG,480,-0.17832048165421877,0.23222356990280552,8
Baseline,SMG,500,-0.19127300056785962,0.19547754959717326,8.333333333333334
Baseline,SMG,520,-0.15693176234974743,0.2205280924854944,8.666666666666666
Baseline,SMG,540,-0.1437121041905263,0.21402816905409341,9
Baseline,SMG,560,-0.12315946861608935,0.20205510280632458,9.333333333333334
Baseline,SMG,580,-0.09486733427014381,0.19780452142181434,9.666666666666666
Baseline,SMG,600,-0.06589472880562366,0.20452367542164337,10
Baseline,SMG,620,-0.03127418033504728,0.2052274914668221,10.333333333333334
Baseline,SMG,640,0.004504710672805204,0.2421218067895046,10.666666666666666
Baseline,SMG,660,0.03755624310530617,0.23015395035061872,11
Baseline,SMG,680,0.043053379466832666,0.21456562888429975,11.333333333333334
Baseline,SMG,700,0.08716303348676722,0.21613161513289356,11.666666666666666
Baseline,SMG,720,0.10591799119629178,0.21804071786053195,12
Baseline,SMG,740,0.12313652382575721,0.2027102612508259,12.333333333333334
Baseline,SMG,760,0.14141242577151045,0.17730237961616582,12.666666666666666
Baseline,SMG,780,0.15483931342235224,0.16775390168424975,13
Baseline,SMG,800,0.1485637359329516,0.13490777894164077,13.333333333333334
Baseline,SMG,820,0.16649257299745823,0.11527684600699223,13.666666666666666
Baseline,SMG,840,0.17099433400163552,0.11473814654373372,14
Baseline,SMG,860,0.1825451771783616,0.10175442978829208,14.333333333333334
Baseline,SMG,880,0.1871690332689265,0.09545800519394926,14.666666666666666
Baseline,SMG,900,0.1837151171617539,0.09361231412862017,15
Baseline,SMG,920,0.20011770482761454,0.0797325359648085,15.333333333333334
Baseline,SMG,940,0.18847591966896665,0.08885889846381527,15.666666666666666
Baseline,SMG,960,0.18489308055055392,0.11021074398270286,16
Baseline,SMG,980,0.23020205170545038,0.0873556349622838,16.333333333333332
Baseline,SMG,1000,0.22816896462056438,0.09705979958488288,16.666666666666668
Baseline,SMG,1020,0.18330537209570955,0.11480752029603906,17
Baseline,SMG,1040,0.1486313915240267,0.13894616604669394,17.333333333333332
Baseline,SMG,1060,0.13037803023691608,0.1358171288908344,17.666666666666668
Baseline,SMG,1080,0.11195408644739743,0.1530242522724871,18
Baseline,SMG,1100,0.1076255359052685,0.1722287958328122,18.333333333333332
Baseline,SMG,1120,0.09112643189295512,0.17797318028344145,18.666666666666668
Baseline,SMG,1140,0.08259558644907602,0.19942833967589563,19
Baseline,SMG,1160,0.07405032882675758,0.21223854793151384,19.333333333333332
Baseline,SMG,1180,0.06387557757311492,0.24481086319657405,19.666666666666668
Baseline,SMG,1200,0.051428601047295186,0.2806015393935953,20
Baseline,SMG,1220,0.0415196523060124,0.3137023839580353,20.333333333333332
Baseline,SMG+13,0,0,0,0
Baseline,SMG+13,20,-0.015952982118163386,0.02677761599339638,0.3333333333333333
Baseline,SMG+13,40,-0.025181444239008977,0.03749532016154872,0.6666666666666666
Baseline,SMG+13,60,-0.027781368905020552,0.04164754718870355,1
Baseline,SMG+13,80,-0.005826722835219617,0.06310502794035625,1.3333333333333333
Baseline,SMG+13,100,-0.005554062653936376,0.08901462662021034,1.6666666666666667
Baseline,SMG+13,120,-0.012870286046170647,0.11047066588694524,2
Baseline,SMG+13,140,-0.019571580491059417,0.13483356386749018,2.3333333333333335
Baseline,SMG+13,160,-0.026777278693432167,0.15688150459977648,2.6666666666666665
Baseline,SMG+13,180,-0.023065816437604178,0.1888827480451196,3
Baseline,SMG+13,200,-0.018990514604250143,0.215557563337989,3.3333333333333335
Baseline,SMG+13,220,-0.017163727989781826,0.24297806163323968,3.6666666666666665
Baseline,SMG+13,240,-0.011633670696166895,0.26956476451235495,4
Baseline,SMG+13,260,-0.008184526486905114,0.2910169126724813,4.333333333333333
Baseline,SMG+13,280,-0.004803352757319329,0.30640679770678203,4.666666666666667
Baseline,SMG+13,300,8.591579980046227e-4,0.3221310096647615,5
Baseline,SMG+13,320,0.0037178459052561175,0.3327867518510151,5.333333333333333
Baseline,SMG+13,340,0.009080260729810146,0.3397084852075958,5.666666666666667
Baseline,SMG+13,360,0.016900648874022872,0.3503349355361587,6
Baseline,SMG+13,380,0.021396586905235587,0.3607233102806392,6.333333333333333
Baseline,SMG+13,400,0.026112998271316447,0.3682966502658775,6.666666666666667
Baseline,SMG+13,420,0.03582284179368762,0.37388131687093856,7
Baseline,SMG+13,440,0.047710786369478536,0.3839408585672816,7.333333333333333
Baseline,SMG+13,460,0.056882105294612885,0.389585665639463,7.666666666666667
Baseline,SMG+13,480,0.08071884140076066,0.40394994154122194,8
Baseline,SMG+13,500,0.09363835609266558,0.40983897410798853,8.333333333333334
Baseline,SMG+13,520,0.11466480474587812,0.42547410272880043,8.666666666666666
Baseline,SMG+13,540,0.13881670759296574,0.43868529232064096,9
Baseline,SMG+13,560,0.1569478343552134,0.4495693019716873,9.333333333333334
Baseline,SMG+13,580,0.17915907114436114,0.4709059291155358,9.666666666666666
Baseline,SMG+13,600,0.20533051773650074,0.49355252192338656,10
Baseline,SMG+13,620,0.22889804128857216,0.5100506691716074,10.333333333333334
Baseline,SMG+13,640,0.24173400960101854,0.5080855360864116,10.666666666666666
Baseline,SMG+13,660,0.2586665983009385,0.5203368903203349,11
Baseline,SMG+13,680,0.27133398109502405,0.5211285231816117,11.333333333333334
Baseline,SMG+13,700,0.2847837065986808,0.5159073691680884,11.666666666666666
Baseline,SMG+13,720,0.29889199293534446,0.5172447942093834,12
Baseline,SMG+13,740,0.3110256343430953,0.5077614818902466,12.333333333333334
Baseline,SMG+13,760,0.3183734482430469,0.49211186121196093,12.666666666666666
Baseline,SMG+13,780,0.3256013704908893,0.4830297537884389,13
Baseline,SMG+13,800,0.325112342644324,0.47337018359391503,13.333333333333334
Baseline,SMG+13,820,0.32460344426428345,0.46176265315606274,13.666666666666666
Baseline,SMG+13,840,0.3267448582978172,0.45445721508773085,14
Baseline,SMG+13,860,0.343877145341471,0.4659509926854265,14.333333333333334
Baseline,SMG+13,880,0.3545736931084391,0.46409852062778195,14.666666666666666
Baseline,SMG+13,900,0.36263275603138784,0.46140133698185226,15
Baseline,SMG+13,920,0.3896024701394266,0.47172132633638236,15.333333333333334
Baseline,SMG+13,940,0.3982539276048921,0.47414511538600607,15.666666666666666
Baseline,SMG+13,960,0.38104371012581295,0.4589067588171341,16
Baseline,SMG+13,980,0.4040339835549424,0.4707182723389457,16.333333333333332
Baseline,SMG+13,1000,0.3838286170973051,0.4600517474711778,16.666666666666668
Baseline,SMG+13,1020,0.3614169735222473,0.44303434201041,17
Baseline,SMG+13,1040,0.3558749099138826,0.4389288164684427,17.333333333333332
Baseline,SMG+13,1060,0.355394009471361,0.4421854781231057,17.666666666666668
Baseline,SMG+13,1080,0.35709836876575574,0.44953333098258047,18
Baseline,SMG+13,1100,0.3584136319266321,0.4516887136910467,18.333333333333332
Baseline,SMG+13,1120,0.3545378548538354,0.44965751726888736,18.666666666666668
Baseline,SMG+13,1140,0.3339280309582304,0.4240575197579652,19
Baseline,SMG+13,1160,0.32273715690304494,0.4078419379330965,19.333333333333332
Baseline,SMG+13,1180,0.31847789970788765,0.40219173918620504,19.666666666666668
Baseline,SMG+13,1200,0.3153911671003342,0.4095401874257575,20
Baseline,SMG+13,1220,0.296781261099243,0.39313134643434083,20.333333333333332
Baseline,SMG+19.5,0,0,0,0
Baseline,SMG+19.5,20,-0.004430135881397323,0.0165584714173039,0.3333333333333333
Baseline,SMG+19.5,40,-0.011946358585154429,0.05917772990301933,0.6666666666666666
Baseline,SMG+19.5,60,-0.029096807504364587,0.06633881050830734,1
Baseline,SMG+19.5,80,-0.01795131822839747,0.09191015129531471,1.3333333333333333
Baseline,SMG+19.5,100,-0.045516765038271664,0.05561062588984739,1.6666666666666667
Baseline,SMG+19.5,120,-0.06677660456272543,0.08545779396369368,2
Baseline,SMG+19.5,140,-0.0901331510266712,0.11108638908679722,2.3333333333333335
Baseline,SMG+19.5,160,-0.1182094889514185,0.11541696598194845,2.6666666666666665
Baseline,SMG+19.5,180,-0.13763014221466158,0.11245835812091491,3
Baseline,SMG+19.5,200,-0.15392819281966458,0.10902368398526224,3.3333333333333335
Baseline,SMG+19.5,220,-0.16781818023286293,0.10674976818432183,3.6666666666666665
Baseline,SMG+19.5,240,-0.17997575749571587,0.10652037942411927,4
Baseline,SMG+19.5,260,-0.19020786276388565,0.10665485083416089,4.333333333333333
Baseline,SMG+19.5,280,-0.19937529854413158,0.10627756252424336,4.666666666666667
Baseline,SMG+19.5,300,-0.20791579503327315,0.10696801433057945,5
Baseline,SMG+19.5,320,-0.21931283786725592,0.10477581127426776,5.333333333333333
Baseline,SMG+19.5,340,-0.22898623215264524,0.10527277962932703,5.666666666666667
Baseline,SMG+19.5,360,-0.23935362314152797,0.10592759796703223,6
Baseline,SMG+19.5,380,-0.2434843181222644,0.11091070149495186,6.333333333333333
Baseline,SMG+19.5,400,-0.25319630411549554,0.11349694738651155,6.666666666666667
Baseline,SMG+19.5,420,-0.25748561239542217,0.11945111310010091,7
Baseline,SMG+19.5,440,-0.2594000101456421,0.12497805529341377,7.333333333333333
Baseline,SMG+19.5,460,-0.2571400904997314,0.12977530722225675,7.666666666666667
Baseline,SMG+19.5,480,-0.25797337798008363,0.1373040540469319,8
Baseline,SMG+19.5,500,-0.25506043655968275,0.13845405630482094,8.333333333333334
Baseline,SMG+19.5,520,-0.2462995299167313,0.14128296608650265,8.666666666666666
Baseline,SMG+19.5,540,-0.23645481177913447,0.1386885416962505,9
Baseline,SMG+19.5,560,-0.22814098506404645,0.1299589094669902,9.333333333333334
Baseline,SMG+19.5,580,-0.2177303777301687,0.12760846489395788,9.666666666666666
Baseline,SMG+19.5,600,-0.20776222257448088,0.1211550991153638,10
Baseline,SMG+19.5,620,-0.1974956046375573,0.10914719677968265,10.333333333333334
Baseline,SMG+19.5,640,-0.17702748335563917,0.09254229182126521,10.666666666666666
Baseline,SMG+19.5,660,-0.1599938189786041,0.08296908905275123,11
Baseline,SMG+19.5,680,-0.143874245178906,0.08158452516180188,11.333333333333334
Baseline,SMG+19.5,700,-0.12680692156866658,0.08192092827618122,11.666666666666666
Baseline,SMG+19.5,720,-0.11211022050762792,0.08047293006382843,12
Baseline,SMG+19.5,740,-0.09640111178871526,0.07476302546777625,12.333333333333334
Baseline,SMG+19.5,760,-0.07516809495183337,0.07321520211323009,12.666666666666666
Baseline,SMG+19.5,780,-0.06482617622322356,0.06959302402006894,13
Baseline,SMG+19.5,800,-0.05791154444909751,0.07286601949550134,13.333333333333334
Baseline,SMG+19.5,820,-0.04721535872035719,0.07006616835560238,13.666666666666666
Baseline,SMG+19.5,840,-0.03106374532686138,0.07439448242306962,14
Baseline,SMG+19.5,860,-0.025563608255561567,0.06817648190938223,14.333333333333334
Baseline,SMG+19.5,880,-0.018012664122426646,0.07137639435810253,14.666666666666666
Baseline,SMG+19.5,900,-0.01359568593952696,0.07278868371249526,15
Baseline,SMG+19.5,920,-0.01023147886420027,0.06596156711655932,15.333333333333334
Baseline,SMG+19.5,940,0.013483498261182485,0.054451239817712924,15.666666666666666
Baseline,SMG+19.5,960,0.014774726042125813,0.06181379463759973,16
Baseline,SMG+19.5,980,0.025727873175852758,0.057740840984668196,16.333333333333332
Baseline,SMG+19.5,1000,0.029563587914965057,0.05853278066285041,16.666666666666668
Baseline,SMG+19.5,1020,0.027030182095147882,0.06520347121436319,17
Baseline,SMG+19.5,1040,0.03060156668150369,0.06861749447430289,17.333333333333332
Baseline,SMG+19.5,1060,0.035176752871435624,0.0749130298031904,17.666666666666668
Baseline,SMG+19.5,1080,0.0340715980232937,0.07983896981046455,18
Baseline,SMG+19.5,1100,0.04332344514927179,0.07796335601559935,18.333333333333332
Baseline,SMG+19.5,1120,0.05653338141537241,0.07137939601305265,18.666666666666668
Baseline,SMG+19.5,1140,0.07648189598792948,0.06836914361619859,19
Baseline,SMG+19.5,1160,0.08418646683620148,0.06869717950452742,19.333333333333332
Baseline,SMG+19.5,1180,0.09099572106629694,0.07154916697957932,19.666666666666668
Baseline,SMG+19.5,1200,0.10070092735041519,0.07961472121939504,20
Baseline,SMG+19.5,1220,0.10620173042769485,0.08404171413781063,20.333333333333332
Baseline,SMG+6.5,0,0,0,0
Baseline,SMG+6.5,20,0.021565132806493584,0.0240643981422629,0.3333333333333333
Baseline,SMG+6.5,40,0.048023545865473034,0.06461273389122528,0.6666666666666666
Baseline,SMG+6.5,60,0.05965854906984386,0.09358520430857267,1
Baseline,SMG+6.5,80,0.08679848341237142,0.11372632600927789,1.3333333333333333
Baseline,SMG+6.5,100,0.1164207932081202,0.19089546650120362,1.6666666666666667
Baseline,SMG+6.5,120,0.12740649177930066,0.26946835699185495,2
Baseline,SMG+6.5,140,0.10524946932724838,0.2937440792063315,2.3333333333333335
Baseline,SMG+6.5,160,0.07884090057338862,0.29514402033916853,2.6666666666666665
Baseline,SMG+6.5,180,0.0632204974705603,0.29372741855328127,3
Baseline,SMG+6.5,200,0.04261760759743344,0.29519778390657364,3.3333333333333335
Baseline,SMG+6.5,220,0.013056576815837911,0.2778355050445978,3.6666666666666665
Baseline,SMG+6.5,240,-0.02977441372469802,0.23549937011077954,4
Baseline,SMG+6.5,260,-0.06309187181840233,0.2153539359872269,4.333333333333333
Baseline,SMG+6.5,280,-0.09235236832848313,0.2068146097777441,4.666666666666667
Baseline,SMG+6.5,300,-0.12872865779595466,0.21131566514534628,5
Baseline,SMG+6.5,320,-0.14857357169742422,0.22492636321807893,5.333333333333333
Baseline,SMG+6.5,340,-0.1665960183029798,0.24273623474509973,5.666666666666667
Baseline,SMG+6.5,360,-0.1748467952401513,0.26113008392643533,6
Baseline,SMG+6.5,380,-0.18443530908213254,0.27551930365583743,6.333333333333333
Baseline,SMG+6.5,400,-0.18862985683427197,0.28719169746904016,6.666666666666667
Baseline,SMG+6.5,420,-0.19365427691136278,0.2889046344691436,7
Baseline,SMG+6.5,440,-0.19335558851081366,0.2951571781408023,7.333333333333333
Baseline,SMG+6.5,460,-0.18188230674308561,0.300210185675914,7.666666666666667
Baseline,SMG+6.5,480,-0.16288026968299765,0.3103622915924372,8
Baseline,SMG+6.5,500,-0.1443730831362967,0.31306259253127044,8.333333333333334
Baseline,SMG+6.5,520,-0.12066140843574732,0.3218693233157101,8.666666666666666
Baseline,SMG+6.5,540,-0.1081413649386547,0.3187854988674843,9
Baseline,SMG+6.5,560,-0.09764254898575553,0.31102131430213065,9.333333333333334
Baseline,SMG+6.5,580,-0.06238594773196836,0.30712114547517144,9.666666666666666
Baseline,SMG+6.5,600,-0.032632378624934864,0.3104830444249779,10
Baseline,SMG+6.5,620,-0.015048452648829947,0.3006643585345378,10.333333333333334
Baseline,SMG+6.5,640,0.017246645805144782,0.3084805261897614,10.666666666666666
Baseline,SMG+6.5,660,0.04554927291726022,0.31258773960413366,11
Baseline,SMG+6.5,680,0.06855001038350472,0.3027911484545618,11.333333333333334
Baseline,SMG+6.5,700,0.10192588922622649,0.3016786735386385,11.666666666666666
Baseline,SMG+6.5,720,0.12481377709876902,0.2984304728324756,12
Baseline,SMG+6.5,740,0.16414284169130913,0.29105257125543843,12.333333333333334
Baseline,SMG+6.5,760,0.17297206104785331,0.27924857659544405,12.666666666666666
Baseline,SMG+6.5,780,0.1959246560407154,0.2763488811717008,13
Baseline,SMG+6.5,800,0.22255441498835876,0.2794209131082728,13.333333333333334
Baseline,SMG+6.5,820,0.2342526531386957,0.276585860465155,13.666666666666666
Baseline,SMG+6.5,840,0.24547107971384285,0.277580689056631,14
Baseline,SMG+6.5,860,0.25967389772474925,0.28329370715854124,14.333333333333334
Baseline,SMG+6.5,880,0.2574908322743131,0.2876146283135832,14.666666666666666
Baseline,SMG+6.5,900,0.23890891799914918,0.2870196645337766,15
Baseline,SMG+6.5,920,0.2429546802005924,0.27768323329239814,15.333333333333334
Baseline,SMG+6.5,940,0.2184395515347784,0.27945049365023455,15.666666666666666
Baseline,SMG+6.5,960,0.20693659982642795,0.2829897832392438,16
Baseline,SMG+6.5,980,0.224556678979939,0.292543885220415,16.333333333333332
Baseline,SMG+6.5,1000,0.1954513888350376,0.2626196099763621,16.666666666666668
Baseline,SMG+6.5,1020,0.17079946466617513,0.24799835947091578,17
Baseline,SMG+6.5,1040,0.15857350575166146,0.24315696968452624,17.333333333333332
Baseline,SMG+6.5,1060,0.14359360484612904,0.23971651505525135,17.666666666666668
Baseline,SMG+6.5,1080,0.13997123265571626,0.2442208015743095,18
Baseline,SMG+6.5,1100,0.13996135369035526,0.2508078217551121,18.333333333333332
Baseline,SMG+6.5,1120,0.14284234395128562,0.2599745977212095,18.666666666666668
Baseline,SMG+6.5,1140,0.1562381404476181,0.27159442643447945,19
Baseline,SMG+6.5,1160,0.16996018324054818,0.28679705935750943,19.333333333333332
Baseline,SMG+6.5,1180,0.18410036223516085,0.2899793355347837,19.666666666666668
Baseline,SMG+6.5,1200,0.19759764111902772,0.2973080996892436,20
Baseline,SMG+6.5,1220,0.2094913851536612,0.3041136564690541,20.333333333333332
H2O2,1g+13,0,0,0,0
H2O2,1g+13,20,-0.07968267798411521,0.0464385565442586,0.3333333333333333
H2O2,1g+13,40,-0.12970488952475473,0.08396067534187142,0.6666666666666666
H2O2,1g+13,60,-0.15398873017721326,0.1070045880305728,1
H2O2,1g+13,80,-0.19163598956798927,0.12704902301992493,1.3333333333333333
H2O2,1g+13,100,-0.2045918061325677,0.11244096143171621,1.6666666666666667
H2O2,1g+13,120,-0.220434607000651,0.11856606346119036,2
H2O2,1g+13,140,-0.22327372250159014,0.12070056486019924,2.3333333333333335
H2O2,1g+13,160,-0.2344726016711984,0.11593403882557085,2.6666666666666665
H2O2,1g+13,180,-0.24046311851851576,0.11710690640795515,3
H2O2,1g+13,200,-0.2450828845694786,0.12032483934467224,3.3333333333333335
H2O2,1g+13,220,-0.24595188868267512,0.10845770889103393,3.6666666666666665
H2O2,1g+13,240,-0.2533902506579986,0.11301792305968521,4
H2O2,1g+13,260,-0.2646927789093753,0.11996443379680342,4.333333333333333
H2O2,1g+13,280,-0.25718648435828956,0.11245601934417597,4.666666666666667
H2O2,1g+13,300,-0.25714696349995025,0.1128028598798514,5
H2O2,1g+13,320,-0.2692447697248245,0.11469187122172608,5.333333333333333
H2O2,1g+13,340,-0.2687516170051751,0.11434605118334532,5.666666666666667
H2O2,1g+13,360,-0.26696091406217276,0.11452049539897899,6
H2O2,1g+13,380,-0.2716391402577194,0.11081837752747085,6.333333333333333
H2O2,1g+13,400,-0.2720602756828495,0.11376307799694194,6.666666666666667
H2O2,1g+13,420,-0.2721112511922138,0.11324015270707932,7
H2O2,1g+13,440,-0.2816979924833976,0.11132893124365031,7.333333333333333
H2O2,1g+13,460,-0.2798519989192534,0.11456781370894334,7.666666666666667
H2O2,1g+13,480,-0.28282940352570446,0.1162545348592418,8
H2O2,1g+13,500,-0.28103071130049667,0.11317776541097742,8.333333333333334
H2O2,1g+13,520,-0.2794239141007678,0.11006329062907987,8.666666666666666
H2O2,1g+13,540,-0.2850199876485683,0.11662894521524247,9
H2O2,1g+13,560,-0.28714104959124526,0.11470902159350996,9.333333333333334
H2O2,1g+13,580,-0.2834641392746852,0.12193968868234148,9.666666666666666
H2O2,1g+13,600,-0.28502323440678556,0.12344833690114233,10
H2O2,1g+13,620,-0.28136709808772314,0.11945342686715905,10.333333333333334
H2O2,1g+13,640,-0.28366752812449914,0.1215676494769172,10.666666666666666
H2O2,1g+13,660,-0.2868057418257943,0.12156382311031029,11
H2O2,1g+13,680,-0.28531157477817015,0.12139512090521398,11.333333333333334
H2O2,1g+13,700,-0.28595947494068513,0.12245023030275443,11.666666666666666
H2O2,1g+13,720,-0.284351725618686,0.119254460211756,12
H2O2,1g+13,740,-0.28855163528187106,0.12087031167938148,12.333333333333334
H2O2,1g+13,760,-0.2852930788458966,0.12313693903945688,12.666666666666666
H2O2,1g+13,780,-0.290859689886659,0.12459142978833658,13
H2O2,1g+13,800,-0.2882763606615485,0.12110154567744463,13.333333333333334
H2O2,1g+13,820,-0.29130375147292903,0.12355328065410706,13.666666666666666
H2O2,1g+13,840,-0.29207279648231593,0.12360725607717017,14
H2O2,1g+13,860,-0.2909125615924552,0.1232266904402653,14.333333333333334
H2O2,1g+13,880,-0.29136866203384226,0.12489621642628558,14.666666666666666
H2O2,1g+13,900,-0.2902084544968462,0.12371500670817974,15
H2O2,1g+13,920,-0.29164165725747515,0.12296903063184235,15.333333333333334
H2O2,1g+13,940,-0.2914877866552202,0.12532540730389913,15.666666666666666
H2O2,1g+13,960,-0.28621136659847213,0.12545257596671505,16
H2O2,1g+13,980,-0.29122502296870056,0.12253031471651017,16.333333333333332
H2O2,1g+13,1000,-0.2914228487414428,0.12478779605225608,16.666666666666668
H2O2,1g+13,1020,-0.29232135000432913,0.12442224532152346,17
H2O2,1g+13,1040,-0.29075655543531315,0.12311773630964032,17.333333333333332
H2O2,1g+13,1060,-0.28993373239161413,0.12386692516232473,17.666666666666668
H2O2,1g+13,1080,-0.2872521206102151,0.12306735828904619,18
H2O2,1g+13,1100,-0.2885325496523417,0.12429640343927942,18.333333333333332
H2O2,1g+13,1120,-0.2905070970124482,0.1233373050997386,18.666666666666668
H2O2,1g+13,1140,-0.28952321711381107,0.12473120764957664,19
H2O2,1g+13,1160,-0.2900259061303207,0.12387642522491009,19.333333333333332
H2O2,1g+13,1180,-0.28929724969795967,0.12404042836745936,19.666666666666668
H2O2,1g+13,1200,-0.289844855326192,0.12516538133735636,20
H2O2,1g+13,1220,-0.28863130037595297,0.12386004431429329,20.333333333333332
H2O2,1g+19.5,0,0,0,0
H2O2,1g+19.5,20,-0.03119192229719829,0.01348104101838098,0.3333333333333333
H2O2,1g+19.5,40,-0.06869678268757232,0.02325666564236665,0.6666666666666666
H2O2,1g+19.5,60,-0.08029208967420871,0.054274034676992856,1
H2O2,1g+19.5,80,-0.1158227424297905,0.060135770471193964,1.3333333333333333
H2O2,1g+19.5,100,-0.12062012643340117,0.059112679788445234,1.6666666666666667
H2O2,1g+19.5,120,-0.13480541105488603,0.05886669782233119,2
H2O2,1g+19.5,140,-0.13872700459131615,0.05754451070328555,2.3333333333333335
H2O2,1g+19.5,160,-0.13384240077540918,0.06313148827802871,2.6666666666666665
H2O2,1g+19.5,180,-0.14307734342749537,0.0620789666607857,3
H2O2,1g+19.5,200,-0.1511035484988827,0.06739410567772353,3.3333333333333335
H2O2,1g+19.5,220,-0.14772406700898913,0.07081917888910483,3.6666666666666665
H2O2,1g+19.5,240,-0.15337737410742783,0.07060643042514572,4
H2O2,1g+19.5,260,-0.1471289625412479,0.07829407133767217,4.333333333333333
H2O2,1g+19.5,280,-0.14835027750878,0.08225537189319845,4.666666666666667
H2O2,1g+19.5,300,-0.13487276769776144,0.0767624720958523,5
H2O2,1g+19.5,320,-0.14699144943889592,0.0811576564566688,5.333333333333333
H2O2,1g+19.5,340,-0.1431490898891964,0.08197612697740944,5.666666666666667
H2O2,1g+19.5,360,-0.14032303027637022,0.07842613257536925,6
H2O2,1g+19.5,380,-0.13765713249778017,0.08497655802953001,6.333333333333333
H2O2,1g+19.5,400,-0.12765739315878577,0.0875295384515341,6.666666666666667
H2O2,1g+19.5,420,-0.1357730427881068,0.08526390769983454,7
H2O2,1g+19.5,440,-0.1261380404171966,0.08516793316064969,7.333333333333333
H2O2,1g+19.5,460,-0.1152525126440894,0.08649551048727702,7.666666666666667
H2O2,1g+19.5,480,-0.12336995234838305,0.08249934398285928,8
H2O2,1g+19.5,500,-0.1109429038087783,0.0781189578967272,8.333333333333334
H2O2,1g+19.5,520,-0.11258386158425807,0.088198414324764135,8.666666666666666
H2O2,1g+19.5,540,-0.11106341943370922,0.09303087192962375,9
H2O2,1g+19.5,560,-0.11148400723355271,0.08522238526699717,9.333333333333334
H2O2,1g+19.5,580,-0.11230107427888235,0.08238648345903188,9.666666666666666
H2O2,1g+19.5,600,-0.10687567799361156,0.0829950333598227,10
H2O2,1g+19.5,620,-0.11419900326773424,0.08792458567979831,10.333333333333334
H2O2,1g+19.5,640,-0.11207603145755334,0.08254064617010079,10.666666666666666
H2O2,1g+19.5,660,-0.11210889351007841,0.09106795883618578,11
H2O2,1g+19.5,680,-0.11434380221120227,0.09364233251671696,11.333333333333334
H2O2,1g+19.5,700,-0.11098898835086825,0.08365282563709692,11.666666666666666
H2O2,1g+19.5,720,-0.12011330145997311,0.09117075626959549,12
H2O2,1g+19.5,740,-0.11622025734564875,0.08269252124723676,12.333333333333334
H2O2,1g+19.5,760,-0.12701872996358124,0.09332120579712418,12.666666666666666
H2O2,1g+19.5,780,-0.13158174262377934,0.08425557847327314,13
H2O2,1g+19.5,800,-0.13937713840486932,0.08385439466906952,13.333333333333334
H2O2,1g+19.5,820,-0.14011783422205368,0.08799345162329661,13.666666666666666
H2O2,1g+19.5,840,-0.14427829658876878,0.08720371018833267,14
H2O2,1g+19.5,860,-0.15039885091266153,0.0941570074604634,14.333333333333334
H2O2,1g+19.5,880,-0.15260017209217028,0.08270796126960477,14.666666666666666
H2O2,1g+19.5,900,-0.15917048357113814,0.07125953252927968,15
H2O2,1g+19.5,920,-0.17052908732238503,0.08287344375917674,15.333333333333334
H2O2,1g+19.5,940,-0.17917496869060184,0.08242814701842002,15.666666666666666
H2O2,1g+19.5,960,-0.1800532787206475,0.0857486117757504,16
H2O2,1g+19.5,980,-0.1901122817847406,0.08286471809274695,16.333333333333332
H2O2,1g+19.5,1000,-0.18716805755854646,0.08820055499851064,16.666666666666668
H2O2,1g+19.5,1020,-0.1957085887080046,0.08381245822579342,17
H2O2,1g+19.5,1040,-0.1962584752381251,0.08944225098753747,17.333333333333332
H2O2,1g+19.5,1060,-0.1989398930499496,0.09119392247213357,17.666666666666668
H2O2,1g+19.5,1080,-0.20769664830889592,0.08776346863904556,18
H2O2,1g+19.5,1100,-0.21643165914878257,0.0839015268185976,18.333333333333332
H2O2,1g+19.5,1120,-0.21995325376356312,0.08396862035105196,18.666666666666668
H2O2,1g+19.5,1140,-0.22195166781537098,0.08462456066222075,19
H2O2,1g+19.5,1160,-0.22640232573434432,0.08407196951603546,19.333333333333332
H2O2,1g+19.5,1180,-0.22832814189235462,0.08501147998458104,19.666666666666668
H2O2,1g+19.5,1200,-0.2311400027251341,0.08648352261758396,20
H2O2,1g+19.5,1220,-0.2331783172753347,0.08726495721418007,20.333333333333332
H2O2,1g+6.5,0,0,0,0
H2O2,1g+6.5,20,-0.005300252428351313,0.1508078484010762,0.3333333333333333
H2O2,1g+6.5,40,-0.09749215566568283,0.21345103428359138,0.6666666666666666
H2O2,1g+6.5,60,-0.13042255389888285,0.3136011644233564,1
H2O2,1g+6.5,80,-0.13057740778539598,0.3353411809845301,1.3333333333333333
H2O2,1g+6.5,100,-0.14616488515671053,0.32696043008279413,1.6666666666666667
H2O2,1g+6.5,120,-0.1330287422901254,0.32809804755424365,2
H2O2,1g+6.5,140,-0.1019531413268842,0.35324171456228587,2.3333333333333335
H2O2,1g+6.5,160,-0.11994450839890797,0.3612009600706186,2.6666666666666665
H2O2,1g+6.5,180,-0.156888337514216,0.33983910806354845,3
H2O2,1g+6.5,200,-0.14984157055383854,0.3571845990632427,3.3333333333333335
H2O2,1g+6.5,220,-0.15784477368451483,0.3703147702392427,3.6666666666666665
H2O2,1g+6.5,240,-0.1675419896336904,0.31106076080755934,4
H2O2,1g+6.5,260,-0.19709160359394515,0.2865713581240935,4.333333333333333
H2O2,1g+6.5,280,-0.2409786445345196,0.1937511540981376,4.666666666666667
H2O2,1g+6.5,300,-0.22929328329146567,0.21877461563470615,5
H2O2,1g+6.5,320,-0.2508095483591697,0.22089596703755204,5.333333333333333
H2O2,1g+6.5,340,-0.3056851420218427,0.11643710305982768,5.666666666666667
H2O2,1g+6.5,360,-0.3234137051520673,0.11263702726555415,6
H2O2,1g+6.5,380,-0.25051054655372706,0.19945642162564545,6.333333333333333
H2O2,1g+6.5,400,-0.31235666360140524,0.1145803565650911,6.666666666666667
H2O2,1g+6.5,420,-0.352528158909018,0.060732663611671525,7
H2O2,1g+6.5,440,-0.2807771569435094,0.1585024763251625,7.333333333333333
H2O2,1g+6.5,460,-0.3322434270885227,0.09354167043363532,7.666666666666667
H2O2,1g+6.5,480,-0.2959359840165001,0.16018750424126862,8
H2O2,1g+6.5,500,-0.3524016147825993,0.05602448818911002,8.333333333333334
H2O2,1g+6.5,520,-0.3496027796360307,0.05187786260921906,8.666666666666666
H2O2,1g+6.5,540,-0.34779610629719393,0.06195261992459751,9
H2O2,1g+6.5,560,-0.3343156871064378,0.08652802605938367,9.333333333333334
H2O2,1g+6.5,580,-0.3020330895738376,0.1470851717535999,9.666666666666666
H2O2,1g+6.5,600,-0.35995022685407235,0.052645540066051294,10
H2O2,1g+6.5,620,-0.34165813550113566,0.09942322005233678,10.333333333333334
H2O2,1g+6.5,640,-0.3286852534576749,0.11844094032016766,10.666666666666666
H2O2,1g+6.5,660,-0.3602459750734406,0.06365796493782111,11
H2O2,1g+6.5,680,-0.33522833720470957,0.09825594133261045,11.333333333333334
H2O2,1g+6.5,700,-0.35248812534124147,0.07651892654097248,11.666666666666666
H2O2,1g+6.5,720,-0.34068876627112804,0.09821231602604874,12
H2O2,1g+6.5,740,-0.3625097849208082,0.060104407561529315,12.333333333333334
H2O2,1g+6.5,760,-0.3610040560760638,0.06979261615458099,12.666666666666666
H2O2,1g+6.5,780,-0.3294052168053333,0.11441195715564575,13
H2O2,1g+6.5,800,-0.3513990256147536,0.07095761007924782,13.333333333333334
H2O2,1g+6.5,820,-0.37064751770799725,0.04569920121074153,13.666666666666666
H2O2,1g+6.5,840,-0.3197767433650653,0.1309636832988423,14
H2O2,1g+6.5,860,-0.37068760070931184,0.04654462927872527,14.333333333333334
H2O2,1g+6.5,880,-0.3698706513154767,0.04882839000265858,14.666666666666666
H2O2,1g+6.5,900,-0.3682167041235909,0.0530817821575296,15
H2O2,1g+6.5,920,-0.37222972400581544,0.05133639219557434,15.333333333333334
H2O2,1g+6.5,940,-0.3735468383964957,0.042725948875528726,15.666666666666666
H2O2,1g+6.5,960,-0.37228460476757896,0.04504906697708326,16
H2O2,1g+6.5,980,-0.3707655510864822,0.04545538663658097,16.333333333333332
H2O2,1g+6.5,1000,-0.3427521623601694,0.09498984315131165,16.666666666666668
H2O2,1g+6.5,1020,-0.34435153703169297,0.0871556863079788,17
H2O2,1g+6.5,1040,-0.3705730033094565,0.04238478025608519,17.333333333333332
H2O2,1g+6.5,1060,-0.36360359985088186,0.05748186546789029,17.666666666666668
H2O2,1g+6.5,1080,-0.37010555699669745,0.047250619912362034,18
H2O2,1g+6.5,1100,-0.3639686574773537,0.055237376565467566,18.333333333333332
H2O2,1g+6.5,1120,-0.37607940135808493,0.040115318483609566,18.666666666666668
H2O2,1g+6.5,1140,-0.3723501299281794,0.045027049413021956,19
H2O2,1g+6.5,1160,-0.34080303364167186,0.09807950021719579,19.333333333333332
H2O2,1g+6.5,1180,-0.3729102358280409,0.041195649799376045,19.666666666666668
H2O2,1g+6.5,1200,-0.3741165731111259,0.042523226527757106,20
H2O2,1g+6.5,1220,-0.3646974177011127,0.0577089520504364,20.333333333333332
H2O2,Ctrl,0,0,0,0
H2O2,Ctrl,20,-0.11830293228670564,0.0785772116914385,0.3333333333333333
H2O2,Ctrl,40,-0.262919049064975,0.10626973723392925,0.6666666666666666
H2O2,Ctrl,60,-0.2970004047891384,0.10607806265712506,1
H2O2,Ctrl,80,-0.32755523107078266,0.1105118357524324,1.3333333333333333
H2O2,Ctrl,100,-0.3380771674158111,0.0972603239233436,1.6666666666666667
H2O2,Ctrl,120,-0.3323267190197965,0.12007634736912959,2
H2O2,Ctrl,140,-0.3495697879435721,0.11237439546576844,2.3333333333333335
H2O2,Ctrl,160,-0.35503513898169375,0.10092749889678315,2.6666666666666665
H2O2,Ctrl,180,-0.34399579572721634,0.11860598497999536,3
H2O2,Ctrl,200,-0.3817120998417883,0.11471497761424629,3.3333333333333335
H2O2,Ctrl,220,-0.36456785353697435,0.11652802391233093,3.6666666666666665
H2O2,Ctrl,240,-0.3745561124751986,0.12435219596665474,4
H2O2,Ctrl,260,-0.40149786304311863,0.11648966602741366,4.333333333333333
H2O2,Ctrl,280,-0.37893512943218083,0.1250186847101395,4.666666666666667
H2O2,Ctrl,300,-0.383939861724963,0.12417511431780985,5
H2O2,Ctrl,320,-0.3885881845512818,0.11842386104715438,5.333333333333333
H2O2,Ctrl,340,-0.40219068303721456,0.11674307214347532,5.666666666666667
H2O2,Ctrl,360,-0.4019575390573964,0.12406288733620212,6
H2O2,Ctrl,380,-0.41581356838227146,0.12291175434565911,6.333333333333333
H2O2,Ctrl,400,-0.40188058141569866,0.1154684322227083,6.666666666666667
H2O2,Ctrl,420,-0.4144077125294983,0.11588138973297837,7
H2O2,Ctrl,440,-0.3958830155787007,0.11638216474805568,7.333333333333333
H2O2,Ctrl,460,-0.41280506835082215,0.11260735764706369,7.666666666666667
H2O2,Ctrl,480,-0.4183370831811002,0.11194503485209152,8
H2O2,Ctrl,500,-0.42793274145349347,0.11626640143491658,8.333333333333334
H2O2,Ctrl,520,-0.41325517555389174,0.10844304079814876,8.666666666666666
H2O2,Ctrl,540,-0.43219868636139436,0.10537318065267468,9
H2O2,Ctrl,560,-0.4229898152549458,0.11946483713552856,9.333333333333334
H2O2,Ctrl,580,-0.41806360671272563,0.10433544699445484,9.666666666666666
H2O2,Ctrl,600,-0.4288223080452465,0.10597681787248084,10
H2O2,Ctrl,620,-0.43049190441347185,0.11698177589892284,10.333333333333334
H2O2,Ctrl,640,-0.43894036870573877,0.10763764158698834,10.666666666666666
H2O2,Ctrl,660,-0.4188282664268151,0.1139078993727608,11
H2O2,Ctrl,680,-0.4296394188122667,0.10621757342991849,11.333333333333334
H2O2,Ctrl,700,-0.4294432802224632,0.09983802276112569,11.666666666666666
H2O2,Ctrl,720,-0.4362623139620252,0.10520339402917395,12
H2O2,Ctrl,740,-0.43863002116389177,0.1123111890073898,12.333333333333334
H2O2,Ctrl,760,-0.4422545406240966,0.10481606397189662,12.666666666666666
H2O2,Ctrl,780,-0.42913195145338545,0.1179039090741697,13
H2O2,Ctrl,800,-0.4552319722878199,0.09479643188098069,13.333333333333334
H2O2,Ctrl,820,-0.44554259511102795,0.10823146306377944,13.666666666666666
H2O2,Ctrl,840,-0.4536395876337225,0.09476464273137501,14
H2O2,Ctrl,860,-0.4485983437089194,0.10108743332496155,14.333333333333334
H2O2,Ctrl,880,-0.44860355698950244,0.10192448657592752,14.666666666666666
H2O2,Ctrl,900,-0.4457390217287105,0.1113186280135522,15
H2O2,Ctrl,920,-0.4432163634432116,0.09910405468062772,15.333333333333334
H2O2,Ctrl,940,-0.44912559348527664,0.102310690023084,15.666666666666666
H2O2,Ctrl,960,-0.456720782800244,0.09931286295046465,16
H2O2,Ctrl,980,-0.4465559456597024,0.10461904310629812,16.333333333333332
H2O2,Ctrl,1000,-0.44932724143239977,0.10155463065997963,16.666666666666668
H2O2,Ctrl,1020,-0.45217629087519556,0.09704176499127483,17
H2O2,Ctrl,1040,-0.45228978413842064,0.10308811181364137,17.333333333333332
H2O2,Ctrl,1060,-0.4498390354776272,0.10590525769971558,17.666666666666668
H2O2,Ctrl,1080,-0.45362898728857437,0.09671994281405297,18
H2O2,Ctrl,1100,-0.45536672176229276,0.08879964588510476,18.333333333333332
H2O2,Ctrl,1120,-0.4622323601563527,0.0921797207471701,18.666666666666668
H2O2,Ctrl,1140,-0.4603710023976961,0.09575363007504531,19
H2O2,Ctrl,1160,-0.4643368260104826,0.08969302865210714,19.333333333333332
H2O2,Ctrl,1180,-0.4610639045934981,0.09462127077273953,19.666666666666668
H2O2,Ctrl,1200,-0.4609243506693224,0.09214666509944956,20
H2O2,Ctrl,1220,-0.4637317585826343,0.09194334319373293,20.333333333333332
H2O2,SMG,0,0,0,0
H2O2,SMG,20,-0.03013824555954047,0.06553032733059479,0.3333333333333333
H2O2,SMG,40,-0.24105030862084234,0.15559473906839838,0.6666666666666666
H2O2,SMG,60,-0.28256450663283794,0.12438710347280402,1
H2O2,SMG,80,-0.32734590568547073,0.09422423025545247,1.3333333333333333
H2O2,SMG,100,-0.33008973918507634,0.08901737971475134,1.6666666666666667
H2O2,SMG,120,-0.34898088703066155,0.10511048267724045,2
H2O2,SMG,140,-0.35342538512757343,0.06282878133585779,2.3333333333333335
H2O2,SMG,160,-0.3573449182226041,0.10589090737609709,2.6666666666666665
H2O2,SMG,180,-0.3818746655163382,0.06338678552738942,3
H2O2,SMG,200,-0.40330643856502474,0.05492797572741096,3.3333333333333335
H2O2,SMG,220,-0.39743705160837,0.06196837097457591,3.6666666666666665
H2O2,SMG,240,-0.4015459581106883,0.07629514214407127,4
H2O2,SMG,260,-0.419530794241132,0.047355381809292905,4.333333333333333
H2O2,SMG,280,-0.41774734539928154,0.048751406363600785,4.666666666666667
H2O2,SMG,300,-0.43249872784039745,0.03889200702602553,5
H2O2,SMG,320,-0.4283631149803199,0.03846052195234473,5.333333333333333
H2O2,SMG,340,-0.42982893304978537,0.05563932054817181,5.666666666666667
H2O2,SMG,360,-0.43436076504458965,0.045075662855275055,6
H2O2,SMG,380,-0.43859662724497556,0.03475601320172357,6.333333333333333
H2O2,SMG,400,-0.43093230752153755,0.05137846733183949,6.666666666666667
H2O2,SMG,420,-0.4437913481612494,0.03448998542213892,7
H2O2,SMG,440,-0.41963845808475836,0.06853590843931719,7.333333333333333
H2O2,SMG,460,-0.44027339084340644,0.04197935665081916,7.666666666666667
H2O2,SMG,480,-0.44468020028084265,0.03707404391426216,8
H2O2,SMG,500,-0.4430796365662894,0.04057630950784247,8.333333333333334
H2O2,SMG,520,-0.4431364505543484,0.04167098406102397,8.666666666666666
H2O2,SMG,540,-0.43769282769927187,0.05134569316058628,9
H2O2,SMG,560,-0.4405464111785117,0.037745427214960665,9.333333333333334
H2O2,SMG,580,-0.43838771522082987,0.049902234269573076,9.666666666666666
H2O2,SMG,600,-0.44642287171307055,0.03548563131440875,10
H2O2,SMG,620,-0.43788467605565606,0.05782700536996432,10.333333333333334
H2O2,SMG,640,-0.4515141829898322,0.03714245843714523,10.666666666666666
H2O2,SMG,660,-0.43923464403124957,0.04831882625197831,11
H2O2,SMG,680,-0.4449315953790088,0.03712050719332051,11.333333333333334
H2O2,SMG,700,-0.43899544559744075,0.05259402148165732,11.666666666666666
H2O2,SMG,720,-0.4470354736939697,0.03289634907949209,12
H2O2,SMG,740,-0.43845415660491555,0.05509158917517968,12.333333333333334
H2O2,SMG,760,-0.44291096771439475,0.04209729255871512,12.666666666666666
H2O2,SMG,780,-0.4491944316541893,0.03963857391154822,13
H2O2,SMG,800,-0.4509506029907165,0.03792231022424129,13.333333333333334
H2O2,SMG,820,-0.44995366479353965,0.039690661437135746,13.666666666666666
H2O2,SMG,840,-0.4511297827091184,0.037472237365742546,14
H2O2,SMG,860,-0.4482476971536748,0.0433854337628156,14.333333333333334
H2O2,SMG,880,-0.452571897298536,0.037329092111940264,14.666666666666666
H2O2,SMG,900,-0.4367075175602353,0.05335533547073698,15
H2O2,SMG,920,-0.44566154832167615,0.04532844480162504,15.333333333333334
H2O2,SMG,940,-0.4493276842051345,0.04020982046401095,15.666666666666666
H2O2,SMG,960,-0.4509780220878991,0.03882147973754415,16
H2O2,SMG,980,-0.4467764227226945,0.04382278798114259,16.333333333333332
H2O2,SMG,1000,-0.4516638038731566,0.038539533322376016,16.666666666666668
H2O2,SMG,1020,-0.45159224534538606,0.03734440585024432,17
H2O2,SMG,1040,-0.452291483950669,0.03813026043040491,17.333333333333332
H2O2,SMG,1060,-0.4497466394224097,0.0419174046056477,17.666666666666668
H2O2,SMG,1080,-0.44285786005086336,0.051268604715321874,18
H2O2,SMG,1100,-0.4519822228811535,0.03869879565734345,18.333333333333332
H2O2,SMG,1120,-0.44735771143287767,0.04703618204865985,18.666666666666668
H2O2,SMG,1140,-0.45297019647706555,0.03539891367851545,19
H2O2,SMG,1160,-0.4530585868519912,0.03750325210285016,19.333333333333332
H2O2,SMG,1180,-0.45264210289827966,0.038207021059222884,19.666666666666668
H2O2,SMG,1200,-0.4521276853308891,0.03772964362641625,20
H2O2,SMG,1220,-0.4535101168190716,0.037771671512173234,20.333333333333332
H2O2,SMG+13,0,0,0,0
H2O2,SMG+13,20,-0.2474827682640589,0.18812581390712607,0.3333333333333333
H2O2,SMG+13,40,-0.2899896736099295,0.15677052383804993,0.6666666666666666
H2O2,SMG+13,60,-0.31262010138488755,0.15908686405526817,1
H2O2,SMG+13,80,-0.333983574695677,0.16401312686682648,1.3333333333333333
H2O2,SMG+13,100,-0.34181734584560153,0.1646770017074795,1.6666666666666667
H2O2,SMG+13,120,-0.3403013328630665,0.142324354994772,2
H2O2,SMG+13,140,-0.35369413300615127,0.13386485710941612,2.3333333333333335
H2O2,SMG+13,160,-0.351192890278343,0.13465495311676856,2.6666666666666665
H2O2,SMG+13,180,-0.36531212747252584,0.13194462821636288,3
H2O2,SMG+13,200,-0.35555591238168566,0.09368416960600838,3.3333333333333335
H2O2,SMG+13,220,-0.3576827818517717,0.11378054740906941,3.6666666666666665
H2O2,SMG+13,240,-0.3528696070095025,0.09508009147963457,4
H2O2,SMG+13,260,-0.38378326364889515,0.13669040699002855,4.333333333333333
H2O2,SMG+13,280,-0.3726617065697107,0.11932104616469408,4.666666666666667
H2O2,SMG+13,300,-0.3811497694551865,0.12022559285166258,5
H2O2,SMG+13,320,-0.38457370991174883,0.12908088742775187,5.333333333333333
H2O2,SMG+13,340,-0.3710733414333566,0.10047333843619558,5.666666666666667
H2O2,SMG+13,360,-0.3826014758985727,0.10432214704347012,6
H2O2,SMG+13,380,-0.3760480706148877,0.09017069458215188,6.333333333333333
H2O2,SMG+13,400,-0.39044190573981863,0.11249413036429629,6.666666666666667
H2O2,SMG+13,420,-0.3919356911223879,0.12782093761542385,7
H2O2,SMG+13,440,-0.38268063557345766,0.11586297914226983,7.333333333333333
H2O2,SMG+13,460,-0.3837875565172632,0.11061275412382662,7.666666666666667
H2O2,SMG+13,480,-0.38331029013772516,0.1080074875388842,8
H2O2,SMG+13,500,-0.376511650532216,0.10452770233994985,8.333333333333334
H2O2,SMG+13,520,-0.3702208055337137,0.09596854176292127,8.666666666666666
H2O2,SMG+13,540,-0.38553643252922776,0.10772827716267769,9
H2O2,SMG+13,560,-0.38347993034062056,0.10382881362128864,9.333333333333334
H2O2,SMG+13,580,-0.37867923074272564,0.09165478828913877,9.666666666666666
H2O2,SMG+13,600,-0.3791548135662038,0.09704412342020448,10
H2O2,SMG+13,620,-0.372183006538104,0.08995203526590215,10.333333333333334
H2O2,SMG+13,640,-0.38172991369222736,0.09716925917048037,10.666666666666666
H2O2,SMG+13,660,-0.3752355712993002,0.08725225637861121,11
H2O2,SMG+13,680,-0.37199811782120906,0.09022293989057503,11.333333333333334
H2O2,SMG+13,700,-0.3801268620673757,0.08706032707893943,11.666666666666666
H2O2,SMG+13,720,-0.379512831771402,0.08859627812890045,12
H2O2,SMG+13,740,-0.3786906250036561,0.08699099367439427,12.333333333333334
H2O2,SMG+13,760,-0.3773643411785694,0.09207504372317073,12.666666666666666
H2O2,SMG+13,780,-0.3794687462635427,0.09373512596032686,13
H2O2,SMG+13,800,-0.37914715469599825,0.09587396054374801,13.333333333333334
H2O2,SMG+13,820,-0.37891134221262474,0.08623625498896943,13.666666666666666
H2O2,SMG+13,840,-0.37676402331338327,0.08365218881288346,14
H2O2,SMG+13,860,-0.3819206460741731,0.08255639932355067,14.333333333333334
H2O2,SMG+13,880,-0.3863242079226943,0.08713157220101567,14.666666666666666
H2O2,SMG+13,900,-0.3849318882535245,0.0856193696062478,15
H2O2,SMG+13,920,-0.38858684690041706,0.08395901431558334,15.333333333333334
H2O2,SMG+13,940,-0.38578170028033215,0.07302971374848229,15.666666666666666
H2O2,SMG+13,960,-0.38339535148618553,0.08259566242393021,16
H2O2,SMG+13,980,-0.3899952705373823,0.08061316232636946,16.333333333333332
H2O2,SMG+13,1000,-0.38937369919512044,0.0736630192932144,16.666666666666668
H2O2,SMG+13,1020,-0.3882998632033394,0.06311730709572552,17
H2O2,SMG+13,1040,-0.3883459200884795,0.06382286909569666,17.333333333333332
H2O2,SMG+13,1060,-0.3923290968312709,0.07040429445495196,17.666666666666668
H2O2,SMG+13,1080,-0.393459492254471,0.06593699057353068,18
H2O2,SMG+13,1100,-0.3930572393452033,0.06301926084116823,18.333333333333332
H2O2,SMG+13,1120,-0.3956623874348734,0.06489146651076026,18.666666666666668
H2O2,SMG+13,1140,-0.39925814336820314,0.06749495528761314,19
H2O2,SMG+13,1160,-0.3940701420083524,0.05325317459286203,19.333333333333332
H2O2,SMG+13,1180,-0.3987411162331867,0.0656353777819873,19.666666666666668
H2O2,SMG+13,1200,-0.3989896167522523,0.05574721181496309,20
H2O2,SMG+13,1220,-0.3983975781676068,0.055070183952499185,20.333333333333332
H2O2,SMG+19.5,0,0,0,0
H2O2,SMG+19.5,20,-0.07428710858883407,0.06470046515890475,0.3333333333333333
H2O2,SMG+19.5,40,-0.05219031193139879,0.026274765051145746,0.6666666666666666
H2O2,SMG+19.5,60,-0.08986311015123956,0.054628641714282326,1
H2O2,SMG+19.5,80,-0.12353624621423437,0.05940169373350877,1.3333333333333333
H2O2,SMG+19.5,100,-0.12893003446434498,0.06134387546500343,1.6666666666666667
H2O2,SMG+19.5,120,-0.14739876305140592,0.07029565211306686,2
H2O2,SMG+19.5,140,-0.1607032309206323,0.07935397661356645,2.3333333333333335
H2O2,SMG+19.5,160,-0.1672678638365655,0.07333953116664213,2.6666666666666665
H2O2,SMG+19.5,180,-0.17556500839406564,0.08341858273843379,3
H2O2,SMG+19.5,200,-0.1772975040844105,0.07600019032882428,3.3333333333333335
H2O2,SMG+19.5,220,-0.16914295579116434,0.06607931052732019,3.6666666666666665
H2O2,SMG+19.5,240,-0.17490996105438322,0.07226634044310001,4
H2O2,SMG+19.5,260,-0.18101076378867292,0.08543337008380704,4.333333333333333
H2O2,SMG+19.5,280,-0.188711669801648,0.0844499439767473,4.666666666666667
H2O2,SMG+19.5,300,-0.18452409456911997,0.08675528365054574,5
H2O2,SMG+19.5,320,-0.18339261151834302,0.08035098494520665,5.333333333333333
H2O2,SMG+19.5,340,-0.18897033290968684,0.08971311044769308,5.666666666666667
H2O2,SMG+19.5,360,-0.18674669678463088,0.08936831084608365,6
H2O2,SMG+19.5,380,-0.18907913902644294,0.0943526841694059,6.333333333333333
H2O2,SMG+19.5,400,-0.18459787811588257,0.09796109981586924,6.666666666666667
H2O2,SMG+19.5,420,-0.1763714510535187,0.08592951538955873,7
H2O2,SMG+19.5,440,-0.17515812341092293,0.09147613473058788,7.333333333333333
H2O2,SMG+19.5,460,-0.18401342410035104,0.10658736035248341,7.666666666666667
H2O2,SMG+19.5,480,-0.17031145161001546,0.09352527082821445,8
H2O2,SMG+19.5,500,-0.17183307540449183,0.10565930962645297,8.333333333333334
H2O2,SMG+19.5,520,-0.1734320138536163,0.11037649973134925,8.666666666666666
H2O2,SMG+19.5,540,-0.17378386350409264,0.1124642720136564,9
H2O2,SMG+19.5,560,-0.1424238878968199,0.09313602431925483,9.333333333333334
H2O2,SMG+19.5,580,-0.14960131953090516,0.10557880971369557,9.666666666666666
H2O2,SMG+19.5,600,-0.13536850275398277,0.09634936795534357,10
H2O2,SMG+19.5,620,-0.15411474499127015,0.12010356768964507,10.333333333333334
H2O2,SMG+19.5,640,-0.15529438864340223,0.12249156056441922,10.666666666666666
H2O2,SMG+19.5,660,-0.10061795516656094,0.08819251651975711,11
H2O2,SMG+19.5,680,-0.14026748341501372,0.12407933940151895,11.333333333333334
H2O2,SMG+19.5,700,-0.1248667137339151,0.11153812598647132,11.666666666666666
H2O2,SMG+19.5,720,-0.12148067744246474,0.11202462907753485,12
H2O2,SMG+19.5,740,-0.10636527689392931,0.10306424184388409,12.333333333333334
H2O2,SMG+19.5,760,-0.11492751439283196,0.11378093166267338,12.666666666666666
H2O2,SMG+19.5,780,-0.11349184726386728,0.11416031907008149,13
H2O2,SMG+19.5,800,-0.12570557084732673,0.12831690006693197,13.333333333333334
H2O2,SMG+19.5,820,-0.10230694911283321,0.11075774998162011,13.666666666666666
H2O2,SMG+19.5,840,-0.11372121322152061,0.11927539909127306,14
H2O2,SMG+19.5,860,-0.11342055462048597,0.12067116847333492,14.333333333333334
H2O2,SMG+19.5,880,-0.10074527541747191,0.10750057346705903,14.666666666666666
H2O2,SMG+19.5,900,-0.0907518459359789,0.09955713600315977,15
H2O2,SMG+19.5,920,-0.09869918443130679,0.10723663074891258,15.333333333333334
H2O2,SMG+19.5,940,-0.12313816351816435,0.13540186379839322,15.666666666666666
H2O2,SMG+19.5,960,-0.10013147567150758,0.12063954818803062,16
H2O2,SMG+19.5,980,-0.10090088416206068,0.1380755068595404,16.333333333333332
H2O2,SMG+19.5,1000,-0.09938570082061714,0.10942369735610794,16.666666666666668
H2O2,SMG+19.5,1020,-0.10165526386861136,0.09848385719580632,17
H2O2,SMG+19.5,1040,-0.07257892532959057,0.09122018275616013,17.333333333333332
H2O2,SMG+19.5,1060,-0.09530901818365196,0.08722953620549707,17.666666666666668
H2O2,SMG+19.5,1080,-0.11826411023315503,0.11140122619867837,18
H2O2,SMG+19.5,1100,-0.13163535605748122,0.12157184893620027,18.333333333333332
H2O2,SMG+19.5,1120,-0.13048706291645232,0.11626216575860149,18.666666666666668
H2O2,SMG+19.5,1140,-0.13754629729401743,0.12451419091056487,19
H2O2,SMG+19.5,1160,-0.11737745327800309,0.09106357523590985,19.333333333333332
H2O2,SMG+19.5,1180,-0.1410975304198717,0.12053414471148788,19.666666666666668
H2O2,SMG+19.5,1200,-0.14843971024398842,0.1256396644828619,20
H2O2,SMG+19.5,1220,-0.15215495677636034,0.12799729206274904,20.333333333333332
H2O2,SMG+6.5,0,0,0,0
H2O2,SMG+6.5,20,-0.22298832293799217,0.11921234426805821,0.3333333333333333
H2O2,SMG+6.5,40,-0.2609004927213653,0.10196524244245067,0.6666666666666666
H2O2,SMG+6.5,60,-0.23776109424163622,0.11719562038474272,1
H2O2,SMG+6.5,80,-0.24558614507066004,0.11839966006166616,1.3333333333333333
H2O2,SMG+6.5,100,-0.25585469898464397,0.1410604956760176,1.6666666666666667
H2O2,SMG+6.5,120,-0.2724676725882703,0.1088753171602078,2
H2O2,SMG+6.5,140,-0.2950156771679489,0.08820705671592052,2.3333333333333335
H2O2,SMG+6.5,160,-0.29908045021294155,0.10691424275967172,2.6666666666666665
H2O2,SMG+6.5,180,-0.28857934982020383,0.10736953754106297,3
H2O2,SMG+6.5,200,-0.3120920522882771,0.1002763666981584,3.3333333333333335
H2O2,SMG+6.5,220,-0.3246422233061572,0.10351588121953821,3.6666666666666665
H2O2,SMG+6.5,240,-0.3065867029954743,0.11384829867826307,4
H2O2,SMG+6.5,260,-0.3167595938177219,0.11648855909089083,4.333333333333333
H2O2,SMG+6.5,280,-0.3256220410072044,0.11691959756102534,4.666666666666667
H2O2,SMG+6.5,300,-0.31792531271119784,0.13242418122360353,5
H2O2,SMG+6.5,320,-0.32757137713073986,0.12306846703687886,5.333333333333333
H2O2,SMG+6.5,340,-0.33182892369599676,0.1271395898777315,5.666666666666667
H2O2,SMG+6.5,360,-0.3257476328487672,0.12067661450219443,6
H2O2,SMG+6.5,380,-0.32264607649677834,0.12701028784549612,6.333333333333333
H2O2,SMG+6.5,400,-0.33268945124052945,0.12362519065590963,6.666666666666667
H2O2,SMG+6.5,420,-0.33614291830400794,0.11251742004257423,7
H2O2,SMG+6.5,440,-0.3446792396609142,0.11942652194423382,7.333333333333333
H2O2,SMG+6.5,460,-0.34115637435038004,0.11856869105771699,7.666666666666667
H2O2,SMG+6.5,480,-0.34395245392053486,0.11929964411062569,8
H2O2,SMG+6.5,500,-0.351484222205223,0.11380046114069785,8.333333333333334
H2O2,SMG+6.5,520,-0.3494543102450778,0.10795477584923549,8.666666666666666
H2O2,SMG+6.5,540,-0.3485873567705684,0.11673043248411688,9
H2O2,SMG+6.5,560,-0.3535528624281191,0.12073149779659725,9.333333333333334
H2O2,SMG+6.5,580,-0.3622761322304807,0.10955909408310817,9.666666666666666
H2O2,SMG+6.5,600,-0.3816313421312669,0.09678659041937189,10
H2O2,SMG+6.5,620,-0.3682646223846439,0.10970117279123781,10.333333333333334
H2O2,SMG+6.5,640,-0.38227848153043353,0.0971383453600988,10.666666666666666
H2O2,SMG+6.5,660,-0.37289944037313255,0.10561710447624831,11
H2O2,SMG+6.5,680,-0.3668774189764297,0.10401926282253832,11.333333333333334
H2O2,SMG+6.5,700,-0.36353617405968874,0.10904927633900423,11.666666666666666
H2O2,SMG+6.5,720,-0.39228973508073933,0.09324642479824001,12
H2O2,SMG+6.5,740,-0.3691530448295449,0.10374143336880666,12.333333333333334
H2O2,SMG+6.5,760,-0.3586546479608044,0.11168197075538037,12.666666666666666
H2O2,SMG+6.5,780,-0.35902512108593715,0.1140148300571764,13
H2O2,SMG+6.5,800,-0.3646967020993003,0.1129470940586024,13.333333333333334
H2O2,SMG+6.5,820,-0.39028258485974004,0.0899869933376705,13.666666666666666
H2O2,SMG+6.5,840,-0.4030568854854401,0.08131728197927866,14
H2O2,SMG+6.5,860,-0.39218270666637656,0.09145592430380833,14.333333333333334
H2O2,SMG+6.5,880,-0.3841402249864136,0.09680444031322284,14.666666666666666
H2O2,SMG+6.5,900,-0.38995444390894013,0.09575850105787408,15
H2O2,SMG+6.5,920,-0.3851005323344982,0.09709218817275686,15.333333333333334
H2O2,SMG+6.5,940,-0.3806838571904538,0.10179592519705956,15.666666666666666
H2O2,SMG+6.5,960,-0.396936701052873,0.08956517957769106,16
H2O2,SMG+6.5,980,-0.3972531959481171,0.08740221475578444,16.333333333333332
H2O2,SMG+6.5,1000,-0.4072999097105806,0.07805020131419099,16.666666666666668
H2O2,SMG+6.5,1020,-0.4021707523156974,0.08198282832550609,17
H2O2,SMG+6.5,1040,-0.4018314729998128,0.0849939297822917,17.333333333333332
H2O2,SMG+6.5,1060,-0.4088036006257584,0.0782108107910619,17.666666666666668
H2O2,SMG+6.5,1080,-0.3913961243669423,0.09250414491684739,18
H2O2,SMG+6.5,1100,-0.3926201262514276,0.09071551484833407,18.333333333333332
H2O2,SMG+6.5,1120,-0.39087076743900134,0.09427255414492704,18.666666666666668
H2O2,SMG+6.5,1140,-0.38925058632779824,0.09382801297712921,19
H2O2,SMG+6.5,1160,-0.39345799222505035,0.09110758639608608,19.333333333333332
H2O2,SMG+6.5,1180,-0.3918513645495737,0.09408000717766246,19.666666666666668
H2O2,SMG+6.5,1200,-0.40193111258281833,0.08377261205184852,20
H2O2,SMG+6.5,1220,-0.4085866946390146,0.07919802290835863,20.333333333333332
Gent,1g+13,0,0,0,0
Gent,1g+13,20,0.02555298512846154,0.010217640851353384,0.3333333333333333
Gent,1g+13,40,0.01768607886368472,0.018285578185576464,0.6666666666666666
Gent,1g+13,60,0.044553698105765,0.009702659879165665,1
Gent,1g+13,80,0.04598688341403442,0.04302536832144,1.3333333333333333
Gent,1g+13,100,0.027760803418880792,0.059702950843640246,1.6666666666666667
Gent,1g+13,120,0.010816702440168432,0.058702223430215236,2
Gent,1g+13,140,-0.003912725749548017,0.060143949177598965,2.3333333333333335
Gent,1g+13,160,-0.0166268385792647,0.06109654927075783,2.6666666666666665
Gent,1g+13,180,-0.02502944518889846,0.0633200617666698,3
Gent,1g+13,200,-0.03778820301048394,0.06477855988801237,3.3333333333333335
Gent,1g+13,220,-0.0453497759834762,0.0641026348523479,3.6666666666666665
Gent,1g+13,240,-0.055507991935425896,0.06381545139537925,4
Gent,1g+13,260,-0.06549081985779347,0.06368389892328838,4.333333333333333
Gent,1g+13,280,-0.07377748394214115,0.06073494279168559,4.666666666666667
Gent,1g+13,300,-0.0855924894438897,0.05722065274488966,5
Gent,1g+13,320,-0.10167418176677556,0.05491314557791458,5.333333333333333
Gent,1g+13,340,-0.1095782256839771,0.05226563861689591,5.666666666666667
Gent,1g+13,360,-0.12221074009063165,0.04700942960267486,6
Gent,1g+13,380,-0.13468916775451029,0.042142596093863866,6.333333333333333
Gent,1g+13,400,-0.14432472413901207,0.0412522631644466,6.666666666666667
Gent,1g+13,420,-0.15439236874829135,0.035766187549459746,7
Gent,1g+13,440,-0.15917498544957298,0.033595018502803026,7.333333333333333
Gent,1g+13,460,-0.17553385598135401,0.0319402334729979,7.666666666666667
Gent,1g+13,480,-0.18741890565043348,0.02864779918492911,8
Gent,1g+13,500,-0.19766953879996393,0.02897865860711732,8.333333333333334
Gent,1g+13,520,-0.20309243303973226,0.02983147811753565,8.666666666666666
Gent,1g+13,540,-0.2168962320048618,0.03021660995350727,9
Gent,1g+13,560,-0.2267318976243725,0.03164648053433354,9.333333333333334
Gent,1g+13,580,-0.23448230379528048,0.030260762051475605,9.666666666666666
Gent,1g+13,600,-0.23809576470912397,0.028582667155721064,10
Gent,1g+13,620,-0.2435997006266224,0.02936159369240288,10.333333333333334
Gent,1g+13,640,-0.2502972163595688,0.028023768376494108,10.666666666666666
Gent,1g+13,660,-0.2593966640709961,0.026800008115520496,11
Gent,1g+13,680,-0.2638562571605242,0.02632570676137202,11.333333333333334
Gent,1g+13,700,-0.2675132680298634,0.02670850577864655,11.666666666666666
Gent,1g+13,720,-0.27064638773043165,0.02394112951950885,12
Gent,1g+13,740,-0.27220961582401104,0.022197279967323708,12.333333333333334
Gent,1g+13,760,-0.2686686475586826,0.025587511105095908,12.666666666666666
Gent,1g+13,780,-0.2673291805159438,0.023369663548445923,13
Gent,1g+13,800,-0.26396062389259656,0.025883034392797283,13.333333333333334
Gent,1g+13,820,-0.26010330843965623,0.026461246231040042,13.666666666666666
Gent,1g+13,840,-0.25513485609685255,0.028460872138896334,14
Gent,1g+13,860,-0.24760108244211892,0.02920485739319504,14.333333333333334
Gent,1g+13,880,-0.23952260274670836,0.0317001670573453,14.666666666666666
Gent,1g+13,900,-0.23121504284251163,0.0350337012111474,15
Gent,1g+13,920,-0.222127069034843,0.0358407608026907,15.333333333333334
Gent,1g+13,940,-0.22380408266254306,0.03459391271943013,15.666666666666666
Gent,1g+13,960,-0.21858130077182783,0.03594911151575554,16
Gent,1g+13,980,-0.21230517633262821,0.0365081618097839,16.333333333333332
Gent,1g+13,1000,-0.20983787067089013,0.032930121637526275,16.666666666666668
Gent,1g+13,1020,-0.20333699022320234,0.03623265015546711,17
Gent,1g+13,1040,-0.20607349803115654,0.03335544935481898,17.333333333333332
Gent,1g+13,1060,-0.21004832622435649,0.029150651552897863,17.666666666666668
Gent,1g+13,1080,-0.2079294676932965,0.023226742221118563,18
Gent,1g+13,1100,-0.21392533488391918,0.015513017505650848,18.333333333333332
Gent,1g+13,1120,-0.2178560174028466,0.009134123996225102,18.666666666666668
Gent,1g+13,1140,-0.22410649266807936,0.006073439180345463,19
Gent,1g+13,1160,-0.23530237261715467,0.0032971113488884955,19.333333333333332
Gent,1g+13,1180,-0.24505032407208996,0.008147811197331656,19.666666666666668
Gent,1g+13,1200,-0.25666754668861635,0.005830481252703277,20
Gent,1g+13,1220,-0.2652099664475366,0.005141672600885306,20.333333333333332
Gent,1g+19.5,0,0,0,0
Gent,1g+19.5,20,0.017589166759306978,0.014658704724771062,0.3333333333333333
Gent,1g+19.5,40,-0.008943869592005878,0.024344814690593575,0.6666666666666666
Gent,1g+19.5,60,0.011810697739177574,0.017615691748366902,1
Gent,1g+19.5,80,0.011418843967125766,0.021973395588517818,1.3333333333333333
Gent,1g+19.5,100,-0.018427061559478288,0.01760705827322471,1.6666666666666667
Gent,1g+19.5,120,-0.05129759039155827,0.014094318555318938,2
Gent,1g+19.5,140,-0.07207449598952258,0.01314063486389958,2.3333333333333335
Gent,1g+19.5,160,-0.0900400931613433,0.013456610554516185,2.6666666666666665
Gent,1g+19.5,180,-0.104127078878959,0.01071877948065084,3
Gent,1g+19.5,200,-0.11784224197009534,0.008600120136067752,3.3333333333333335
Gent,1g+19.5,220,-0.12718629984425028,0.005697867362405546,3.6666666666666665
Gent,1g+19.5,240,-0.1425121197829601,0.0011484977861231128,4
Gent,1g+19.5,260,-0.14944039768121076,0.003970521826387163,4.333333333333333
Gent,1g+19.5,280,-0.16306729858023844,0.010089295557883874,4.666666666666667
Gent,1g+19.5,300,-0.1742259772355508,0.014888976872286299,5
Gent,1g+19.5,320,-0.1829285680747469,0.01784728084852413,5.333333333333333
Gent,1g+19.5,340,-0.19286489032585855,0.019943860315607284,5.666666666666667
Gent,1g+19.5,360,-0.2047938816984151,0.025621189210545917,6
Gent,1g+19.5,380,-0.2128269645987013,0.02578818428135805,6.333333333333333
Gent,1g+19.5,400,-0.22146986500964022,0.02270296276631748,6.666666666666667
Gent,1g+19.5,420,-0.22791259924321092,0.0214587764551697,7
Gent,1g+19.5,440,-0.23648592962659454,0.019334567982999956,7.333333333333333
Gent,1g+19.5,460,-0.24369665812356384,0.015621539459892596,7.666666666666667
Gent,1g+19.5,480,-0.24858903334269813,0.012696520959844856,8
Gent,1g+19.5,500,-0.2550260530666262,0.008513532280753355,8.333333333333334
Gent,1g+19.5,520,-0.255241752310498,0.008135375696674538,8.666666666666666
Gent,1g+19.5,540,-0.2588713330353587,0.00853030826537987,9
Gent,1g+19.5,560,-0.2591718894813257,0.017091195706239286,9.333333333333334
Gent,1g+19.5,580,-0.25825380230239414,0.023902254143163777,9.666666666666666
Gent,1g+19.5,600,-0.25628018782612205,0.030670997772663078,10
Gent,1g+19.5,620,-0.2578254726073374,0.036107295061121196,10.333333333333334
Gent,1g+19.5,640,-0.2543571778822051,0.03706898158470776,10.666666666666666
Gent,1g+19.5,660,-0.25768240772020257,0.035843911633021114,11
Gent,1g+19.5,680,-0.2531439740509809,0.03826574286526767,11.333333333333334
Gent,1g+19.5,700,-0.25165877804925957,0.039918906146217036,11.666666666666666
Gent,1g+19.5,720,-0.2477728315434378,0.03642564283728528,12
Gent,1g+19.5,740,-0.24970989968833943,0.026085017198798213,12.333333333333334
Gent,1g+19.5,760,-0.2514488404913238,0.01547170030011094,12.666666666666666
Gent,1g+19.5,780,-0.2533090904482248,0.009978113026425473,13
Gent,1g+19.5,800,-0.25347427493451813,0.006386702419067651,13.333333333333334
Gent,1g+19.5,820,-0.2546921651351849,0.009774639238542156,13.666666666666666
Gent,1g+19.5,840,-0.2525308211445504,0.015275561036125217,14
Gent,1g+19.5,860,-0.25677718146359846,0.01903877148782913,14.333333333333334
Gent,1g+19.5,880,-0.255121383707259,0.02691563205706194,14.666666666666666
Gent,1g+19.5,900,-0.26118883636522205,0.027957077349636168,15
Gent,1g+19.5,920,-0.2681598693615547,0.033869806295462934,15.333333333333334
Gent,1g+19.5,940,-0.27835128065283155,0.032829338818573854,15.666666666666666
Gent,1g+19.5,960,-0.28620272813137543,0.03619521250351237,16
Gent,1g+19.5,980,-0.2985646561398443,0.032748951580433554,16.333333333333332
Gent,1g+19.5,1000,-0.3030504558438957,0.037117925492940455,16.666666666666668
Gent,1g+19.5,1020,-0.31293899528689034,0.04012025293045933,17
Gent,1g+19.5,1040,-0.3188701594339905,0.04408037342999523,17.333333333333332
Gent,1g+19.5,1060,-0.3235886296794109,0.04752687984875978,17.666666666666668
Gent,1g+19.5,1080,-0.3311363666080278,0.05232446409119473,18
Gent,1g+19.5,1100,-0.34041526669904554,0.05301056085458597,18.333333333333332
Gent,1g+19.5,1120,-0.3501811643257061,0.057811781309936194,18.666666666666668
Gent,1g+19.5,1140,-0.3583309565181719,0.06101522346168997,19
Gent,1g+19.5,1160,-0.3665547534555077,0.06272746281390713,19.333333333333332
Gent,1g+19.5,1180,-0.37524716322471524,0.06542331021318537,19.666666666666668
Gent,1g+19.5,1200,-0.3840865423577189,0.06905988139333127,20
Gent,1g+19.5,1220,-0.39317795555557755,0.07343875257268921,20.333333333333332
Gent,1g+6.5,0,0,0,0
Gent,1g+6.5,20,0.019080121274765823,0.021695088537302776,0.3333333333333333
Gent,1g+6.5,40,0.0034730653997362346,0.05414739109304884,0.6666666666666666
Gent,1g+6.5,60,-0.004744471241588648,0.0836086938976334,1
Gent,1g+6.5,80,0.010948081930452977,0.11485623359675279,1.3333333333333333
Gent,1g+6.5,100,0.05661415689922784,0.12881060134954772,1.6666666666666667
Gent,1g+6.5,120,0.032919940640321485,0.15796872335124798,2
Gent,1g+6.5,140,0.0030094455419186665,0.16083528490948504,2.3333333333333335
Gent,1g+6.5,160,-0.02739116903816962,0.15620781969103512,2.6666666666666665
Gent,1g+6.5,180,-0.05898404666713331,0.15372610490497565,3
Gent,1g+6.5,200,-0.0935255724223588,0.14527198882854658,3.3333333333333335
Gent,1g+6.5,220,-0.12205968776091668,0.14017803036683107,3.6666666666666665
Gent,1g+6.5,240,-0.14502860904259163,0.13148292371722414,4
Gent,1g+6.5,260,-0.16631641801310607,0.12384766019035028,4.333333333333333
Gent,1g+6.5,280,-0.18282563713818883,0.1175283680232364,4.666666666666667
Gent,1g+6.5,300,-0.20212703168062784,0.10631588130120344,5
Gent,1g+6.5,320,-0.2197434535177755,0.09795550200601984,5.333333333333333
Gent,1g+6.5,340,-0.23313314607857313,0.0925146633098653,5.666666666666667
Gent,1g+6.5,360,-0.2463969273079264,0.08546344572513946,6
Gent,1g+6.5,380,-0.2627795999327402,0.07563954557478927,6.333333333333333
Gent,1g+6.5,400,-0.2748345613640062,0.06804158422298749,6.666666666666667
Gent,1g+6.5,420,-0.2825234037299684,0.06477159621066156,7
Gent,1g+6.5,440,-0.28706869233381777,0.06219330838094454,7.333333333333333
Gent,1g+6.5,460,-0.29171527567712885,0.05777261155800086,7.666666666666667
Gent,1g+6.5,480,-0.29499675225666683,0.05293546632143943,8
Gent,1g+6.5,500,-0.2912929109624122,0.051595602382314545,8.333333333333334
Gent,1g+6.5,520,-0.28903286813503226,0.04787677532049161,8.666666666666666
Gent,1g+6.5,540,-0.284682516625453,0.0422578689026977,9
Gent,1g+6.5,560,-0.28016129172011117,0.038664558500594456,9.333333333333334
Gent,1g+6.5,580,-0.2772275313542594,0.03414950395686719,9.666666666666666
Gent,1g+6.5,600,-0.26344407125225827,0.039561918274504615,10
Gent,1g+6.5,620,-0.25167515765488774,0.049118797386968636,10.333333333333334
Gent,1g+6.5,640,-0.2428284437678623,0.055920406430490205,10.666666666666666
Gent,1g+6.5,660,-0.22688120758130895,0.06765150867967291,11
Gent,1g+6.5,680,-0.21387631808023533,0.08017967167465329,11.333333333333334
Gent,1g+6.5,700,-0.19634947356301968,0.08828785800452343,11.666666666666666
Gent,1g+6.5,720,-0.18069846813980994,0.10142053791615843,12
Gent,1g+6.5,740,-0.16146747153399818,0.12189869873452092,12.333333333333334
Gent,1g+6.5,760,-0.1448741959084396,0.14414746479732077,12.666666666666666
Gent,1g+6.5,780,-0.1582321911780421,0.11243755637203025,13
Gent,1g+6.5,800,-0.15150559285114096,0.10552000553207454,13.333333333333334
Gent,1g+6.5,820,-0.16450050088377752,0.08641926512686907,13.666666666666666
Gent,1g+6.5,840,-0.17194822519884703,0.06435582030146286,14
Gent,1g+6.5,860,-0.17866938383312042,0.04705156316540162,14.333333333333334
Gent,1g+6.5,880,-0.18459873948911848,0.047412163707026424,14.666666666666666
Gent,1g+6.5,900,-0.1900541225297,0.041918819200291016,15
Gent,1g+6.5,920,-0.1933305538057461,0.03834087472653091,15.333333333333334
Gent,1g+6.5,940,-0.20204645273151664,0.03337589441578834,15.666666666666666
Gent,1g+6.5,960,-0.2121188291109633,0.029321370343839605,16
Gent,1g+6.5,980,-0.22008963103826512,0.02269988504253603,16.333333333333332
Gent,1g+6.5,1000,-0.22347588222367518,0.01086477252894652,16.666666666666668
Gent,1g+6.5,1020,-0.22660909933050608,0.01487927291480357,17
Gent,1g+6.5,1040,-0.22837768737531727,0.03898363369373896,17.333333333333332
Gent,1g+6.5,1060,-0.22923327654491807,0.056716983897950886,17.666666666666668
Gent,1g+6.5,1080,-0.23730253666285453,0.06035977706901415,18
Gent,1g+6.5,1100,-0.24707157775573887,0.059874794362693794,18.333333333333332
Gent,1g+6.5,1120,-0.25465151306552913,0.0642140253702723,18.666666666666668
Gent,1g+6.5,1140,-0.2622869544739966,0.06281800539032413,19
Gent,1g+6.5,1160,-0.2764392472860951,0.06321721373211346,19.333333333333332
Gent,1g+6.5,1180,-0.2927852948337736,0.06743233988890218,19.666666666666668
Gent,1g+6.5,1200,-0.3083317105791869,0.07339384189009915,20
Gent,1g+6.5,1220,-0.3239291513144995,0.08076050725484873,20.333333333333332
Gent,Ctrl,0,0,0,0
Gent,Ctrl,20,0.017045777478147374,0.00557013519294639,0.3333333333333333
Gent,Ctrl,40,0.02560726683059626,0.021021923293243393,0.6666666666666666
Gent,Ctrl,60,0.04875001998102906,0.023563440029921237,1
Gent,Ctrl,80,0.05481358175424115,0.03316412804380367,1.3333333333333333
Gent,Ctrl,100,0.027706099135215906,0.041690033758104164,1.6666666666666667
Gent,Ctrl,120,-0.011847807426351484,0.05327475834320946,2
Gent,Ctrl,140,-0.0453821491209866,0.062396656435985506,2.3333333333333335
Gent,Ctrl,160,-0.07406779291466804,0.0659560572854427,2.6666666666666665
Gent,Ctrl,180,-0.09461667176194484,0.06473247179259098,3
Gent,Ctrl,200,-0.11709463060016706,0.060069333723051746,3.3333333333333335
Gent,Ctrl,220,-0.13268760575587032,0.0547367476935872,3.6666666666666665
Gent,Ctrl,240,-0.14719400304587096,0.052031055501913094,4
Gent,Ctrl,260,-0.15978681716764417,0.049430426016328195,4.333333333333333
Gent,Ctrl,280,-0.16657659742104394,0.047986610467575755,4.666666666666667
Gent,Ctrl,300,-0.1742161024489591,0.04623215006903536,5
Gent,Ctrl,320,-0.18163926448898465,0.043822689937070176,5.333333333333333
Gent,Ctrl,340,-0.18522201828392018,0.045002140616665944,5.666666666666667
Gent,Ctrl,360,-0.19417879644076577,0.043285925078873314,6
Gent,Ctrl,380,-0.1958405370846493,0.04458719934828534,6.333333333333333
Gent,Ctrl,400,-0.20276526557893504,0.04439722063608143,6.666666666666667
Gent,Ctrl,420,-0.20497184651420414,0.04917118729794443,7
Gent,Ctrl,440,-0.206874905081358,0.0521437802247368,7.333333333333333
Gent,Ctrl,460,-0.20865688686911849,0.05587500332677167,7.666666666666667
Gent,Ctrl,480,-0.21117579490668956,0.06006795110770521,8
Gent,Ctrl,500,-0.21050528469482255,0.06334359901306538,8.333333333333334
Gent,Ctrl,520,-0.21472855571575447,0.06257476918112413,8.666666666666666
Gent,Ctrl,540,-0.21889743816096813,0.06666527065501957,9
Gent,Ctrl,560,-0.21888898017077282,0.0702830905892695,9.333333333333334
Gent,Ctrl,580,-0.22140220275587225,0.07031172194411132,9.666666666666666
Gent,Ctrl,600,-0.2206245075753892,0.07124258678815729,10
Gent,Ctrl,620,-0.22709100893464051,0.07038924156869758,10.333333333333334
Gent,Ctrl,640,-0.23298859775252587,0.06699267087029534,10.666666666666666
Gent,Ctrl,660,-0.23816152611287256,0.06396412955742178,11
Gent,Ctrl,680,-0.24287874377048912,0.0615937084592858,11.333333333333334
Gent,Ctrl,700,-0.24953458260362482,0.05664356295247177,11.666666666666666
Gent,Ctrl,720,-0.2541797307382722,0.054714545092632724,12
Gent,Ctrl,740,-0.25680571496576754,0.05142241779696242,12.333333333333334
Gent,Ctrl,760,-0.25793936820415103,0.0504351998816641,12.666666666666666
Gent,Ctrl,780,-0.2596589411835531,0.04984686876105153,13
Gent,Ctrl,800,-0.2614263628049004,0.04732730307025138,13.333333333333334
Gent,Ctrl,820,-0.2637237897036135,0.04646153053029655,13.666666666666666
Gent,Ctrl,840,-0.26436116170969964,0.049621368233697095,14
Gent,Ctrl,860,-0.26148945206641877,0.050240038386258984,14.333333333333334
Gent,Ctrl,880,-0.2586148979890293,0.05159052366762966,14.666666666666666
Gent,Ctrl,900,-0.25838216968124494,0.05460678798404954,15
Gent,Ctrl,920,-0.25408572672805885,0.05600666208784243,15.333333333333334
Gent,Ctrl,940,-0.2482311275231103,0.052518788021806956,15.666666666666666
Gent,Ctrl,960,-0.24109878212383606,0.051184907811022744,16
Gent,Ctrl,980,-0.23238058045700136,0.051922575937112116,16.333333333333332
Gent,Ctrl,1000,-0.22601754814083447,0.048332907059438886,16.666666666666668
Gent,Ctrl,1020,-0.21711448011000756,0.04744284403144232,17
Gent,Ctrl,1040,-0.2115525881333013,0.04216218988117148,17.333333333333332
Gent,Ctrl,1060,-0.2061158363663927,0.03764940685095385,17.666666666666668
Gent,Ctrl,1080,-0.20307881015342946,0.030742696312348806,18
Gent,Ctrl,1100,-0.2020946368786194,0.0259582255762984,18.333333333333332
Gent,Ctrl,1120,-0.2039260261818926,0.019077551421836418,18.666666666666668
Gent,Ctrl,1140,-0.2089693324591482,0.010934169586247912,19
Gent,Ctrl,1160,-0.2055547089678827,0.012247981038468553,19.333333333333332
Gent,Ctrl,1180,-0.2136321335911771,0.015515710533511234,19.666666666666668
Gent,Ctrl,1200,-0.21718812656890638,0.02326851930611232,20
Gent,Ctrl,1220,-0.21819537762126312,0.028644473563410117,20.333333333333332
Gent,SMG,0,0,0,0
Gent,SMG,20,0.03231049996081409,0.011713896017620603,0.3333333333333333
Gent,SMG,40,0.022384305034042457,0.007552105343642042,0.6666666666666666
Gent,SMG,60,0.024812614695332066,0.00926833808922573,1
Gent,SMG,80,0.04062848323472671,0.009266584949132314,1.3333333333333333
Gent,SMG,100,0.041693084802367567,0.0154731346048514,1.6666666666666667
Gent,SMG,120,0.027300182362351523,0.03929666767221457,2
Gent,SMG,140,0.0021397034375301395,0.044943758646676345,2.3333333333333335
Gent,SMG,160,-0.01238817665556165,0.0446880430226535,2.6666666666666665
Gent,SMG,180,-0.02998634370900657,0.04486536636986548,3
Gent,SMG,200,-0.04749236368638301,0.042358332716533435,3.3333333333333335
Gent,SMG,220,-0.06090402008473644,0.04021603696036663,3.6666666666666665
Gent,SMG,240,-0.07303033948838653,0.03853390107291503,4
Gent,SMG,260,-0.08276597471015612,0.03663083441609981,4.333333333333333
Gent,SMG,280,-0.09168369426946738,0.034908236762007085,4.666666666666667
Gent,SMG,300,-0.10183664880022449,0.03393613037949731,5
Gent,SMG,320,-0.11374129192186667,0.03069812574700464,5.333333333333333
Gent,SMG,340,-0.12176250564629014,0.027670223281556508,5.666666666666667
Gent,SMG,360,-0.13727594273898097,0.023393143323993938,6
Gent,SMG,380,-0.14522952613030593,0.02078678603465227,6.333333333333333
Gent,SMG,400,-0.1568662874786829,0.018207123196408097,6.666666666666667
Gent,SMG,420,-0.1634593545503904,0.017659343989669427,7
Gent,SMG,440,-0.17286395193534035,0.018940809103423023,7.333333333333333
Gent,SMG,460,-0.18049271420443078,0.016977831220815167,7.666666666666667
Gent,SMG,480,-0.1890684470415329,0.01479785781328754,8
Gent,SMG,500,-0.1934026994252682,0.013920609459989637,8.333333333333334
Gent,SMG,520,-0.2037508945411642,0.013931129130696942,8.666666666666666
Gent,SMG,540,-0.217307948392586,0.013374612009720134,9
Gent,SMG,560,-0.22494838212938867,0.010606446635304823,9.333333333333334
Gent,SMG,580,-0.22962094566969,0.010439784122802647,9.666666666666666
Gent,SMG,600,-0.23094114251153786,0.01296748392949488,10
Gent,SMG,620,-0.23974974775940966,0.012220117337843235,10.333333333333334
Gent,SMG,640,-0.25023304414849995,0.015745213645880194,10.666666666666666
Gent,SMG,660,-0.2591782917343491,0.015553606361055766,11
Gent,SMG,680,-0.2674500867540596,0.012343838840540486,11.333333333333334
Gent,SMG,700,-0.2764003975160144,0.011528261871593152,11.666666666666666
Gent,SMG,720,-0.2903263479609436,0.012279418230811585,12
Gent,SMG,740,-0.294304570377304,0.006315741461847251,12.333333333333334
Gent,SMG,760,-0.29535581917815057,0.00462574944566775,12.666666666666666
Gent,SMG,780,-0.2995955457537406,0.005217561758801056,13
Gent,SMG,800,-0.2984782205778874,0.003058955286166619,13.333333333333334
Gent,SMG,820,-0.3001631453988057,0.007401889165662586,13.666666666666666
Gent,SMG,840,-0.29557455405339306,0.008798454804383517,14
Gent,SMG,860,-0.28926771684138203,0.015207899258176196,14.333333333333334
Gent,SMG,880,-0.28059209368891613,0.018329838179548235,14.666666666666666
Gent,SMG,900,-0.2735805525188624,0.02181659178412459,15
Gent,SMG,920,-0.26070070068349754,0.021810216780587387,15.333333333333334
Gent,SMG,940,-0.2521785145166304,0.021650017160037137,15.666666666666666
Gent,SMG,960,-0.24284965194521704,0.02463544012283505,16
Gent,SMG,980,-0.23215716955111923,0.02068927364909361,16.333333333333332
Gent,SMG,1000,-0.22772311933523515,0.02202785833762024,16.666666666666668
Gent,SMG,1020,-0.22095797255594427,0.021480772707671934,17
Gent,SMG,1040,-0.22069494670295364,0.019385644229026708,17.333333333333332
Gent,SMG,1060,-0.2214574700685464,0.018803828860435096,17.666666666666668
Gent,SMG,1080,-0.21949670758245718,0.013345803761676623,18
Gent,SMG,1100,-0.2163832051040265,0.01658893723240187,18.333333333333332
Gent,SMG,1120,-0.2189835255229151,0.01828895046162731,18.666666666666668
Gent,SMG,1140,-0.2256385631595683,0.015400348350884817,19
Gent,SMG,1160,-0.23346153924509166,0.023266293594466195,19.333333333333332
Gent,SMG,1180,-0.24627360602768655,0.023317249774336603,19.666666666666668
Gent,SMG,1200,-0.2530509496911507,0.02526628249171478,20
Gent,SMG,1220,-0.2619600494840189,0.02181486104303575,20.333333333333332
Gent,SMG+13,0,0,0,0
Gent,SMG+13,20,0.013308592112514377,0.015555493494465956,0.3333333333333333
Gent,SMG+13,40,0.09295029313071236,0.06314218155386409,0.6666666666666666
Gent,SMG+13,60,0.1816784447822772,0.1258221800840895,1
Gent,SMG+13,80,0.16318986732227597,0.12405998936439885,1.3333333333333333
Gent,SMG+13,100,0.1308408930796896,0.12977604051738534,1.6666666666666667
Gent,SMG+13,120,0.08236968107648741,0.11605566806465063,2
Gent,SMG+13,140,0.034926122569403965,0.10200005899689261,2.3333333333333335
Gent,SMG+13,160,-0.005217552758526547,0.08754411182843348,2.6666666666666665
Gent,SMG+13,180,-0.0372566141854393,0.07048002332037477,3
Gent,SMG+13,200,-0.07088107767799684,0.05144901577747942,3.3333333333333335
Gent,SMG+13,220,-0.09017939983750918,0.04018145572207177,3.6666666666666665
Gent,SMG+13,240,-0.11660427471536076,0.024380183689099843,4
Gent,SMG+13,260,-0.13736598597588073,0.013212863515875688,4.333333333333333
Gent,SMG+13,280,-0.1555171435213622,0.013240460873083264,4.666666666666667
Gent,SMG+13,300,-0.17450647177515866,0.016006662650331047,5
Gent,SMG+13,320,-0.18938883283406593,0.017704911392892028,5.333333333333333
Gent,SMG+13,340,-0.1990848909080055,0.020716971303070136,5.666666666666667
Gent,SMG+13,360,-0.21422302870710114,0.030137563520532398,6
Gent,SMG+13,380,-0.22807069548854872,0.03485662716325796,6.333333333333333
Gent,SMG+13,400,-0.23869321130085255,0.04277434639618679,6.666666666666667
Gent,SMG+13,420,-0.24450021218488,0.0421858861347092,7
Gent,SMG+13,440,-0.2566694904303745,0.055232118087582625,7.333333333333333
Gent,SMG+13,460,-0.2685833875603257,0.057339376821471874,7.666666666666667
Gent,SMG+13,480,-0.27349994011814055,0.05053200286353599,8
Gent,SMG+13,500,-0.27115659098781514,0.041244326249774525,8.333333333333334
Gent,SMG+13,520,-0.25733445084618356,0.017250831108013523,8.666666666666666
Gent,SMG+13,540,-0.236256454272656,0.03503277705102941,9
Gent,SMG+13,560,-0.23257470209810072,0.04631690705897645,9.333333333333334
Gent,SMG+13,580,-0.23761955362874543,0.03823994959581559,9.666666666666666
Gent,SMG+13,600,-0.23546108377813202,0.040974206747766084,10
Gent,SMG+13,620,-0.23359359072591196,0.04087038444285827,10.333333333333334
Gent,SMG+13,640,-0.23617967019537964,0.03855199159340098,10.666666666666666
Gent,SMG+13,660,-0.2485370817161177,0.02790941640676357,11
Gent,SMG+13,680,-0.24969131186013527,0.022736724987433652,11.333333333333334
Gent,SMG+13,700,-0.25670344005770834,0.015704352718281127,11.666666666666666
Gent,SMG+13,720,-0.26118157178002976,0.015152559872150046,12
Gent,SMG+13,740,-0.26339470930932074,0.020439608949615072,12.333333333333334
Gent,SMG+13,760,-0.26287761779499635,0.029805907642464963,12.666666666666666
Gent,SMG+13,780,-0.26426575268064145,0.04341189033054394,13
Gent,SMG+13,800,-0.2637735179959412,0.05421545411555616,13.333333333333334
Gent,SMG+13,820,-0.27223279614205315,0.0563114510538774,13.666666666666666
Gent,SMG+13,840,-0.272730115526278,0.06733048568904036,14
Gent,SMG+13,860,-0.276526344374102,0.07586980097729994,14.333333333333334
Gent,SMG+13,880,-0.2779638326940477,0.09243284724114405,14.666666666666666
Gent,SMG+13,900,-0.2796032605081744,0.11147593726524911,15
Gent,SMG+13,920,-0.2802586816603706,0.1318871327319503,15.333333333333334
Gent,SMG+13,940,-0.28703536887711345,0.14078076394342046,15.666666666666666
Gent,SMG+13,960,-0.28798832075288805,0.1611937359236901,16
Gent,SMG+13,980,-0.29277628102928754,0.16799840421825657,16.333333333333332
Gent,SMG+13,1000,-0.30184115660806077,0.1841329117045236,16.666666666666668
Gent,SMG+13,1020,-0.30109197306371255,0.21006084806322162,17
Gent,SMG+13,1040,-0.3148746848705549,0.2102100302677963,17.333333333333332
Gent,SMG+13,1060,-0.3322951242844613,0.20461686246648259,17.666666666666668
Gent,SMG+13,1080,-0.3461051414494136,0.21036855146285963,18
Gent,SMG+13,1100,-0.3627368195528194,0.21066807734261125,18.333333333333332
Gent,SMG+13,1120,-0.38143532354592535,0.21052840435561396,18.666666666666668
Gent,SMG+13,1140,-0.3947740831929385,0.22164122018179247,19
Gent,SMG+13,1160,-0.4134286650314416,0.2273808570082697,19.333333333333332
Gent,SMG+13,1180,-0.4297313507764484,0.23903551221340358,19.666666666666668
Gent,SMG+13,1200,-0.4447457999251224,0.2543217007346252,20
Gent,SMG+13,1220,-0.4605126463808723,0.2691129803744152,20.333333333333332
Gent,SMG+19.5,0,0,0,0
Gent,SMG+19.5,20,-0.04128393622724976,0.01985062293237759,0.3333333333333333
Gent,SMG+19.5,40,-0.10127885914008812,0.03072780095339688,0.6666666666666666
Gent,SMG+19.5,60,-0.14080846439063852,0.03289009961752349,1
Gent,SMG+19.5,80,-0.14717169073544561,0.027843377221957497,1.3333333333333333
Gent,SMG+19.5,100,-0.1335956896728258,0.009371648209056224,1.6666666666666667
Gent,SMG+19.5,120,-0.1537515986964415,0.01707662391154788,2
Gent,SMG+19.5,140,-0.17778176996117817,0.015472319611792892,2.3333333333333335
Gent,SMG+19.5,160,-0.21158405449654746,0.015295313888937059,2.6666666666666665
Gent,SMG+19.5,180,-0.24038335965538135,0.012903741753698643,3
Gent,SMG+19.5,200,-0.26127478368737767,0.011883725150178307,3.3333333333333335
Gent,SMG+19.5,220,-0.2770929159958482,0.011332228305757473,3.6666666666666665
Gent,SMG+19.5,240,-0.2909175222659307,0.0111049712322131,4
Gent,SMG+19.5,260,-0.30338286483470683,0.012319568990183641,4.333333333333333
Gent,SMG+19.5,280,-0.3112880697035107,0.012328345428725367,4.666666666666667
Gent,SMG+19.5,300,-0.3190398227244143,0.012840870641392116,5
Gent,SMG+19.5,320,-0.32389127018027414,0.010090068868550696,5.333333333333333
Gent,SMG+19.5,340,-0.329655362758049,0.007524013292612551,5.666666666666667
Gent,SMG+19.5,360,-0.3361105735805766,0.008067922805449507,6
Gent,SMG+19.5,380,-0.3412772943463305,0.007389287626503116,6.333333333333333
Gent,SMG+19.5,400,-0.34513926023264474,0.0045144134480261215,6.666666666666667
Gent,SMG+19.5,420,-0.3490086886455089,0.003616172963735534,7
Gent,SMG+19.5,440,-0.35380121234305706,0.005128157446275103,7.333333333333333
Gent,SMG+19.5,460,-0.3561628833486436,0.0058887529124956655,7.666666666666667
Gent,SMG+19.5,480,-0.35752504536561086,0.005419956274386377,8
Gent,SMG+19.5,500,-0.357448855119598,0.003862724746430391,8.333333333333334
Gent,SMG+19.5,520,-0.35706026935408103,0.0011696497674262116,8.666666666666666
Gent,SMG+19.5,540,-0.3558340618267729,0.0029454130598174704,9
Gent,SMG+19.5,560,-0.3562124215608415,0.0040891794262311815,9.333333333333334
Gent,SMG+19.5,580,-0.35414978184282053,0.005999067701814175,9.666666666666666
Gent,SMG+19.5,600,-0.35330662321489714,0.007845730361408449,10
Gent,SMG+19.5,620,-0.35216090978365927,0.009421949612760187,10.333333333333334
Gent,SMG+19.5,640,-0.35009940016800306,0.012004959321946004,10.666666666666666
Gent,SMG+19.5,660,-0.3485780555186394,0.012310939420205497,11
Gent,SMG+19.5,680,-0.3478306214877413,0.009648716449079735,11.333333333333334
Gent,SMG+19.5,700,-0.3481438651023346,0.007605085844137989,11.666666666666666
Gent,SMG+19.5,720,-0.34798892019404676,0.009218300623362926,12
Gent,SMG+19.5,740,-0.3478344204355236,0.009511026798572476,12.333333333333334
Gent,SMG+19.5,760,-0.3489118226815406,0.00763546397048377,12.666666666666666
Gent,SMG+19.5,780,-0.352708391201161,0.009162821938628439,13
Gent,SMG+19.5,800,-0.3541352591767968,0.011213226258834499,13.333333333333334
Gent,SMG+19.5,820,-0.3559508407923538,0.012483309312542035,13.666666666666666
Gent,SMG+19.5,840,-0.35899882237837244,0.01049396275841472,14
Gent,SMG+19.5,860,-0.35714676621374525,0.0167272686332669,14.333333333333334
Gent,SMG+19.5,880,-0.35721714432556856,0.018188339857309586,14.666666666666666
Gent,SMG+19.5,900,-0.35857434230343543,0.021531663762833532,15
Gent,SMG+19.5,920,-0.35636551437256636,0.023941431375339644,15.333333333333334
Gent,SMG+19.5,940,-0.3575712973313274,0.027373958471836927,15.666666666666666
Gent,SMG+19.5,960,-0.3537604452704511,0.03305471923464831,16
Gent,SMG+19.5,980,-0.3470454979901624,0.04325956377371754,16.333333333333332
Gent,SMG+19.5,1000,-0.3415080555371855,0.04686270463230684,16.666666666666668
Gent,SMG+19.5,1020,-0.3343551479845925,0.05100773074052045,17
Gent,SMG+19.5,1040,-0.33300916643863154,0.04598334154568987,17.333333333333332
Gent,SMG+19.5,1060,-0.3275878061017581,0.04839066886367387,17.666666666666668
Gent,SMG+19.5,1080,-0.3233425192554887,0.03979650732714188,18
Gent,SMG+19.5,1100,-0.31302519234816295,0.03494161738234088,18.333333333333332
Gent,SMG+19.5,1120,-0.30927176442207127,0.0226474566260367,18.666666666666668
Gent,SMG+19.5,1140,-0.310705137434309,0.0035728937392884986,19
Gent,SMG+19.5,1160,-0.3144316915601881,0.002511599308566905,19.333333333333332
Gent,SMG+19.5,1180,-0.31491302846683444,0.005252199646761418,19.666666666666668
Gent,SMG+19.5,1200,-0.3168371780584335,0.012039743864763522,20
Gent,SMG+19.5,1220,-0.3180038422785481,0.02231176523636365,20.333333333333332
Gent,SMG+6.5,0,0,0,0
Gent,SMG+6.5,20,0.04241207004727275,0.00793445798279178,0.3333333333333333
Gent,SMG+6.5,40,0.04772847767569615,0.011424502521212618,0.6666666666666666
Gent,SMG+6.5,60,0.07636947154524384,0.03482781117036334,1
Gent,SMG+6.5,80,0.10434249793595418,0.02822095558755441,1.3333333333333333
Gent,SMG+6.5,100,0.10137493040575413,0.026816537614373796,1.6666666666666667
Gent,SMG+6.5,120,0.06787817211829014,0.012198728129879632,2
Gent,SMG+6.5,140,0.025493369455754606,0.0022829094814823528,2.3333333333333335
Gent,SMG+6.5,160,-0.004563487332778922,0.008352504328145997,2.6666666666666665
Gent,SMG+6.5,180,-0.03151234103873539,0.015091464077013797,3
Gent,SMG+6.5,200,-0.05991742804072849,0.02110653446804662,3.3333333333333335
Gent,SMG+6.5,220,-0.08177846559729907,0.02589945070203629,3.6666666666666665
Gent,SMG+6.5,240,-0.10051052466492524,0.03197650659769027,4
Gent,SMG+6.5,260,-0.12237638665002759,0.03947551401012082,4.333333333333333
Gent,SMG+6.5,280,-0.1386161201522016,0.043537423864352526,4.666666666666667
Gent,SMG+6.5,300,-0.15278097437489246,0.04623843563969348,5
Gent,SMG+6.5,320,-0.17194885360202544,0.04807014726989781,5.333333333333333
Gent,SMG+6.5,340,-0.18479719340880596,0.051320870636615994,5.666666666666667
Gent,SMG+6.5,360,-0.1990607085110621,0.04868597663448717,6
Gent,SMG+6.5,380,-0.21199124385199714,0.04581773534148054,6.333333333333333
Gent,SMG+6.5,400,-0.21699689366650315,0.042543805963238424,6.666666666666667
Gent,SMG+6.5,420,-0.22634829746305923,0.04412212079179154,7
Gent,SMG+6.5,440,-0.22800293231825947,0.042817520304454425,7.333333333333333
Gent,SMG+6.5,460,-0.23506696655374373,0.04044433271064944,7.666666666666667
Gent,SMG+6.5,480,-0.23946656561044932,0.0344018159666708,8
Gent,SMG+6.5,500,-0.23992381379808694,0.030648415218048418,8.333333333333334
Gent,SMG+6.5,520,-0.23120339570425402,0.034173115966814376,8.666666666666666
Gent,SMG+6.5,540,-0.22671142048306125,0.03870222499828623,9
Gent,SMG+6.5,560,-0.22359499414203998,0.05393538600757514,9.333333333333334
Gent,SMG+6.5,580,-0.21287584009391158,0.07896370260031037,9.666666666666666
Gent,SMG+6.5,600,-0.19698609106624476,0.10541573445453431,10
Gent,SMG+6.5,620,-0.18273205322697872,0.12455777739321755,10.333333333333334
Gent,SMG+6.5,640,-0.1697944632732875,0.15814382157427906,10.666666666666666
Gent,SMG+6.5,660,-0.16790967540325477,0.17025408692926727,11
Gent,SMG+6.5,680,-0.17865942954515382,0.15549179137731256,11.333333333333334
Gent,SMG+6.5,700,-0.17947150771470086,0.15144683317526644,11.666666666666666
Gent,SMG+6.5,720,-0.18682651750736,0.12165080908318059,12
Gent,SMG+6.5,740,-0.18846195197307056,0.09430756019242653,12.333333333333334
Gent,SMG+6.5,760,-0.18687994675063901,0.07220430126520218,12.666666666666666
Gent,SMG+6.5,780,-0.1766324855649456,0.05848825174351401,13
Gent,SMG+6.5,800,-0.17028885462154925,0.05646556388189546,13.333333333333334
Gent,SMG+6.5,820,-0.16387992904586798,0.06252968517907208,13.666666666666666
Gent,SMG+6.5,840,-0.1548241729522402,0.07109280084839913,14
Gent,SMG+6.5,860,-0.14994872702471077,0.07923148680297758,14.333333333333334
Gent,SMG+6.5,880,-0.152284136608505,0.0651003546880587,14.666666666666666
Gent,SMG+6.5,900,-0.16138267904098144,0.06313217901322608,15
Gent,SMG+6.5,920,-0.165339655977942,0.05991705330604016,15.333333333333334
Gent,SMG+6.5,940,-0.18106525053239064,0.05192050718970629,15.666666666666666
Gent,SMG+6.5,960,-0.1871538610990322,0.05253472822087863,16
Gent,SMG+6.5,980,-0.20135137360455008,0.05392298418790966,16.333333333333332
Gent,SMG+6.5,1000,-0.2109860883316632,0.06077294328523314,16.666666666666668
Gent,SMG+6.5,1020,-0.2219211761466895,0.061582334631970326,17
Gent,SMG+6.5,1040,-0.23820984199434292,0.06454368679272054,17.333333333333332
Gent,SMG+6.5,1060,-0.24937879387336423,0.07271259854095714,17.666666666666668
Gent,SMG+6.5,1080,-0.26726051140711243,0.0721347254015542,18
Gent,SMG+6.5,1100,-0.27867901236739523,0.08091316174303487,18.333333333333332
Gent,SMG+6.5,1120,-0.29294356769382096,0.08136514384989381,18.666666666666668
Gent,SMG+6.5,1140,-0.303191181891437,0.08575434332744623,19
Gent,SMG+6.5,1160,-0.31790663773843325,0.08408666576690912,19.333333333333332
Gent,SMG+6.5,1180,-0.3297321163744778,0.0915414960638358,19.666666666666668
Gent,SMG+6.5,1200,-0.3443184022600453,0.0897291165893834,20
Gent,SMG+6.5,1220,-0.35623033312092894,0.09281790340187739,20.333333333333332
