SampleID,Condition,Dose_Gy,series,time_h,OD600
Ctrl-1,1g,0,fitted,0,0.026736004380250245
Ctrl-1,1g,0,fitted,0.05,0.026753346950767004
Ctrl-1,1g,0,fitted,0.1,0.026771612837200375
Ctrl-1,1g,0,fitted,0.15000000000000002,0.026790850754472798
Ctrl-1,1g,0,fitted,0.2,0.026811111939232492
Ctrl-1,1g,0,fitted,0.25,0.02683245027506014
Ctrl-1,1g,0,fitted,0.30000000000000004,0.026854922423301963
Ctrl-1,1g,0,fitted,0.35000000000000003,0.026878587959715088
Ctrl-1,1g,0,fitted,0.4,0.026903509517108824
Ctrl-1,1g,0,fitted,0.45,0.026929752934162356
Ctrl-1,1g,0,fitted,0.5,0.026957387410594166
Ctrl-1,1g,0,fitted,0.55,0.026986485668852152
Ctrl-1,1g,0,fitted,0.6000000000000001,0.027017124122484762
Ctrl-1,1g,0,fitted,0.65,0.027049383051342798
Ctrl-1,1g,0,fitted,0.7000000000000001,0.02708334678374854
Ctrl-1,1g,0,fitted,0.75,0.02711910388575281
Ctrl-1,1g,0,fitted,0.8,0.027156747357581945
Ctrl-1,1g,0,fitted,0.8500000000000001,0.027196374837354167
Ctrl-1,1g,0,fitted,0.9,0.027238088812118925
Ctrl-1,1g,0,fitted,0.9500000000000001,0.0272819968362425
Ctrl-1,1g,0,fitted,1,0.02732821175712835
Ctrl-1,1g,0,fitted,1.05,0.027376851948220603
Ctrl-1,1g,0,fitted,1.1,0.02742804154919373
Ctrl-1,1g,0,fitted,1.1500000000000001,0.02748191071317946
Ctrl-1,1g,0,fitted,1.2000000000000002,0.027538595860823745
Ctrl-1,1g,0,fitted,1.25,0.027598239940900476
Ctrl-1,1g,0,fitted,1.3,0.027660992697134956
Ctrl-1,1g,0,fitted,1.35,0.02772701094080743
Ctrl-1,1g,0,fitted,1.4000000000000001,0.027796458828614853
Ctrl-1,1g,0,fitted,1.4500000000000002,0.027869508145166887
Ctrl-1,1g,0,fitted,1.5,0.027946338589378783
Ctrl-1,1g,0,fitted,1.55,0.02802713806389883
Ctrl-1,1g,0,fitted,1.6,0.028112102966570324
Ctrl-1,1g,0,fitted,1.6500000000000001,0.028201438482777078
Ctrl-1,1g,0,fitted,1.7000000000000002,0.028295358877356187
Ctrl-1,1g,0,fitted,1.75,0.02839408778458166
Ctrl-1,1g,0,fitted,1.8,0.028497858494526473
Ctrl-1,1g,0,fitted,1.85,0.02860691423389857
Ctrl-1,1g,0,fitted,1.9000000000000001,0.02872150843921692
Ctrl-1,1g,0,fitted,1.9500000000000002,0.028841905019947236
Ctrl-1,1g,0,fitted,2,0.02896837860895265
Ctrl-1,1g,0,fitted,2.0500000000000003,0.02910121479733238
Ctrl-1,1g,0,fitted,2.1,0.029240710350421573
Ctrl-1,1g,0,fitted,2.15,0.029387173401408215
Ctrl-1,1g,0,fitted,2.2,0.029540923618689034
Ctrl-1,1g,0,fitted,2.25,0.02970229234273691
Ctrl-1,1g,0,fitted,2.3000000000000003,0.029871622687888767
Ctrl-1,1g,0,fitted,2.35,0.03004926960408771
Ctrl-1,1g,0,fitted,2.4000000000000004,0.030235599893228535
Ctrl-1,1g,0,fitted,2.45,0.030430992174365463
Ctrl-1,1g,0,fitted,2.5,0.030635836791649086
Ctrl-1,1g,0,fitted,2.5500000000000003,0.030850535658470846
Ctrl-1,1g,0,fitted,2.6,0.03107550203091427
Ctrl-1,1g,0,fitted,2.6500000000000004,0.031311160203249484
Ctrl-1,1g,0,fitted,2.7,0.03155794511786907
Ctrl-1,1g,0,fitted,2.75,0.03181630188175925
Ctrl-1,1g,0,fitted,2.8000000000000003,0.03208668518134008
Ctrl-1,1g,0,fitted,2.85,0.03236955858730512
Ctrl-1,1g,0,fitted,2.9000000000000004,0.032665393740956575
Ctrl-1,1g,0,fitted,2.95,0.03297466941348207
Ctrl-1,1g,0,fitted,3,0.033297870429668905
Ctrl-1,1g,0,fitted,3.0500000000000003,0.03363548644771795
Ctrl-1,1g,0,fitted,3.1,0.033988010587120594
Ctrl-1,1g,0,fitted,3.1500000000000004,0.034355937897016256
Ctrl-1,1g,0,fitted,3.2,0.03473976365807524
Ctrl-1,1g,0,fitted,3.25,0.035139981511770196
Ctrl-1,1g,0,fitted,3.3000000000000003,0.0355570814119295
Ctrl-1,1g,0,fitted,3.35,0.035991547394724085
Ctrl-1,1g,0,fitted,3.4000000000000004,0.036443855164743834
Ctrl-1,1g,0,fitted,3.45,0.03691446949658339
Ctrl-1,1g,0,fitted,3.5,0.037403841453391706
Ctrl-1,1g,0,fitted,3.5500000000000003,0.03791240542615226
Ctrl-1,1g,0,fitted,3.6,0.038440576000052185
Ctrl-1,1g,0,fitted,3.6500000000000004,0.03898874465716555
Ctrl-1,1g,0,fitted,3.7,0.03955727632780526
Ctrl-1,1g,0,fitted,3.75,0.04014650580627085
Ctrl-1,1g,0,fitted,3.8000000000000003,0.040756734050305096
Ctrl-1,1g,0,fitted,3.85,0.04138822438733111
Ctrl-1,1g,0,fitted,3.9000000000000004,0.042041198654422914
Ctrl-1,1g,0,fitted,3.95,0.04271583330290277
Ctrl-1,1g,0,fitted,4,0.043412255502385075
Ctrl-1,1g,0,fitted,4.05,0.044130539282912086
Ctrl-1,1g,0,fitted,4.1000000000000005,0.04487070175745643
Ctrl-1,1g,0,fitted,4.15,0.04563269947039312
Ctrl-1,1g,0,fitted,4.2,0.046416424920456126
Ctrl-1,1g,0,fitted,4.25,0.047221703309074436
Ctrl-1,1g,0,fitted,4.3,0.0480482895667092
Ctrl-1,1g,0,fitted,4.3500000000000005,0.04889586571076937
Ctrl-1,1g,0,fitted,4.4,0.049764038588756165
Ctrl-1,1g,0,fitted,4.45,0.05065233805937532
Ctrl-1,1g,0,fitted,4.5,0.05156021566237453
Ctrl-1,1g,0,fitted,4.55,0.0524870438247474
Ctrl-1,1g,0,fitted,4.6000000000000005,0.05343211564665452
Ctrl-1,1g,0,fitted,4.65,0.05439464530493715
Ctrl-1,1g,0,fitted,4.7,0.05537376910546496
Ctrl-1,1g,0,fitted,4.75,0.05636854720782443
Ctrl-1,1g,0,fitted,4.800000000000001,0.05737796603712189
Ctrl-1,1g,0,fitted,4.8500000000000005,0.05840094138807677
Ctrl-1,1g,0,fitted,4.9,0.05943632221629644
Ctrl-1,1g,0,fitted,4.95,0.06048289510085646
Ctrl-1,1g,0,fitted,5,0.06153938935130112
Ctrl-1,1g,0,fitted,5.050000000000001,0.06260448272118428
Ctrl-1,1g,0,fitted,5.1000000000000005,0.06367680767956585
Ctrl-1,1g,0,fitted,5.15,0.06475495818174314
Ctrl-1,1g,0,fitted,5.2,0.06583749687120294
Ctrl-1,1g,0,fitted,5.25,0.06692296263659023
Ctrl-1,1g,0,fitted,5.300000000000001,0.06800987844063641
Ctrl-1,1g,0,fitted,5.3500000000000005,0.06909675933267481
Ctrl-1,1g,0,fitted,5.4,0.0701821205527525
Ctrl-1,1g,0,fitted,5.45,0.07126448563353162
Ctrl-1,1g,0,fitted,5.5,0.07234239440621765
Ctrl-1,1g,0,fitted,5.550000000000001,0.0734144108186538
Ctrl-1,1g,0,fitted,5.6000000000000005,0.07447913047742191
Ctrl-1,1g,0,fitted,5.65,0.0755351878311822
Ctrl-1,1g,0,fitted,5.7,0.07658126291940356
Ctrl-1,1g,0,fitted,5.75,0.077616087618885
Ctrl-1,1g,0,fitted,5.800000000000001,0.07863845132980604
Ctrl-1,1g,0,fitted,5.8500000000000005,0.07964720605321438
Ctrl-1,1g,0,fitted,5.9,0.0806412708225831
Ctrl-1,1g,0,fitted,5.95,0.08161963546307058
Ctrl-1,1g,0,fitted,6,0.0825813636631211
Ctrl-1,1g,0,fitted,6.050000000000001,0.08352559535379248
Ctrl-1,1g,0,fitted,6.1000000000000005,0.08445154840145463
Ctrl-1,1g,0,fitted,6.15,0.0853585196290636
Ctrl-1,1g,0,fitted,6.2,0.0862458851899044
Ctrl-1,1g,0,fitted,6.25,0.08711310032538111
Ctrl-1,1g,0,fitted,6.300000000000001,0.08795969854501305
Ctrl-1,1g,0,fitted,6.3500000000000005,0.08878529027221604
Ctrl-1,1g,0,fitted,6.4,0.08958956100368237
Ctrl-1,1g,0,fitted,6.45,0.09037226903323484
Ctrl-1,1g,0,fitted,6.5,0.09113324279296049
Ctrl-1,1g,0,fitted,6.550000000000001,0.09187237786529169
Ctrl-1,1g,0,fitted,6.6000000000000005,0.09258963371958619
Ctrl-1,1g,0,fitted,6.65,0.09328503022576323
Ctrl-1,1g,0,fitted,6.7,0.09395864399579203
Ctrl-1,1g,0,fitted,6.75,0.09461060460142237
Ctrl-1,1g,0,fitted,6.800000000000001,0.09524109071361163
Ctrl-1,1g,0,fitted,6.8500000000000005,0.09585032620575877
Ctrl-1,1g,0,fitted,6.9,0.09643857625921459
Ctrl-1,1g,0,fitted,6.95,0.09700614350570473
Ctrl-1,1g,0,fitted,7,0.0975533642373737
Ctrl-1,1g,0,fitted,7.050000000000001,0.09808060471121824
Ctrl-1,1g,0,fitted,7.1000000000000005,0.09858825757080254
Ctrl-1,1g,0,fitted,7.15,0.09907673840439495
Ctrl-1,1g,0,fitted,7.2,0.09954648245509014
Ctrl-1,1g,0,fitted,7.25,0.09999794149511886
Ctrl-1,1g,0,fitted,7.300000000000001,0.10043158087342939
Ctrl-1,1g,0,fitted,7.3500000000000005,0.10084787674277108
Ctrl-1,1g,0,fitted,7.4,0.10124731346993227
Ctrl-1,1g,0,fitted,7.45,0.10163038123048466
Ctrl-1,1g,0,fitted,7.5,0.10199757378736575
Ctrl-1,1g,0,fitted,7.550000000000001,0.10234938645087838
Ctrl-1,1g,0,fitted,7.6000000000000005,0.10268631421619494
Ctrl-1,1g,0,fitted,7.65,0.10300885007320598
Ctrl-1,1g,0,fitted,7.7,0.10331748348253353
Ctrl-1,1g,0,fitted,7.75,0.10361269901072
Ctrl-1,1g,0,fitted,7.800000000000001,0.10389497511698567
Ctrl-1,1g,0,fitted,7.8500000000000005,0.10416478308350015
Ctrl-1,1g,0,fitted,7.9,0.10442258608081982
Ctrl-1,1g,0,fitted,7.95,0.10466883835998188
Ctrl-1,1g,0,fitted,8,0.10490398456270154
Ctrl-1,1g,0,fitted,8.05,0.10512845914117312
Ctrl-1,1g,0,fitted,8.1,0.10534268587911318
Ctrl-1,1g,0,fitted,8.15,0.10554707750589087
Ctrl-1,1g,0,fitted,8.200000000000001,0.10574203539585257
Ctrl-1,1g,0,fitted,8.25,0.10592794934525426
Ctrl-1,1g,0,fitted,8.3,0.1061051974195546
Ctrl-1,1g,0,fitted,8.35,0.10627414586418549
Ctrl-1,1g,0,fitted,8.4,0.10643514907229669
Ctrl-1,1g,0,fitted,8.450000000000001,0.10658854960335941
Ctrl-1,1g,0,fitted,8.5,0.10673467824690673
Ctrl-1,1g,0,fitted,8.55,0.10687385412607774
Ctrl-1,1g,0,fitted,8.6,0.1070063848360172
Ctrl-1,1g,0,fitted,8.65,0.1071325666125571
Ctrl-1,1g,0,fitted,8.700000000000001,0.10725268452696934
Ctrl-1,1g,0,fitted,8.75,0.10736701270292738
Ctrl-1,1g,0,fitted,8.8,0.10747581455214815
Ctrl-1,1g,0,fitted,8.85,0.10757934302550212
Ctrl-1,1g,0,fitted,8.9,0.10767784087667763
Ctrl-1,1g,0,fitted,8.950000000000001,0.10777154093576817
Ctrl-1,1g,0,fitted,9,0.10786066639041396
Ctrl-1,1g,0,fitted,9.05,0.10794543107237499
Ctrl-1,1g,0,fitted,9.1,0.10802603974764166
Ctrl-1,1g,0,fitted,9.15,0.10810268840839984
Ctrl-1,1g,0,fitted,9.200000000000001,0.10817556456536304
Ctrl-1,1g,0,fitted,9.25,0.10824484753916327
Ctrl-1,1g,0,fitted,9.3,0.10831070874965729
Ctrl-1,1g,0,fitted,9.35,0.10837331200215453
Ctrl-1,1g,0,fitted,9.4,0.10843281376971112
Ctrl-1,1g,0,fitted,9.450000000000001,0.10848936347075762
Ctrl-1,1g,0,fitted,9.5,0.10854310374144199
Ctrl-1,1g,0,fitted,9.55,0.10859417070217026
Ctrl-1,1g,0,fitted,9.600000000000001,0.10864269421791926
Ctrl-1,1g,0,fitted,9.65,0.10868879815197845
Ctrl-1,1g,0,fitted,9.700000000000001,0.10873260061285019
Ctrl-1,1g,0,fitted,9.75,0.10877421419410485
Ctrl-1,1g,0,fitted,9.8,0.10881374620704384
Ctrl-1,1g,0,fitted,9.850000000000001,0.1088512989060762
Ctrl-1,1g,0,fitted,9.9,0.10888696970675901
Ctrl-1,1g,0,fitted,9.950000000000001,0.10892085139649199
Ctrl-1,1g,0,fitted,10,0.10895303233789087
Ctrl-1,1g,0,observed,0,0.037133332
Ctrl-1,1g,0,observed,1,0.022166665
Ctrl-1,1g,0,observed,2,0.022233333
Ctrl-1,1g,0,observed,3,0.032799997
Ctrl-1,1g,0,observed,4.5,0.055199999
Ctrl-1,1g,0,observed,6,0.079699996
Ctrl-1,1g,0,observed,7.5,0.10318333
Ctrl-1,1g,0,observed,9,0.109399993
Ctrl-1,1g,0,observed,10,0.107466672
Ctrl-2,1g,0,fitted,0,0.025191260262068763
Ctrl-2,1g,0,fitted,0.05,0.025212737552033983
Ctrl-2,1g,0,fitted,0.1,0.0252352459756051
Ctrl-2,1g,0,fitted,0.15000000000000002,0.025258834441392104
Ctrl-2,1g,0,fitted,0.2,0.025283554118898186
Ctrl-2,1g,0,fitted,0.25,0.02530945853719774
Ctrl-2,1g,0,fitted,0.30000000000000004,0.02533660368733689
Ctrl-2,1g,0,fitted,0.35000000000000003,0.025365048128536374
Ctrl-2,1g,0,fitted,0.4,0.02539485309827116
Ctrl-2,1g,0,fitted,0.45,0.025426082626294796
Ctrl-2,1g,0,fitted,0.5,0.025458803652668865
Ctrl-2,1g,0,fitted,0.55,0.025493086149848937
Ctrl-2,1g,0,fitted,0.6000000000000001,0.025529003248868216
Ctrl-2,1g,0,fitted,0.65,0.025566631369647957
Ctrl-2,1g,0,fitted,0.7000000000000001,0.025606050355450213
Ctrl-2,1g,0,fitted,0.75,0.025647343611472802
Ctrl-2,1g,0,fitted,0.8,0.02569059824756883
Ctrl-2,1g,0,fitted,0.8500000000000001,0.025735905225053056
Ctrl-2,1g,0,fitted,0.9,0.025783359507535145
Ctrl-2,1g,0,fitted,0.9500000000000001,0.02583306021569461
Ctrl-2,1g,0,fitted,1,0.025885110785884378
Ctrl-2,1g,0,fitted,1.05,0.02593961913241864
Ctrl-2,1g,0,fitted,1.1,0.025996697813366137
Ctrl-2,1g,0,fitted,1.1500000000000001,0.026056464199631764
Ctrl-2,1g,0,fitted,1.2000000000000002,0.026119040647067094
Ctrl-2,1g,0,fitted,1.25,0.026184554671304105
Ctrl-2,1g,0,fitted,1.3,0.02625313912495526
Ctrl-2,1g,0,fitted,1.35,0.026324932376767345
Ctrl-2,1g,0,fitted,1.4000000000000001,0.026400078492255494
Ctrl-2,1g,0,fitted,1.4500000000000002,0.026478727415277327
Ctrl-2,1g,0,fitted,1.5,0.026561035149935054
Ctrl-2,1g,0,fitted,1.55,0.026647163942115037
Ctrl-2,1g,0,fitted,1.6,0.026737282459889707
Ctrl-2,1g,0,fitted,1.6500000000000001,0.02683156597191557
Ctrl-2,1g,0,fitted,1.7000000000000002,0.026930196522862822
Ctrl-2,1g,0,fitted,1.75,0.027033363104806873
Ctrl-2,1g,0,fitted,1.8,0.027141261823399605
Ctrl-2,1g,0,fitted,1.85,0.02725409605751819
Ctrl-2,1g,0,fitted,1.9000000000000001,0.027372076610961887
Ctrl-2,1g,0,fitted,1.9500000000000002,0.027495421854632253
Ctrl-2,1g,0,fitted,2,0.027624357857489908
Ctrl-2,1g,0,fitted,2.0500000000000003,0.02775911850443135
Ctrl-2,1g,0,fitted,2.1,0.02789994559907294
Ctrl-2,1g,0,fitted,2.15,0.0280470889492662
Ctrl-2,1g,0,fitted,2.2,0.02820080643299983
Ctrl-2,1g,0,fitted,2.25,0.02836136404217006
Ctrl-2,1g,0,fitted,2.3000000000000003,0.02852903590152332
Ctrl-2,1g,0,fitted,2.35,0.028704104259894385
Ctrl-2,1g,0,fitted,2.4000000000000004,0.028886859450681663
Ctrl-2,1g,0,fitted,2.45,0.029077599818319762
Ctrl-2,1g,0,fitted,2.5,0.029276631607331093
Ctrl-2,1g,0,fitted,2.5500000000000003,0.029484268810364533
Ctrl-2,1g,0,fitted,2.6,0.029700832971463843
Ctrl-2,1g,0,fitted,2.6500000000000004,0.02992665294065401
Ctrl-2,1g,0,fitted,2.7,0.03016206457579414
Ctrl-2,1g,0,fitted,2.75,0.030407410387524845
Ctrl-2,1g,0,fitted,2.8000000000000003,0.03066303912304086
Ctrl-2,1g,0,fitted,2.85,0.030929305284350672
Ctrl-2,1g,0,fitted,2.9000000000000004,0.031206568576650065
Ctrl-2,1g,0,fitted,2.95,0.03149519328244104
Ctrl-2,1g,0,fitted,3,0.031795547557078564
Ctrl-2,1g,0,fitted,3.0500000000000003,0.03210800264153072
Ctrl-2,1g,0,fitted,3.1,0.03243293198830119
Ctrl-2,1g,0,fitted,3.1500000000000004,0.03277071029669281
Ctrl-2,1g,0,fitted,3.2,0.03312171245389532
Ctrl-2,1g,0,fitted,3.25,0.033486312378766085
Ctrl-2,1g,0,fitted,3.3000000000000003,0.03386488176564745
Ctrl-2,1g,0,fitted,3.35,0.03425778872613476
Ctrl-2,1g,0,fitted,3.4000000000000004,0.03466539632738181
Ctrl-2,1g,0,fitted,3.45,0.03508806102631082
Ctrl-2,1g,0,fitted,3.5,0.03552613099998732
Ctrl-2,1g,0,fitted,3.5500000000000003,0.03597994437342858
Ctrl-2,1g,0,fitted,3.6,0.03644982734724096
Ctrl-2,1g,0,fitted,3.6500000000000004,0.0369360922287246
Ctrl-2,1g,0,fitted,3.7,0.03743903537144219
Ctrl-2,1g,0,fitted,3.75,0.037958935029716395
Ctrl-2,1g,0,fitted,3.8000000000000003,0.0384960491360891
Ctrl-2,1g,0,fitted,3.85,0.039050613011435024
Ctrl-2,1g,0,fitted,3.9000000000000004,0.03962283701915587
Ctrl-2,1g,0,fitted,3.95,0.04021290417667098
Ctrl-2,1g,0,fitted,4,0.04082096773924378
Ctrl-2,1g,0,fitted,4.05,0.04144714877301287
Ctrl-2,1g,0,fitted,4.1000000000000005,0.042091533735901764
Ctrl-2,1g,0,fitted,4.15,0.04275417208682747
Ctrl-2,1g,0,fitted,4.2,0.04343507394527752
Ctrl-2,1g,0,fitted,4.25,0.04413420782483517
Ctrl-2,1g,0,fitted,4.3,0.04485149846556136
Ctrl-2,1g,0,fitted,4.3500000000000005,0.04558682479124376
Ctrl-2,1g,0,fitted,4.4,0.04634001801835094
Ctrl-2,1g,0,fitted,4.45,0.047110859944040656
Ctrl-2,1g,0,fitted,4.5,0.047899081440719346
Ctrl-2,1g,0,fitted,4.55,0.048704361184397166
Ctrl-2,1g,0,fitted,4.6000000000000005,0.049526324643393745
Ctrl-2,1g,0,fitted,4.65,0.05036454335279421
Ctrl-2,1g,0,fitted,4.7,0.05121853449841525
Ctrl-2,1g,0,fitted,4.75,0.0520877608319017
Ctrl-2,1g,0,fitted,4.800000000000001,0.05297163093593954
Ctrl-2,1g,0,fitted,4.8500000000000005,0.0538694998554487
Ctrl-2,1g,0,fitted,4.9,0.05478067010703611
Ctrl-2,1g,0,fitted,4.95,0.05570439307498134
Ctrl-2,1g,0,fitted,5,0.056639870797646555
Ctrl-2,1g,0,fitted,5.050000000000001,0.05758625814351166
Ctrl-2,1g,0,fitted,5.1000000000000005,0.05854266537111168
Ctrl-2,1g,0,fitted,5.15,0.05950816106208144
Ctrl-2,1g,0,fitted,5.2,0.060481775411390076
Ctrl-2,1g,0,fitted,5.25,0.06146250385377354
Ctrl-2,1g,0,fitted,5.300000000000001,0.062449311000456656
Ctrl-2,1g,0,fitted,5.3500000000000005,0.06344113485559984
Ctrl-2,1g,0,fitted,5.4,0.06443689127761738
Ctrl-2,1g,0,fitted,5.45,0.06543547864668993
Ctrl-2,1g,0,fitted,5.5,0.06643578269652586
Ctrl-2,1g,0,fitted,5.550000000000001,0.0674366814657919
Ctrl-2,1g,0,fitted,5.6000000000000005,0.0684370503226965
Ctrl-2,1g,0,fitted,5.65,0.06943576701501977
Ctrl-2,1g,0,fitted,5.7,0.07043171669746727
Ctrl-2,1g,0,fitted,5.75,0.0714237968885959
Ctrl-2,1g,0,fitted,5.800000000000001,0.07241092231070673
Ctrl-2,1g,0,fitted,5.8500000000000005,0.07339202956799334
Ctrl-2,1g,0,fitted,5.9,0.07436608162083125
Ctrl-2,1g,0,fitted,5.95,0.07533207201732618
Ctrl-2,1g,0,fitted,6,0.0762890288470345
Ctrl-2,1g,0,fitted,6.050000000000001,0.07723601838603272
Ctrl-2,1g,0,fitted,6.1000000000000005,0.07817214840715066
Ctrl-2,1g,0,fitted,6.15,0.07909657113408854
Ctrl-2,1g,0,fitted,6.2,0.0800084858232048
Ctrl-2,1g,0,fitted,6.25,0.0809071409618855
Ctrl-2,1g,0,fitted,6.300000000000001,0.0817918360774828
Ctrl-2,1g,0,fitted,6.3500000000000005,0.08266192315574511
Ctrl-2,1g,0,fitted,6.4,0.08351680767236815
Ctrl-2,1g,0,fitted,6.45,0.08435594924569607
Ctrl-2,1g,0,fitted,6.5,0.0851788619226334
Ctrl-2,1g,0,fitted,6.550000000000001,0.08598511411343657
Ctrl-2,1g,0,fitted,6.6000000000000005,0.08677432819420419
Ctrl-2,1g,0,fitted,6.65,0.08754617979854831
Ctrl-2,1g,0,fitted,6.7,0.08830039682209595
Ctrl-2,1g,0,fitted,6.75,0.08903675816514024
Ctrl-2,1g,0,fitted,6.800000000000001,0.08975509223994199
Ctrl-2,1g,0,fitted,6.8500000000000005,0.09045527526989834
Ctrl-2,1g,0,fitted,6.9,0.0911372294080731
Ctrl-2,1g,0,fitted,6.95,0.09180092070245537
Ctrl-2,1g,0,fitted,7,0.09244635693482409
Ctrl-2,1g,0,fitted,7.050000000000001,0.0930735853592837
Ctrl-2,1g,0,fitted,7.1000000000000005,0.09368269036544982
Ctrl-2,1g,0,fitted,7.15,0.09427379108994689
Ctrl-2,1g,0,fitted,7.2,0.09484703899837828
Ctrl-2,1g,0,fitted,7.25,0.09540261545828711
Ctrl-2,1g,0,fitted,7.300000000000001,0.09594072932188492
Ctrl-2,1g,0,fitted,7.3500000000000005,0.09646161453552146
Ctrl-2,1g,0,fitted,7.4,0.09696552779104074
Ctrl-2,1g,0,fitted,7.45,0.0974527462323439
Ctrl-2,1g,0,fitted,7.5,0.09792356522868662
Ctrl-2,1g,0,fitted,7.550000000000001,0.09837829622450187
Ctrl-2,1g,0,fitted,7.6000000000000005,0.09881726467387433
Ctrl-2,1g,0,fitted,7.65,0.09924080806621931
Ctrl-2,1g,0,fitted,7.7,0.09964927404824368
Ctrl-2,1g,0,fitted,7.75,0.1000430186459037
Ctrl-2,1g,0,fitted,7.800000000000001,0.10042240458882228
Ctrl-2,1g,0,fitted,7.8500000000000005,0.10078779973849718
Ctrl-2,1g,0,fitted,7.9,0.10113957562061492
Ctrl-2,1g,0,fitted,7.95,0.10147810606088577
Ctrl-2,1g,0,fitted,8,0.10180376592302923
Ctrl-2,1g,0,fitted,8.05,0.10211692994685913
Ctrl-2,1g,0,fitted,8.1,0.10241797168384305
Ctrl-2,1g,0,fitted,8.15,0.1027072625270291
Ctrl-2,1g,0,fitted,8.200000000000001,0.10298517083184339
Ctrl-2,1g,0,fitted,8.25,0.10325206112395265
Ctrl-2,1g,0,fitted,8.3,0.10350829339015155
Ctrl-2,1g,0,fitted,8.35,0.10375422244806892
Ctrl-2,1g,0,fitted,8.4,0.10399019739037908
Ctrl-2,1g,0,fitted,8.450000000000001,0.10421656109915173
Ctrl-2,1g,0,fitted,8.5,0.10443364982596623
Ctrl-2,1g,0,fitted,8.55,0.1046417928334494
Ctrl-2,1g,0,fitted,8.6,0.10484131209396215
Ctrl-2,1g,0,fitted,8.65,0.1050325220412574
Ctrl-2,1g,0,fitted,8.700000000000001,0.10521572937104963
Ctrl-2,1g,0,fitted,8.75,0.10539123288657641
Ctrl-2,1g,0,fitted,8.8,0.10555932338538496
Ctrl-2,1g,0,fitted,8.85,0.10572028358374187
Ctrl-2,1g,0,fitted,8.9,0.10587438807523819
Ctrl-2,1g,0,fitted,8.950000000000001,0.1060219033203389
Ctrl-2,1g,0,fitted,9,0.10616308766380836
Ctrl-2,1g,0,fitted,9.05,0.10629819137712444
Ctrl-2,1g,0,fitted,9.1,0.10642745672317482
Ctrl-2,1g,0,fitted,9.15,0.10655111804070692
Ctrl-2,1g,0,fitted,9.200000000000001,0.10666940184617707
Ctrl-2,1g,0,fitted,9.25,0.10678252695081358
Ctrl-2,1g,0,fitted,9.3,0.10689070459087131
Ctrl-2,1g,0,fitted,9.35,0.10699413856921267
Ctrl-2,1g,0,fitted,9.4,0.10709302540649958
Ctrl-2,1g,0,fitted,9.450000000000001,0.10718755450042411
Ctrl-2,1g,0,fitted,9.5,0.10727790829154012
Ctrl-2,1g,0,fitted,9.55,0.10736426243438724
Ctrl-2,1g,0,fitted,9.600000000000001,0.10744678597271767
Ctrl-2,1g,0,fitted,9.65,0.10752564151775036
Ctrl-2,1g,0,fitted,9.700000000000001,0.1076009854284817
Ctrl-2,1g,0,fitted,9.75,0.10767296799318155
Ctrl-2,1g,0,fitted,9.8,0.10774173361129383
Ctrl-2,1g,0,fitted,9.850000000000001,0.10780742097504707
Ctrl-2,1g,0,fitted,9.9,0.10787016325015784
Ctrl-2,1g,0,fitted,9.950000000000001,0.10793008825508342
Ctrl-2,1g,0,fitted,10,0.10798731863834629
Ctrl-2,1g,0,observed,0,0.036533334
Ctrl-2,1g,0,observed,1,0.019300001
Ctrl-2,1g,0,observed,2,0.017683335
Ctrl-2,1g,0,observed,3,0.035283335
Ctrl-2,1g,0,observed,4.5,0.052158337
Ctrl-2,1g,0,observed,6,0.071116671
Ctrl-2,1g,0,observed,7.5,0.10191667
Ctrl-2,1g,0,observed,9,0.107566672
Ctrl-2,1g,0,observed,10,0.105200003
Ctrl-3,1g,0,fitted,0,0.026281897299496038
Ctrl-3,1g,0,fitted,0.05,0.026328737792653628
Ctrl-3,1g,0,fitted,0.1,0.026377185885100112
Ctrl-3,1g,0,fitted,0.15000000000000002,0.02642729478816041
Ctrl-3,1g,0,fitted,0.2,0.02647911933535037
Ctrl-3,1g,0,fitted,0.25,0.02653271602188187
Ctrl-3,1g,0,fitted,0.30000000000000004,0.0265881430443868
Ctrl-3,1g,0,fitted,0.35000000000000003,0.026645460340794996
Ctrl-3,1g,0,fitted,0.4,0.026704729630294577
Ctrl-3,1g,0,fitted,0.45,0.02676601445329678
Ctrl-3,1g,0,fitted,0.5,0.026829380211319975
Ctrl-3,1g,0,fitted,0.55,0.026894894206700364
Ctrl-3,1g,0,fitted,0.6000000000000001,0.02696262568202866
Ctrl-3,1g,0,fitted,0.65,0.02703264585920388
Ctrl-3,1g,0,fitted,0.7000000000000001,0.027105027977986446
Ctrl-3,1g,0,fitted,0.75,0.027179847333923587
Ctrl-3,1g,0,fitted,0.8,0.027257181315510227
Ctrl-3,1g,0,fitted,0.8500000000000001,0.027337109440438368
Ctrl-3,1g,0,fitted,0.9,0.027419713390777253
Ctrl-3,1g,0,fitted,0.9500000000000001,0.02750507704691542
Ctrl-3,1g,0,fitted,1,0.0275932865200841
Ctrl-3,1g,0,fitted,1.05,0.027684430183269194
Ctrl-3,1g,0,fitted,1.1,0.027778598700306606
Ctrl-3,1g,0,fitted,1.1500000000000001,0.027875885052942397
Ctrl-3,1g,0,fitted,1.2000000000000002,0.027976384565625914
Ctrl-3,1g,0,fitted,1.25,0.02808019492779
Ctrl-3,1g,0,fitted,1.3,0.028187416213357953
Ctrl-3,1g,0,fitted,1.35,0.028298150897202334
Ctrl-3,1g,0,fitted,1.4000000000000001,0.02841250386826552
Ctrl-3,1g,0,fitted,1.4500000000000002,0.028530582439036604
Ctrl-3,1g,0,fitted,1.5,0.028652496351063674
Ctrl-3,1g,0,fitted,1.55,0.028778357776164634
Ctrl-3,1g,0,fitted,1.6,0.028908281312983983
Ctrl-3,1g,0,fitted,1.6500000000000001,0.029042383978526938
Ctrl-3,1g,0,fitted,1.7000000000000002,0.02918078519428651
Ctrl-3,1g,0,fitted,1.75,0.029323606766563502
Ctrl-3,1g,0,fitted,1.8,0.029470972860563868
Ctrl-3,1g,0,fitted,1.85,0.02962300996784295
Ctrl-3,1g,0,fitted,1.9000000000000001,0.029779846866651735
Ctrl-3,1g,0,fitted,1.9500000000000002,0.029941614574726296
Ctrl-3,1g,0,fitted,2,0.030108446294048893
Ctrl-3,1g,0,fitted,2.0500000000000003,0.030280477347097243
Ctrl-3,1g,0,fitted,2.1,0.03045784510408784
Ctrl-3,1g,0,fitted,2.15,0.03064068890071016
Ctrl-3,1g,0,fitted,2.2,0.030829149945840982
Ctrl-3,1g,0,fitted,2.25,0.03102337121872267
Ctrl-3,1g,0,fitted,2.3000000000000003,0.031223497355085703
Ctrl-3,1g,0,fitted,2.35,0.031429674521695164
Ctrl-3,1g,0,fitted,2.4000000000000004,0.031642050278802486
Ctrl-3,1g,0,fitted,2.45,0.03186077342998897
Ctrl-3,1g,0,fitted,2.5,0.0320859938588957
Ctrl-3,1g,0,fitted,2.5500000000000003,0.032317862352346724
Ctrl-3,1g,0,fitted,2.6,0.0325565304093884
Ctrl-3,1g,0,fitted,2.6500000000000004,0.03280215003578817
Ctrl-3,1g,0,fitted,2.7,0.033054873523561665
Ctrl-3,1g,0,fitted,2.75,0.033314853215126776
Ctrl-3,1g,0,fitted,2.8000000000000003,0.033582241251719776
Ctrl-3,1g,0,fitted,2.85,0.03385718930574957
Ctrl-3,1g,0,fitted,2.9000000000000004,0.03413984829681423
Ctrl-3,1g,0,fitted,2.95,0.03443036809115779
Ctrl-3,1g,0,fitted,3,0.03472889718440628
Ctrl-3,1g,0,fitted,3.0500000000000003,0.03503558236748951
Ctrl-3,1g,0,fitted,3.1,0.03535056837573049
Ctrl-3,1g,0,fitted,3.1500000000000004,0.03567399752116618
Ctrl-3,1g,0,fitted,3.2,0.03600600930825348
Ctrl-3,1g,0,fitted,3.25,0.03634674003321174
Ctrl-3,1g,0,fitted,3.3000000000000003,0.03669632236735784
Ctrl-3,1g,0,fitted,3.35,0.03705488492490254
Ctrl-3,1g,0,fitted,3.4000000000000004,0.03742255181579656
Ctrl-3,1g,0,fitted,3.45,0.03779944218434175
Ctrl-3,1g,0,fitted,3.5,0.03818566973441617
Ctrl-3,1g,0,fitted,3.5500000000000003,0.0385813422423019
Ctrl-3,1g,0,fitted,3.6,0.03898656105824973
Ctrl-3,1g,0,fitted,3.6500000000000004,0.03940142059806561
Ctrl-3,1g,0,fitted,3.7,0.03982600782615763
Ctrl-3,1g,0,fitted,3.75,0.040260401731640735
Ctrl-3,1g,0,fitted,3.8000000000000003,0.0407046727992552
Ctrl-3,1g,0,fitted,3.85,0.041158882477015685
Ctrl-3,1g,0,fitted,3.9000000000000004,0.04162308264266712
Ctrl-3,1g,0,fitted,3.95,0.042097315071180974
Ctrl-3,1g,0,fitted,4,0.04258161090567905
Ctrl-3,1g,0,fitted,4.05,0.043075990134319515
Ctrl-3,1g,0,fitted,4.1000000000000005,0.0435804610758202
Ctrl-3,1g,0,fitted,4.15,0.044095019876424474
Ctrl-3,1g,0,fitted,4.2,0.04461965002123411
Ctrl-3,1g,0,fitted,4.25,0.04515432186293805
Ctrl-3,1g,0,fitted,4.3,0.04569899217105547
Ctrl-3,1g,0,fitted,4.3500000000000005,0.04625360370488191
Ctrl-3,1g,0,fitted,4.4,0.04681808481337786
Ctrl-3,1g,0,fitted,4.45,0.04739234906526738
Ctrl-3,1g,0,fitted,4.5,0.04797629491261762
Ctrl-3,1g,0,fitted,4.55,0.04856980539114804
Ctrl-3,1g,0,fitted,4.6000000000000005,0.04917274786046734
Ctrl-3,1g,0,fitted,4.65,0.0497849737873565
Ctrl-3,1g,0,fitted,4.7,0.05040631857510604
Ctrl-3,1g,0,fitted,4.75,0.051036601441773764
Ctrl-3,1g,0,fitted,4.800000000000001,0.05167562535005581
Ctrl-3,1g,0,fitted,4.8500000000000005,0.05232317699125744
Ctrl-3,1g,0,fitted,4.9,0.05297902682561316
Ctrl-3,1g,0,fitted,4.95,0.05364292918093534
Ctrl-3,1g,0,fitted,5,0.05431462241127233
Ctrl-3,1g,0,fitted,5.050000000000001,0.054993829116928336
Ctrl-3,1g,0,fitted,5.1000000000000005,0.055680256426842885
Ctrl-3,1g,0,fitted,5.15,0.056373596343948736
Ctrl-3,1g,0,fitted,5.2,0.05707352615372709
Ctrl-3,1g,0,fitted,5.25,0.05777970889576063
Ctrl-3,1g,0,fitted,5.300000000000001,0.058491793897653147
Ctrl-3,1g,0,fitted,5.3500000000000005,0.059209417370241935
Ctrl-3,1g,0,fitted,5.4,0.05993220306258174
Ctrl-3,1g,0,fitted,5.45,0.060659762974730205
Ctrl-3,1g,0,fitted,5.5,0.0613916981259202
Ctrl-3,1g,0,fitted,5.550000000000001,0.062127599375269314
Ctrl-3,1g,0,fitted,5.6000000000000005,0.06286704829175455
Ctrl-3,1g,0,fitted,5.65,0.06360961806977916
Ctrl-3,1g,0,fitted,5.7,0.06435487448627927
Ctrl-3,1g,0,fitted,5.75,0.0651023768949692
Ctrl-3,1g,0,fitted,5.800000000000001,0.06585167925300797
Ctrl-3,1g,0,fitted,5.8500000000000005,0.06660233117509079
Ctrl-3,1g,0,fitted,5.9,0.06735387900973094
Ctrl-3,1g,0,fitted,5.95,0.06810586693230368
Ctrl-3,1g,0,fitted,6,0.06885783804927692
Ctrl-3,1g,0,fitted,6.050000000000001,0.06960933550795406
Ctrl-3,1g,0,fitted,6.1000000000000005,0.07035990360600619
Ctrl-3,1g,0,fitted,6.15,0.07110908889507236
Ctrl-3,1g,0,fitted,6.2,0.07185644127275946
Ctrl-3,1g,0,fitted,6.25,0.07260151505747495
Ctrl-3,1g,0,fitted,6.300000000000001,0.07334387004067722
Ctrl-3,1g,0,fitted,6.3500000000000005,0.07408307251132498
Ctrl-3,1g,0,fitted,6.4,0.07481869624754853
Ctrl-3,1g,0,fitted,6.45,0.07555032347084759
Ctrl-3,1g,0,fitted,6.5,0.07627754575843865
Ctrl-3,1g,0,fitted,6.550000000000001,0.07699996490972755
Ctrl-3,1g,0,fitted,6.6000000000000005,0.07771719376326156
Ctrl-3,1g,0,fitted,6.65,0.07842885696092078
Ctrl-3,1g,0,fitted,6.7,0.07913459165652972
Ctrl-3,1g,0,fitted,6.75,0.07983404816650741
Ctrl-3,1g,0,fitted,6.800000000000001,0.08052689056061886
Ctrl-3,1g,0,fitted,6.8500000000000005,0.08121279719133939
Ctrl-3,1g,0,fitted,6.9,0.0818914611607913
Ctrl-3,1g,0,fitted,6.95,0.08256259072465306
Ctrl-3,1g,0,fitted,7,0.08322590963287368
Ctrl-3,1g,0,fitted,7.050000000000001,0.0838811574074404
Ctrl-3,1g,0,fitted,7.1000000000000005,0.08452808955784762
Ctrl-3,1g,0,fitted,7.15,0.08516647773529198
Ctrl-3,1g,0,fitted,7.2,0.0857961098269705
Ctrl-3,1g,0,fitted,7.25,0.08641678999218588
Ctrl-3,1g,0,fitted,7.300000000000001,0.0870283386422593
Ctrl-3,1g,0,fitted,7.3500000000000005,0.08763059236651843
Ctrl-3,1g,0,fitted,7.4,0.08822340380686375
Ctrl-3,1g,0,fitted,7.45,0.08880664148361944
Ctrl-3,1g,0,fitted,7.5,0.08938018957554683
Ctrl-3,1g,0,fitted,7.550000000000001,0.08994394765703795
Ctrl-3,1g,0,fitted,7.6000000000000005,0.09049783039561374
Ctrl-3,1g,0,fitted,7.65,0.09104176721293056
Ctrl-3,1g,0,fitted,7.7,0.09157570191254555
Ctrl-3,1g,0,fitted,7.75,0.09209959227771292
Ctrl-3,1g,0,fitted,7.800000000000001,0.09261340964247708
Ctrl-3,1g,0,fitted,7.8500000000000005,0.09311713843929925
Ctrl-3,1g,0,fitted,7.9,0.09361077572640175
Ctrl-3,1g,0,fitted,7.95,0.09409433069794232
Ctrl-3,1g,0,fitted,8,0.09456782418004034
Ctrl-3,1g,0,fitted,8.05,0.09503128811557082
Ctrl-3,1g,0,fitted,8.1,0.09548476504052261
Ctrl-3,1g,0,fitted,8.15,0.09592830755458556
Ctrl-3,1g,0,fitted,8.200000000000001,0.09636197778849073
Ctrl-3,1g,0,fitted,8.25,0.09678584687047984
Ctrl-3,1g,0,fitted,8.3,0.09719999439412605
Ctrl-3,1g,0,fitted,8.35,0.09760450788957037
Ctrl-3,1g,0,fitted,8.4,0.0979994823000791
Ctrl-3,1g,0,fitted,8.450000000000001,0.09838501946566633
Ctrl-3,1g,0,fitted,8.5,0.09876122761536693
Ctrl-3,1g,0,fitted,8.55,0.09912822086958775
Ctrl-3,1g,0,fitted,8.6,0.09948611875381022
Ctrl-3,1g,0,fitted,8.65,0.09983504572476784
Ctrl-3,1g,0,fitted,8.700000000000001,0.10017513071007692
Ctrl-3,1g,0,fitted,8.75,0.1005065066621593
Ctrl-3,1g,0,fitted,8.8,0.10082931012716287
Ctrl-3,1g,0,fitted,8.85,0.10114368082945924
Ctrl-3,1g,0,fitted,8.9,0.10144976127217878
Ctrl-3,1g,0,fitted,8.950000000000001,0.10174769635413097
Ctrl-3,1g,0,fitted,9,0.1020376330033545
Ctrl-3,1g,0,fitted,9.05,0.102319719827443
Ctrl-3,1g,0,fitted,9.1,0.10259410678070524
Ctrl-3,1g,0,fitted,9.15,0.10286094484813452
Ctrl-3,1g,0,fitted,9.200000000000001,0.10312038574608975
Ctrl-3,1g,0,fitted,9.25,0.10337258163952154
Ctrl-3,1g,0,fitted,9.3,0.10361768487551765
Ctrl-3,1g,0,fitted,9.35,0.10385584773288803
Ctrl-3,1g,0,fitted,9.4,0.10408722218746241
Ctrl-3,1g,0,fitted,9.450000000000001,0.10431195969273227
Ctrl-3,1g,0,fitted,9.5,0.104530210975434
Ctrl-3,1g,0,fitted,9.55,0.10474212584563988
Ctrl-3,1g,0,fitted,9.600000000000001,0.10494785302089818
Ctrl-3,1g,0,fitted,9.65,0.10514753996394449
Ctrl-3,1g,0,fitted,9.700000000000001,0.1053413327334898
Ctrl-3,1g,0,fitted,9.75,0.10552937584757913
Ctrl-3,1g,0,fitted,9.8,0.10571181215900702
Ctrl-3,1g,0,fitted,9.850000000000001,0.10588878274227095
Ctrl-3,1g,0,fitted,9.9,0.1060604267915419
Ctrl-3,1g,0,fitted,9.950000000000001,0.10622688152913326
Ctrl-3,1g,0,fitted,10,0.10638828212395138
Ctrl-3,1g,0,observed,0,0.035483333
Ctrl-3,1g,0,observed,1,0.022316667
Ctrl-3,1g,0,observed,2,0.020733334
Ctrl-3,1g,0,observed,3,0.037483331
Ctrl-3,1g,0,observed,4.5,0.053874997
Ctrl-3,1g,0,observed,6,0.06467222
Ctrl-3,1g,0,observed,7.5,0.088688886
Ctrl-3,1g,0,observed,9,0.106799998
Ctrl-3,1g,0,observed,10,0.103299999
Ctrl+SR6.5-1,1g,6.5,fitted,0,0.023806819296614094
Ctrl+SR6.5-1,1g,6.5,fitted,0.05,0.023821432315853396
Ctrl+SR6.5-1,1g,6.5,fitted,0.1,0.02383711825052831
Ctrl+SR6.5-1,1g,6.5,fitted,0.15000000000000002,0.023853955531849356
Ctrl+SR6.5-1,1g,6.5,fitted,0.2,0.02387202827194143
Ctrl+SR6.5-1,1g,6.5,fitted,0.25,0.023891426667315543
Ctrl+SR6.5-1,1g,6.5,fitted,0.30000000000000004,0.023912247429770307
Ctrl+SR6.5-1,1g,6.5,fitted,0.35000000000000003,0.023934594246398412
Ctrl+SR6.5-1,1g,6.5,fitted,0.4,0.023958578270445265
Ctrl+SR6.5-1,1g,6.5,fitted,0.45,0.023984318644836838
Ctrl+SR6.5-1,1g,6.5,fitted,0.5,0.02401194306026031
Ctrl+SR6.5-1,1g,6.5,fitted,0.55,0.024041588349742658
Ctrl+SR6.5-1,1g,6.5,fitted,0.6000000000000001,0.024073401121727397
Ctrl+SR6.5-1,1g,6.5,fitted,0.65,0.02410753843369626
Ctrl+SR6.5-1,1g,6.5,fitted,0.7000000000000001,0.024144168508418024
Ctrl+SR6.5-1,1g,6.5,fitted,0.75,0.024183471494928544
Ctrl+SR6.5-1,1g,6.5,fitted,0.8,0.02422564027635111
Ctrl+SR6.5-1,1g,6.5,fitted,0.8500000000000001,0.02427088132665026
Ctrl+SR6.5-1,1g,6.5,fitted,0.9,0.024319415618371917
Ctrl+SR6.5-1,1g,6.5,fitted,0.9500000000000001,0.024371479583351986
Ctrl+SR6.5-1,1g,6.5,fitted,1,0.02442732612826996
Ctrl+SR6.5-1,1g,6.5,fitted,1.05,0.02448722570677619
Ctrl+SR6.5-1,1g,6.5,fitted,1.1,0.02455146744972489
Ctrl+SR6.5-1,1g,6.5,fitted,1.1500000000000001,0.02462036035479055
Ctrl+SR6.5-1,1g,6.5,fitted,1.2000000000000002,0.02469423453642496
Ctrl+SR6.5-1,1g,6.5,fitted,1.25,0.024773442536714044
Ctrl+SR6.5-1,1g,6.5,fitted,1.3,0.02485836069720743
Ctrl+SR6.5-1,1g,6.5,fitted,1.35,0.024949390591205746
Ctrl+SR6.5-1,1g,6.5,fitted,1.4000000000000001,0.025046960515286973
Ctrl+SR6.5-1,1g,6.5,fitted,1.4500000000000002,0.025151527038018085
Ctrl+SR6.5-1,1g,6.5,fitted,1.5,0.025263576602814822
Ctrl+SR6.5-1,1g,6.5,fitted,1.55,0.025383627180761897
Ctrl+SR6.5-1,1g,6.5,fitted,1.6,0.025512229967869105
Ctrl+SR6.5-1,1g,6.5,fitted,1.6500000000000001,0.02564997111969406
Ctrl+SR6.5-1,1g,6.5,fitted,1.7000000000000002,0.02579747351448813
Ctrl+SR6.5-1,1g,6.5,fitted,1.75,0.0259553985339957
Ctrl+SR6.5-1,1g,6.5,fitted,1.8,0.026124447848735355
Ctrl+SR6.5-1,1g,6.5,fitted,1.85,0.02630536519199222
Ctrl+SR6.5-1,1g,6.5,fitted,1.9000000000000001,0.026498938103832047
Ctrl+SR6.5-1,1g,6.5,fitted,1.9500000000000002,0.026705999623190316
Ctrl+SR6.5-1,1g,6.5,fitted,2,0.026927429902477033
Ctrl+SR6.5-1,1g,6.5,fitted,2.0500000000000003,0.02716415771515883
Ctrl+SR6.5-1,1g,6.5,fitted,2.1,0.027417161822429256
Ctrl+SR6.5-1,1g,6.5,fitted,2.15,0.027687472160359765
Ctrl+SR6.5-1,1g,6.5,fitted,2.2,0.027976170803852417
Ctrl+SR6.5-1,1g,6.5,fitted,2.25,0.028284392658320816
Ctrl+SR6.5-1,1g,6.5,fitted,2.3000000000000003,0.028613325824354555
Ctrl+SR6.5-1,1g,6.5,fitted,2.35,0.02896421157474332
Ctrl+SR6.5-1,1g,6.5,fitted,2.4000000000000004,0.029338343877243947
Ctrl+SR6.5-1,1g,6.5,fitted,2.45,0.029737068390490916
Ctrl+SR6.5-1,1g,6.5,fitted,2.5,0.03016178085463736
Ctrl+SR6.5-1,1g,6.5,fitted,2.5500000000000003,0.030613924792867363
Ctrl+SR6.5-1,1g,6.5,fitted,2.6,0.03109498843508294
Ctrl+SR6.5-1,1g,6.5,fitted,2.6500000000000004,0.03160650077112934
Ctrl+SR6.5-1,1g,6.5,fitted,2.7,0.03215002663821813
Ctrl+SR6.5-1,1g,6.5,fitted,2.75,0.032727160746128685
Ctrl+SR6.5-1,1g,6.5,fitted,2.8000000000000003,0.033339520544751415
Ctrl+SR6.5-1,1g,6.5,fitted,2.85,0.03398873784206418
Ctrl+SR6.5-1,1g,6.5,fitted,2.9000000000000004,0.03467644908722359
Ctrl+SR6.5-1,1g,6.5,fitted,2.95,0.03540428424364654
Ctrl+SR6.5-1,1g,6.5,fitted,3,0.03617385419129902
Ctrl+SR6.5-1,1g,6.5,fitted,3.0500000000000003,0.03698673661642074
Ctrl+SR6.5-1,1g,6.5,fitted,3.1,0.03784446037106545
Ctrl+SR6.5-1,1g,6.5,fitted,3.1500000000000004,0.038748488314502144
Ctrl+SR6.5-1,1g,6.5,fitted,3.2,0.03970019868393796
Ctrl+SR6.5-1,1g,6.5,fitted,3.25,0.04070086508323412
Ctrl+SR6.5-1,1g,6.5,fitted,3.3000000000000003,0.04175163522508707
Ctrl+SR6.5-1,1g,6.5,fitted,3.35,0.04285350861403214
Ctrl+SR6.5-1,1g,6.5,fitted,3.4000000000000004,0.044007313413729626
Ctrl+SR6.5-1,1g,6.5,fitted,3.45,0.0452136828010446
Ctrl+SR6.5-1,1g,6.5,fitted,3.5,0.046473031169728694
Ctrl+SR6.5-1,1g,6.5,fitted,3.5500000000000003,0.047785530605904666
Ctrl+SR6.5-1,1g,6.5,fitted,3.6,0.04915108811347067
Ctrl+SR6.5-1,1g,6.5,fitted,3.6500000000000004,0.05056932411703382
Ctrl+SR6.5-1,1g,6.5,fitted,3.7,0.052039552809826896
Ctrl+SR6.5-1,1g,6.5,fitted,3.75,0.053560764940897995
Ctrl+SR6.5-1,1g,6.5,fitted,3.8000000000000003,0.055131613646361426
Ctrl+SR6.5-1,1g,6.5,fitted,3.85,0.056750403920601156
Ctrl+SR6.5-1,1g,6.5,fitted,3.9000000000000004,0.05841508629246175
Ctrl+SR6.5-1,1g,6.5,fitted,3.95,0.060123255216851385
Ctrl+SR6.5-1,1g,6.5,fitted,4,0.06187215261303563
Ctrl+SR6.5-1,1g,6.5,fitted,4.05,0.06365867687766287
Ctrl+SR6.5-1,1g,6.5,fitted,4.1000000000000005,0.06547939757507104
Ctrl+SR6.5-1,1g,6.5,fitted,4.15,0.06733057586297453
Ctrl+SR6.5-1,1g,6.5,fitted,4.2,0.06920819055295202
Ctrl+SR6.5-1,1g,6.5,fitted,4.25,0.07110796953825756
Ctrl+SR6.5-1,1g,6.5,fitted,4.3,0.07302542615339118
Ctrl+SR6.5-1,1g,6.5,fitted,4.3500000000000005,0.07495589986824813
Ctrl+SR6.5-1,1g,6.5,fitted,4.4,0.0768946005723514
Ctrl+SR6.5-1,1g,6.5,fitted,4.45,0.07883665557914443
Ctrl+SR6.5-1,1g,6.5,fitted,4.5,0.0807771583831845
Ctrl+SR6.5-1,1g,6.5,fitted,4.55,0.08271121813958446
Ctrl+SR6.5-1,1g,6.5,fitted,4.6000000000000005,0.08463400880868881
Ctrl+SR6.5-1,1g,6.5,fitted,4.65,0.0865408169212028
Ctrl+SR6.5-1,1g,6.5,fitted,4.7,0.08842708696914234
Ctrl+SR6.5-1,1g,6.5,fitted,4.75,0.09028846351326533
Ctrl+SR6.5-1,1g,6.5,fitted,4.800000000000001,0.09212082921344497
Ctrl+SR6.5-1,1g,6.5,fitted,4.8500000000000005,0.09392033812858575
Ctrl+SR6.5-1,1g,6.5,fitted,4.9,0.09568344378994673
Ctrl+SR6.5-1,1g,6.5,fitted,4.95,0.09740692171835494
Ctrl+SR6.5-1,1g,6.5,fitted,5,0.09908788622398673
Ctrl+SR6.5-1,1g,6.5,fitted,5.050000000000001,0.1007238014898538
Ctrl+SR6.5-1,1g,6.5,fitted,5.1000000000000005,0.10231248709043242
Ctrl+SR6.5-1,1g,6.5,fitted,5.15,0.10385211822979609
Ctrl+SR6.5-1,1g,6.5,fitted,5.2,0.10534122109531818
Ctrl+SR6.5-1,1g,6.5,fitted,5.25,0.10677866381113532
Ctrl+SR6.5-1,1g,6.5,fitted,5.300000000000001,0.10816364353916155
Ctrl+SR6.5-1,1g,6.5,fitted,5.3500000000000005,0.1094956703148684
Ctrl+SR6.5-1,1g,6.5,fitted,5.4,0.11077454822175417
Ctrl+SR6.5-1,1g,6.5,fitted,5.45,0.11200035450471885
Ctrl+SR6.5-1,1g,6.5,fitted,5.5,0.11317341720135396
Ctrl+SR6.5-1,1g,6.5,fitted,5.550000000000001,0.11429429183470005
Ctrl+SR6.5-1,1g,6.5,fitted,5.6000000000000005,0.1153637376646926
Ctrl+SR6.5-1,1g,6.5,fitted,5.65,0.1163826939416023
Ctrl+SR6.5-1,1g,6.5,fitted,5.7,0.11735225654634096
Ctrl+SR6.5-1,1g,6.5,fitted,5.75,0.11827365534226572
Ctrl+SR6.5-1,1g,6.5,fitted,5.800000000000001,0.11914823250338485
Ctrl+SR6.5-1,1g,6.5,fitted,5.8500000000000005,0.11997742202651057
Ctrl+SR6.5-1,1g,6.5,fitted,5.9,0.1207627305813489
Ctrl+SR6.5-1,1g,6.5,fitted,5.95,0.12150571980376915
Ctrl+SR6.5-1,1g,6.5,fitted,6,0.12220799009419314
Ctrl+SR6.5-1,1g,6.5,fitted,6.050000000000001,0.12287116594549027
Ctrl+SR6.5-1,1g,6.5,fitted,6.1000000000000005,0.12349688279300583
Ctrl+SR6.5-1,1g,6.5,fitted,6.15,0.12408677535320797
Ctrl+SR6.5-1,1g,6.5,fitted,6.2,0.12464246739658877
Ctrl+SR6.5-1,1g,6.5,fitted,6.25,0.125165562884456
Ctrl+SR6.5-1,1g,6.5,fitted,6.300000000000001,0.12565763838759597
Ctrl+SR6.5-1,1g,6.5,fitted,6.3500000000000005,0.12612023669693698
Ctrl+SR6.5-1,1g,6.5,fitted,6.4,0.12655486153175083
Ctrl+SR6.5-1,1g,6.5,fitted,6.45,0.1269629732490699
Ctrl+SR6.5-1,1g,6.5,fitted,6.5,0.12734598545837195
Ctrl+SR6.5-1,1g,6.5,fitted,6.550000000000001,0.1277052624477387
Ctrl+SR6.5-1,1g,6.5,fitted,6.6000000000000005,0.12804211733122273
Ctrl+SR6.5-1,1g,6.5,fitted,6.65,0.12835781083170061
Ctrl+SR6.5-1,1g,6.5,fitted,6.7,0.12865355061874234
Ctrl+SR6.5-1,1g,6.5,fitted,6.75,0.12893049112673222
Ctrl+SR6.5-1,1g,6.5,fitted,6.800000000000001,0.12918973378441642
Ctrl+SR6.5-1,1g,6.5,fitted,6.8500000000000005,0.12943232759305778
Ctrl+SR6.5-1,1g,6.5,fitted,6.9,0.1296592699963125
Ctrl+SR6.5-1,1g,6.5,fitted,6.95,0.12987150799069924
Ctrl+SR6.5-1,1g,6.5,fitted,7,0.13006993943103468
Ctrl+SR6.5-1,1g,6.5,fitted,7.050000000000001,0.13025541449040387
Ctrl+SR6.5-1,1g,6.5,fitted,7.1000000000000005,0.13042873723908374
Ctrl+SR6.5-1,1g,6.5,fitted,7.15,0.1305906673113261
Ctrl+SR6.5-1,1g,6.5,fitted,7.2,0.13074192163302076
Ctrl+SR6.5-1,1g,6.5,fitted,7.25,0.1308831761870065
Ctrl+SR6.5-1,1g,6.5,fitted,7.300000000000001,0.13101506779618372
Ctrl+SR6.5-1,1g,6.5,fitted,7.3500000000000005,0.1311381959076227
Ctrl+SR6.5-1,1g,6.5,fitted,7.4,0.13125312436357758
Ctrl+SR6.5-1,1g,6.5,fitted,7.45,0.13136038314772236
Ctrl+SR6.5-1,1g,6.5,fitted,7.5,0.13146047009705164
Ctrl+SR6.5-1,1g,6.5,fitted,7.550000000000001,0.13155385257175312
Ctrl+SR6.5-1,1g,6.5,fitted,7.6000000000000005,0.13164096907698353
Ctrl+SR6.5-1,1g,6.5,fitted,7.65,0.13172223083189322
Ctrl+SR6.5-1,1g,6.5,fitted,7.7,0.1317980232824584
Ctrl+SR6.5-1,1g,6.5,fitted,7.75,0.13186870755572527
Ctrl+SR6.5-1,1g,6.5,fitted,7.800000000000001,0.13193462185395544
Ctrl+SR6.5-1,1g,6.5,fitted,7.8500000000000005,0.131996082787914
Ctrl+SR6.5-1,1g,6.5,fitted,7.9,0.13205338664916952
Ctrl+SR6.5-1,1g,6.5,fitted,7.95,0.13210681062179677
Ctrl+SR6.5-1,1g,6.5,fitted,8,0.13215661393430364
Ctrl+SR6.5-1,1g,6.5,fitted,8.05,0.13220303895294944
Ctrl+SR6.5-1,1g,6.5,fitted,8.1,0.13224631221790079
Ctrl+SR6.5-1,1g,6.5,fitted,8.15,0.13228664542388766
Ctrl+SR6.5-1,1g,6.5,fitted,8.200000000000001,0.1323242363471867
Ctrl+SR6.5-1,1g,6.5,fitted,8.25,0.1323592697208799
Ctrl+SR6.5-1,1g,6.5,fitted,8.3,0.13239191806041883
Ctrl+SR6.5-1,1g,6.5,fitted,8.35,0.13242234244157639
Ctrl+SR6.5-1,1g,6.5,fitted,8.4,0.13245069323289163
Ctrl+SR6.5-1,1g,6.5,fitted,8.450000000000001,0.13247711078471583
Ctrl+SR6.5-1,1g,6.5,fitted,8.5,0.13250172607695163
Ctrl+SR6.5-1,1g,6.5,fitted,8.55,0.13252466132754676
Ctrl+SR6.5-1,1g,6.5,fitted,8.6,0.1325460305637604
Ctrl+SR6.5-1,1g,6.5,fitted,8.65,0.13256594015816905
Ctrl+SR6.5-1,1g,6.5,fitted,8.700000000000001,0.13258448933131792
Ctrl+SR6.5-1,1g,6.5,fitted,8.75,0.13260177062286044
Ctrl+SR6.5-1,1g,6.5,fitted,8.8,0.13261787033295905
Ctrl+SR6.5-1,1g,6.5,fitted,8.85,0.13263286893564866
Ctrl+SR6.5-1,1g,6.5,fitted,8.9,0.13264684146579225
Ctrl+SR6.5-1,1g,6.5,fitted,8.950000000000001,0.1326598578811835
Ctrl+SR6.5-1,1g,6.5,fitted,9,0.13267198340127914
Ctrl+SR6.5-1,1g,6.5,fitted,9.05,0.1326832788239697
Ctrl+SR6.5-1,1g,6.5,fitted,9.1,0.13269380082172766
Ctrl+SR6.5-1,1g,6.5,fitted,9.15,0.13270360221840027
Ctrl+SR6.5-1,1g,6.5,fitted,9.200000000000001,0.13271273224784852
Ctrl+SR6.5-1,1g,6.5,fitted,9.25,0.13272123679556633
Ctrl+SR6.5-1,1g,6.5,fitted,9.3,0.1327291586243522
Ctrl+SR6.5-1,1g,6.5,fitted,9.35,0.1327365375850429
Ctrl+SR6.5-1,1g,6.5,fitted,9.4,0.13274341081326282
Ctrl+SR6.5-1,1g,6.5,fitted,9.450000000000001,0.1327498129130845
Ctrl+SR6.5-1,1g,6.5,fitted,9.5,0.13275577612844378
Ctrl+SR6.5-1,1g,6.5,fitted,9.55,0.1327613305031029
Ctrl+SR6.5-1,1g,6.5,fitted,9.600000000000001,0.1327665040299055
Ctrl+SR6.5-1,1g,6.5,fitted,9.65,0.1327713227900223
Ctrl+SR6.5-1,1g,6.5,fitted,9.700000000000001,0.132775811082844
Ctrl+SR6.5-1,1g,6.5,fitted,9.75,0.13277999154713552
Ctrl+SR6.5-1,1g,6.5,fitted,9.8,0.13278388527402796
Ctrl+SR6.5-1,1g,6.5,fitted,9.850000000000001,0.1327875119123883
Ctrl+SR6.5-1,1g,6.5,fitted,9.9,0.13279088976707212
Ctrl+SR6.5-1,1g,6.5,fitted,9.950000000000001,0.1327940358905323
Ctrl+SR6.5-1,1g,6.5,fitted,10,0.1327969661682268
Ctrl+SR6.5-1,1g,6.5,observed,0,0.03835
Ctrl+SR6.5-1,1g,6.5,observed,1,0.016416668
Ctrl+SR6.5-1,1g,6.5,observed,2,0.021216665
Ctrl+SR6.5-1,1g,6.5,observed,3,0.033283332
Ctrl+SR6.5-1,1g,6.5,observed,4.5,0.085716662
Ctrl+SR6.5-1,1g,6.5,observed,6,0.112683333
Ctrl+SR6.5-1,1g,6.5,observed,7.5,0.139383331
Ctrl+SR6.5-1,1g,6.5,observed,9,0.134683338
Ctrl+SR6.5-1,1g,6.5,observed,10,0.129516668
Ctrl+SR6.5-2,1g,6.5,fitted,0,0.025318239976846034
Ctrl+SR6.5-2,1g,6.5,fitted,0.05,0.025319743585711152
Ctrl+SR6.5-2,1g,6.5,fitted,0.1,0.025321414568786588
Ctrl+SR6.5-2,1g,6.5,fitted,0.15000000000000002,0.025323271550656116
Ctrl+SR6.5-2,1g,6.5,fitted,0.2,0.025325335226787152
Ctrl+SR6.5-2,1g,6.5,fitted,0.25,0.025327628593425317
Ctrl+SR6.5-2,1g,6.5,fitted,0.30000000000000004,0.025330177202923534
Ctrl+SR6.5-2,1g,6.5,fitted,0.35000000000000003,0.025333009447299226
Ctrl+SR6.5-2,1g,6.5,fitted,0.4,0.025336156873115183
Ctrl+SR6.5-2,1g,6.5,fitted,0.45,0.025339654531113247
Ctrl+SR6.5-2,1g,6.5,fitted,0.5,0.025343541364397936
Ctrl+SR6.5-2,1g,6.5,fitted,0.55,0.02534786063937303
Ctrl+SR6.5-2,1g,6.5,fitted,0.6000000000000001,0.025352660424081123
Ctrl+SR6.5-2,1g,6.5,fitted,0.65,0.025357994119088026
Ctrl+SR6.5-2,1g,6.5,fitted,0.7000000000000001,0.02536392104659467
Ctrl+SR6.5-2,1g,6.5,fitted,0.75,0.025370507104052368
Ctrl+SR6.5-2,1g,6.5,fitted,0.8,0.02537782548920783
Ctrl+SR6.5-2,1g,6.5,fitted,0.8500000000000001,0.02538595750421552
Ctrl+SR6.5-2,1g,6.5,fitted,0.9,0.02539499344723188
Ctrl+SR6.5-2,1g,6.5,fitted,0.9500000000000001,0.02540503360075192
Ctrl+SR6.5-2,1g,6.5,fitted,1,0.025416189326867972
Ctrl+SR6.5-2,1g,6.5,fitted,1.05,0.02542858428062614
Ctrl+SR6.5-2,1g,6.5,fitted,1.1,0.025442355753730647
Ctrl+SR6.5-2,1g,6.5,fitted,1.1500000000000001,0.02545765616200155
Ctrl+SR6.5-2,1g,6.5,fitted,1.2000000000000002,0.025474654691227196
Ctrl+SR6.5-2,1g,6.5,fitted,1.25,0.025493539117367132
Ctrl+SR6.5-2,1g,6.5,fitted,1.3,0.025514517818449798
Ctrl+SR6.5-2,1g,6.5,fitted,1.35,0.025537821996963757
Ctrl+SR6.5-2,1g,6.5,fitted,1.4000000000000001,0.025563708133049232
Ctrl+SR6.5-2,1g,6.5,fitted,1.4500000000000002,0.025592460690339856
Ctrl+SR6.5-2,1g,6.5,fitted,1.5,0.02562439509785763
Ctrl+SR6.5-2,1g,6.5,fitted,1.55,0.02565986103289225
Ctrl+SR6.5-2,1g,6.5,fitted,1.6,0.02569924603125368
Ctrl+SR6.5-2,1g,6.5,fitted,1.6500000000000001,0.02574297945261377
Ctrl+SR6.5-2,1g,6.5,fitted,1.7000000000000002,0.025791536829772355
Ctrl+SR6.5-2,1g,6.5,fitted,1.75,0.025845444631496448
Ctrl+SR6.5-2,1g,6.5,fitted,1.8,0.02590528546896495
Ctrl+SR6.5-2,1g,6.5,fitted,1.85,0.02597170377565053
Ctrl+SR6.5-2,1g,6.5,fitted,1.9000000000000001,0.026045411989493387
Ctrl+SR6.5-2,1g,6.5,fitted,1.9500000000000002,0.02612719726423398
Ctrl+SR6.5-2,1g,6.5,fitted,2,0.026217928733486107
Ctrl+SR6.5-2,1g,6.5,fitted,2.0500000000000003,0.026318565346202843
Ctrl+SR6.5-2,1g,6.5,fitted,2.1,0.02643016428520116
Ctrl+SR6.5-2,1g,6.5,fitted,2.15,0.026553889970875225
Ctrl+SR6.5-2,1g,6.5,fitted,2.2,0.0266910236395676
Ctrl+SR6.5-2,1g,6.5,fitted,2.25,0.02684297346961273
Ctrl+SR6.5-2,1g,6.5,fitted,2.3000000000000003,0.027011285207054307
Ctrl+SR6.5-2,1g,6.5,fitted,2.35,0.02719765321660713
Ctrl+SR6.5-2,1g,6.5,fitted,2.4000000000000004,0.02740393185063726
Ctrl+SR6.5-2,1g,6.5,fitted,2.45,0.02763214698875378
Ctrl+SR6.5-2,1g,6.5,fitted,2.5,0.027884507551985918
Ctrl+SR6.5-2,1g,6.5,fitted,2.5500000000000003,0.028163416737420247
Ctrl+SR6.5-2,1g,6.5,fitted,2.6,0.028471482650645853
Ctrl+SR6.5-2,1g,6.5,fitted,2.6500000000000004,0.028811527933658918
Ctrl+SR6.5-2,1g,6.5,fitted,2.7,0.029186597894626076
Ctrl+SR6.5-2,1g,6.5,fitted,2.75,0.02959996654327638
Ctrl+SR6.5-2,1g,6.5,fitted,2.8000000000000003,0.03005513982268205
Ctrl+SR6.5-2,1g,6.5,fitted,2.85,0.030555855206940832
Ctrl+SR6.5-2,1g,6.5,fitted,2.9000000000000004,0.031106076708455135
Ctrl+SR6.5-2,1g,6.5,fitted,2.95,0.03170998421374092
Ctrl+SR6.5-2,1g,6.5,fitted,3,0.03237195595103961
Ctrl+SR6.5-2,1g,6.5,fitted,3.0500000000000003,0.03309654279735925
Ctrl+SR6.5-2,1g,6.5,fitted,3.1,0.033888433071077376
Ctrl+SR6.5-2,1g,6.5,fitted,3.1500000000000004,0.03475240644644872
Ctrl+SR6.5-2,1g,6.5,fitted,3.2,0.03569327568910555
Ctrl+SR6.5-2,1g,6.5,fitted,3.25,0.03671581507042162
Ctrl+SR6.5-2,1g,6.5,fitted,3.3000000000000003,0.03782467459833409
Ctrl+SR6.5-2,1g,6.5,fitted,3.35,0.03902427962706562
Ctrl+SR6.5-2,1g,6.5,fitted,3.4000000000000004,0.04031871599851355
Ctrl+SR6.5-2,1g,6.5,fitted,3.45,0.04171160163624163
Ctrl+SR6.5-2,1g,6.5,fitted,3.5,0.043205946458345953
Ctrl+SR6.5-2,1g,6.5,fitted,3.5500000000000003,0.04480400357864999
Ctrl+SR6.5-2,1g,6.5,fitted,3.6,0.04650711598333975
Ctrl+SR6.5-2,1g,6.5,fitted,3.6500000000000004,0.048315564130671645
Ctrl+SR6.5-2,1g,6.5,fitted,3.7,0.05022842112337085
Ctrl+SR6.5-2,1g,6.5,fitted,3.75,0.05224342311816435
Ctrl+SR6.5-2,1g,6.5,fitted,3.8000000000000003,0.05435686331676473
Ctrl+SR6.5-2,1g,6.5,fitted,3.85,0.056563518074891364
Ctrl+SR6.5-2,1g,6.5,fitted,3.9000000000000004,0.05885661323333936
Ctrl+SR6.5-2,1g,6.5,fitted,3.95,0.06122783762023224
Ctrl+SR6.5-2,1g,6.5,fitted,4,0.06366740876383417
Ctrl+SR6.5-2,1g,6.5,fitted,4.05,0.06616419324375165
Ctrl+SR6.5-2,1g,6.5,fitted,4.1000000000000005,0.06870588094497511
Ctrl+SR6.5-2,1g,6.5,fitted,4.15,0.071279209007416
Ctrl+SR6.5-2,1g,6.5,fitted,4.2,0.07387022779979224
Ctrl+SR6.5-2,1g,6.5,fitted,4.25,0.07646459814348971
Ctrl+SR6.5-2,1g,6.5,fitted,4.3,0.07904790660991916
Ctrl+SR6.5-2,1g,6.5,fitted,4.3500000000000005,0.08160598429099519
Ctrl+SR6.5-2,1g,6.5,fitted,4.4,0.08412521416592747
Ctrl+SR6.5-2,1g,6.5,fitted,4.45,0.0865928130917927
Ctrl+SR6.5-2,1g,6.5,fitted,4.5,0.08899707642203016
Ctrl+SR6.5-2,1g,6.5,fitted,4.55,0.09132757607433259
Ctrl+SR6.5-2,1g,6.5,fitted,4.6000000000000005,0.09357530621009734
Ctrl+SR6.5-2,1g,6.5,fitted,4.65,0.09573277419825353
Ctrl+SR6.5-2,1g,6.5,fitted,4.7,0.09779403787825695
Ctrl+SR6.5-2,1g,6.5,fitted,4.75,0.09975469302942565
Ctrl+SR6.5-2,1g,6.5,fitted,4.800000000000001,0.10161181720179595
Ctrl+SR6.5-2,1g,6.5,fitted,4.8500000000000005,0.1033638775698327
Ctrl+SR6.5-2,1g,6.5,fitted,4.9,0.10501061122956032
Ctrl+SR6.5-2,1g,6.5,fitted,4.95,0.10655288644230894
Ctrl+SR6.5-2,1g,6.5,fitted,5,0.1079925528562356
Ctrl+SR6.5-2,1g,6.5,fitted,5.050000000000001,0.10933228785840861
Ctrl+SR6.5-2,1g,6.5,fitted,5.1000000000000005,0.11057544507774746
Ctrl+SR6.5-2,1g,6.5,fitted,5.15,0.11172590981139054
Ctrl+SR6.5-2,1g,6.5,fitted,5.2,0.11278796489878368
Ctrl+SR6.5-2,1g,6.5,fitted,5.25,0.11376616940441085
Ctrl+SR6.5-2,1g,6.5,fitted,5.300000000000001,0.1146652514477103
Ctrl+SR6.5-2,1g,6.5,fitted,5.3500000000000005,0.11549001566719953
Ctrl+SR6.5-2,1g,6.5,fitted,5.4,0.11624526513379896
Ctrl+SR6.5-2,1g,6.5,fitted,5.45,0.11693573702881117
Ctrl+SR6.5-2,1g,6.5,fitted,5.5,0.11756605105776083
Ctrl+SR6.5-2,1g,6.5,fitted,5.550000000000001,0.11814066935947108
Ctrl+SR6.5-2,1g,6.5,fitted,5.6000000000000005,0.11866386656545953
Ctrl+SR6.5-2,1g,6.5,fitted,5.65,0.11913970864361778
Ctrl+SR6.5-2,1g,6.5,fitted,5.7,0.1195720392000132
Ctrl+SR6.5-2,1g,6.5,fitted,5.75,0.11996447199440338
Ctrl+SR6.5-2,1g,6.5,fitted,5.800000000000001,0.12032038853296712
Ctrl+SR6.5-2,1g,6.5,fitted,5.8500000000000005,0.12064293972345502
Ctrl+SR6.5-2,1g,6.5,fitted,5.9,0.12093505070412756
Ctrl+SR6.5-2,1g,6.5,fitted,5.95,0.1211994280817804
Ctrl+SR6.5-2,1g,6.5,fitted,6,0.12143856893134343
Ctrl+SR6.5-2,1g,6.5,fitted,6.050000000000001,0.12165477101717304
Ctrl+SR6.5-2,1g,6.5,fitted,6.1000000000000005,0.12185014379275794
Ctrl+SR6.5-2,1g,6.5,fitted,6.15,0.12202661982060302
Ctrl+SR6.5-2,1g,6.5,fitted,6.2,0.12218596632769273
Ctrl+SR6.5-2,1g,6.5,fitted,6.25,0.12232979667476979
Ctrl+SR6.5-2,1g,6.5,fitted,6.300000000000001,0.1224595815705593
Ctrl+SR6.5-2,1g,6.5,fitted,6.3500000000000005,0.12257665990603668
Ctrl+SR6.5-2,1g,6.5,fitted,6.4,0.12268224911993215
Ctrl+SR6.5-2,1g,6.5,fitted,6.45,0.12277745503593042
Ctrl+SR6.5-2,1g,6.5,fitted,6.5,0.12286328113543886
Ctrl+SR6.5-2,1g,6.5,fitted,6.550000000000001,0.12294063724826894
Ctrl+SR6.5-2,1g,6.5,fitted,6.6000000000000005,0.12301034765790862
Ctrl+SR6.5-2,1g,6.5,fitted,6.65,0.12307315862897371
Ctrl+SR6.5-2,1g,6.5,fitted,6.7,0.12312974537253009
Ctrl+SR6.5-2,1g,6.5,fitted,6.75,0.12318071847080736
Ctrl+SR6.5-2,1g,6.5,fitted,6.800000000000001,0.12322662978682622
Ctrl+SR6.5-2,1g,6.5,fitted,6.8500000000000005,0.12326797788701302
Ctrl+SR6.5-2,1g,6.5,fitted,6.9,0.12330521300628945
Ctrl+SR6.5-2,1g,6.5,fitted,6.95,0.12333874158565962
Ctrl+SR6.5-2,1g,6.5,fitted,7,0.12336893041218361
Ctrl+SR6.5-2,1g,6.5,fitted,7.050000000000001,0.12339611039059548
Ctrl+SR6.5-2,1g,6.5,fitted,7.1000000000000005,0.12342057997483248
Ctrl+SR6.5-2,1g,6.5,fitted,7.15,0.12344260828650128
Ctrl+SR6.5-2,1g,6.5,fitted,7.2,0.123462437945901
Ctrl+SR6.5-2,1g,6.5,fitted,7.25,0.12348028763972155
Ctrl+SR6.5-2,1g,6.5,fitted,7.300000000000001,0.12349635444798858
Ctrl+SR6.5-2,1g,6.5,fitted,7.3500000000000005,0.12351081595127592
Ctrl+SR6.5-2,1g,6.5,fitted,7.4,0.12352383213767819
Ctrl+SR6.5-2,1g,6.5,fitted,7.45,0.12353554712755621
Ctrl+SR6.5-2,1g,6.5,fitted,7.5,0.12354609073264668
Ctrl+SR6.5-2,1g,6.5,fitted,7.550000000000001,0.12355557986477818
Ctrl+SR6.5-2,1g,6.5,fitted,7.6000000000000005,0.1235641198081632
Ctrl+SR6.5-2,1g,6.5,fitted,7.65,0.12357180536804244
Ctrl+SR6.5-2,1g,6.5,fitted,7.7,0.12357872190734624
Ctrl+SR6.5-2,1g,6.5,fitted,7.75,0.1235849462820055
Ctrl+SR6.5-2,1g,6.5,fitted,7.800000000000001,0.12359054768459017
Ctrl+SR6.5-2,1g,6.5,fitted,7.8500000000000005,0.1235955884050739
Ctrl+SR6.5-2,1g,6.5,fitted,7.9,0.12360012451671468
Ctrl+SR6.5-2,1g,6.5,fitted,7.95,0.12360420649430033
Ctrl+SR6.5-2,1g,6.5,fitted,8,0.12360787977132946
Ctrl+SR6.5-2,1g,6.5,fitted,8.05,0.12361118524207927
Ctrl+SR6.5-2,1g,6.5,fitted,8.1,0.12361415971394658
Ctrl+SR6.5-2,1g,6.5,fitted,8.15,0.12361683631493509
Ctrl+SR6.5-2,1g,6.5,fitted,8.200000000000001,0.12361924486069374
Ctrl+SR6.5-2,1g,6.5,fitted,8.25,0.12362141218508728
Ctrl+SR6.5-2,1g,6.5,fitted,8.3,0.12362336243789403
Ctrl+SR6.5-2,1g,6.5,fitted,8.35,0.12362511735287779
Ctrl+SR6.5-2,1g,6.5,fitted,8.4,0.12362669648916358
Ctrl+SR6.5-2,1g,6.5,fitted,8.450000000000001,0.12362811744856098
Ctrl+SR6.5-2,1g,6.5,fitted,8.5,0.12362939607122014
Ctrl+SR6.5-2,1g,6.5,fitted,8.55,0.12363054661177089
Ctrl+SR6.5-2,1g,6.5,fitted,8.6,0.12363158189788362
Ctrl+SR6.5-2,1g,6.5,fitted,8.65,0.12363251347300064
Ctrl+SR6.5-2,1g,6.5,fitted,8.700000000000001,0.12363335172481213
Ctrl+SR6.5-2,1g,6.5,fitted,8.75,0.1236341060008974
Ctrl+SR6.5-2,1g,6.5,fitted,8.8,0.12363478471280932
Ctrl+SR6.5-2,1g,6.5,fitted,8.85,0.12363539542975473
Ctrl+SR6.5-2,1g,6.5,fitted,8.9,0.12363594496290839
Ctrl+SR6.5-2,1g,6.5,fitted,8.950000000000001,0.12363643944129521
Ctrl+SR6.5-2,1g,6.5,fitted,9,0.1236368843800825
Ctrl+SR6.5-2,1g,6.5,fitted,9.05,0.12363728474204007
Ctrl+SR6.5-2,1g,6.5,fitted,9.1,0.12363764499285117
Ctrl+SR6.5-2,1g,6.5,fitted,9.15,0.12363796915088834
Ctrl+SR6.5-2,1g,6.5,fitted,9.200000000000001,0.12363826083200759
Ctrl+SR6.5-2,1g,6.5,fitted,9.25,0.12363852328985896
Ctrl+SR6.5-2,1g,6.5,fitted,9.3,0.12363875945216192
Ctrl+SR6.5-2,1g,6.5,fitted,9.35,0.12363897195334911
Ctrl+SR6.5-2,1g,6.5,fitted,9.4,0.12363916316394179
Ctrl+SR6.5-2,1g,6.5,fitted,9.450000000000001,0.12363933521698392
Ctrl+SR6.5-2,1g,6.5,fitted,9.5,0.12363949003182934
Ctrl+SR6.5-2,1g,6.5,fitted,9.55,0.12363962933554686
Ctrl+SR6.5-2,1g,6.5,fitted,9.600000000000001,0.12363975468218172
Ctrl+SR6.5-2,1g,6.5,fitted,9.65,0.123639867470088
Ctrl+SR6.5-2,1g,6.5,fitted,9.700000000000001,0.12363996895752506
Ctrl+SR6.5-2,1g,6.5,fitted,9.75,0.1236400602766919
Ctrl+SR6.5-2,1g,6.5,fitted,9.8,0.12364014244635582
Ctrl+SR6.5-2,1g,6.5,fitted,9.850000000000001,0.12364021638321604
Ctrl+SR6.5-2,1g,6.5,fitted,9.9,0.12364028291212913
Ctrl+SR6.5-2,1g,6.5,fitted,9.950000000000001,0.12364034277531012
Ctrl+SR6.5-2,1g,6.5,fitted,10,0.12364039664061181
Ctrl+SR6.5-2,1g,6.5,observed,0,0.036616667
Ctrl+SR6.5-2,1g,6.5,observed,1,0.016716667
Ctrl+SR6.5-2,1g,6.5,observed,2,0.022316666
Ctrl+SR6.5-2,1g,6.5,observed,3,0.033816667
Ctrl+SR6.5-2,1g,6.5,observed,4.5,0.088750002
Ctrl+SR6.5-2,1g,6.5,observed,6,0.120983329
Ctrl+SR6.5-2,1g,6.5,observed,7.5,0.138383334
Ctrl+SR6.5-2,1g,6.5,observed,9,0.122116666
Ctrl+SR6.5-2,1g,6.5,observed,10,0.110883333
Ctrl+SR6.5-3,1g,6.5,fitted,0,0.02508542146418508
Ctrl+SR6.5-3,1g,6.5,fitted,0.05,0.025090293670718928
Ctrl+SR6.5-3,1g,6.5,fitted,0.1,0.02509561295481753
Ctrl+SR6.5-3,1g,6.5,fitted,0.15000000000000002,0.02510142028567642
Ctrl+SR6.5-3,1g,6.5,fitted,0.2,0.02510776037625636
Ctrl+SR6.5-3,1g,6.5,fitted,0.25,0.025114682023360455
Ctrl+SR6.5-3,1g,6.5,fitted,0.30000000000000004,0.02512223847821337
Ctrl+SR6.5-3,1g,6.5,fitted,0.35000000000000003,0.025130487850203317
Ctrl+SR6.5-3,1g,6.5,fitted,0.4,0.025139493546664882
Ctrl+SR6.5-3,1g,6.5,fitted,0.45,0.02514932475181313
Ctrl+SR6.5-3,1g,6.5,fitted,0.5,0.025160056948187026
Ctrl+SR6.5-3,1g,6.5,fitted,0.55,0.025171772484223417
Ctrl+SR6.5-3,1g,6.5,fitted,0.6000000000000001,0.02518456119186161
Ctrl+SR6.5-3,1g,6.5,fitted,0.65,0.025198521058372888
Ctrl+SR6.5-3,1g,6.5,fitted,0.7000000000000001,0.02521375895691861
Ctrl+SR6.5-3,1g,6.5,fitted,0.75,0.02523039144066412
Ctrl+SR6.5-3,1g,6.5,fitted,0.8,0.025248545605611974
Ctrl+SR6.5-3,1g,6.5,fitted,0.8500000000000001,0.025268360027665387
Ctrl+SR6.5-3,1g,6.5,fitted,0.9,0.02528998577978844
Ctrl+SR6.5-3,1g,6.5,fitted,0.9500000000000001,0.025313587535490022
Ctrl+SR6.5-3,1g,6.5,fitted,1,0.025339344765219124
Ctrl+SR6.5-3,1g,6.5,fitted,1.05,0.025367453032613986
Ctrl+SR6.5-3,1g,6.5,fitted,1.1,0.025398125397889413
Ctrl+SR6.5-3,1g,6.5,fitted,1.1500000000000001,0.025431593935965804
Ctrl+SR6.5-3,1g,6.5,fitted,1.2000000000000002,0.025468111377228653
Ctrl+SR6.5-3,1g,6.5,fitted,1.25,0.025507952879044466
Ctrl+SR6.5-3,1g,6.5,fitted,1.3,0.025551417936330503
Ctrl+SR6.5-3,1g,6.5,fitted,1.35,0.025598832439561323
Ctrl+SR6.5-3,1g,6.5,fitted,1.4000000000000001,0.02565055088856891
Ctrl+SR6.5-3,1g,6.5,fitted,1.4500000000000002,0.025706958770325992
Ctrl+SR6.5-3,1g,6.5,fitted,1.5,0.025768475108557596
Ctrl+SR6.5-3,1g,6.5,fitted,1.55,0.025835555192462674
Ctrl+SR6.5-3,1g,6.5,fitted,1.6,0.025908693490995387
Ctrl+SR6.5-3,1g,6.5,fitted,1.6500000000000001,0.025988426757997393
Ctrl+SR6.5-3,1g,6.5,fitted,1.7000000000000002,0.026075337331920467
Ctrl+SR6.5-3,1g,6.5,fitted,1.75,0.026170056631856186
Ctrl+SR6.5-3,1g,6.5,fitted,1.8,0.02627326884900706
Ctrl+SR6.5-3,1g,6.5,fitted,1.85,0.026385714829491258
Ctrl+SR6.5-3,1g,6.5,fitted,1.9000000000000001,0.026508196140357175
Ctrl+SR6.5-3,1g,6.5,fitted,1.9500000000000002,0.026641579305768343
Ctrl+SR6.5-3,1g,6.5,fitted,2,0.02678680019436441
Ctrl+SR6.5-3,1g,6.5,fitted,2.0500000000000003,0.026944868531658693
Ctrl+SR6.5-3,1g,6.5,fitted,2.1,0.027116872502835915
Ctrl+SR6.5-3,1g,6.5,fitted,2.15,0.02730398340129634
Ctrl+SR6.5-3,1g,6.5,fitted,2.2,0.027507460266583447
Ctrl+SR6.5-3,1g,6.5,fitted,2.25,0.027728654441764488
Ctrl+SR6.5-3,1g,6.5,fitted,2.3000000000000003,0.027969013964753105
Ctrl+SR6.5-3,1g,6.5,fitted,2.35,0.02823008769034314
Ctrl+SR6.5-3,1g,6.5,fitted,2.4000000000000004,0.02851352901977766
Ctrl+SR6.5-3,1g,6.5,fitted,2.45,0.02882109909248503
Ctrl+SR6.5-3,1g,6.5,fitted,2.5,0.02915466927024165
Ctrl+SR6.5-3,1g,6.5,fitted,2.5500000000000003,0.02951622271765674
Ctrl+SR6.5-3,1g,6.5,fitted,2.6,0.02990785485486352
Ctrl+SR6.5-3,1g,6.5,fitted,2.6500000000000004,0.03033177242919068
Ctrl+SR6.5-3,1g,6.5,fitted,2.7,0.030790290923173133
Ctrl+SR6.5-3,1g,6.5,fitted,2.75,0.03128582998763882
Ctrl+SR6.5-3,1g,6.5,fitted,2.8000000000000003,0.031820906562226504
Ctrl+SR6.5-3,1g,6.5,fitted,2.85,0.032398125323399425
Ctrl+SR6.5-3,1g,6.5,fitted,2.9000000000000004,0.0330201660841106
Ctrl+SR6.5-3,1g,6.5,fitted,2.95,0.033689767762500496
Ctrl+SR6.5-3,1g,6.5,fitted,3,0.034409708542574954
Ctrl+SR6.5-3,1g,6.5,fitted,3.0500000000000003,0.03518278187133612
Ctrl+SR6.5-3,1g,6.5,fitted,3.1,0.036011767978247775
Ctrl+SR6.5-3,1g,6.5,fitted,3.1500000000000004,0.03689940066826794
Ctrl+SR6.5-3,1g,6.5,fitted,3.2,0.03784832923291775
Ctrl+SR6.5-3,1g,6.5,fitted,3.25,0.03886107544845056
Ctrl+SR6.5-3,1g,6.5,fitted,3.3000000000000003,0.039939985788693635
Ctrl+SR6.5-3,1g,6.5,fitted,3.35,0.04108717917365365
Ctrl+SR6.5-3,1g,6.5,fitted,3.4000000000000004,0.042304490802532714
Ctrl+SR6.5-3,1g,6.5,fitted,3.45,0.04359341287770399
Ctrl+SR6.5-3,1g,6.5,fitted,3.5,0.04495503330744134
Ctrl+SR6.5-3,1g,6.5,fitted,3.5500000000000003,0.046389973768971124
Ctrl+SR6.5-3,1g,6.5,fitted,3.6,0.04789832880485528
Ctrl+SR6.5-3,1g,6.5,fitted,3.6500000000000004,0.049479607896005
Ctrl+SR6.5-3,1g,6.5,fitted,3.7,0.05113268268156339
Ctrl+SR6.5-3,1g,6.5,fitted,3.75,0.052855741655043295
Ctrl+SR6.5-3,1g,6.5,fitted,3.8000000000000003,0.05464625473250474
Ctrl+SR6.5-3,1g,6.5,fitted,3.85,0.05650095003904874
Ctrl+SR6.5-3,1g,6.5,fitted,3.9000000000000004,0.058415805075850945
Ctrl+SR6.5-3,1g,6.5,fitted,3.95,0.06038605410014401
Ctrl+SR6.5-3,1g,6.5,fitted,4,0.06240621307390799
Ctrl+SR6.5-3,1g,6.5,fitted,4.05,0.06447012292471084
Ctrl+SR6.5-3,1g,6.5,fitted,4.1000000000000005,0.06657101113863553
Ctrl+SR6.5-3,1g,6.5,fitted,4.15,0.06870157090795026
Ctrl+SR6.5-3,1g,6.5,fitted,4.2,0.0708540562334925
Ctrl+SR6.5-3,1g,6.5,fitted,4.25,0.07302039058932264
Ctrl+SR6.5-3,1g,6.5,fitted,4.3,0.07519228605309461
Ctrl+SR6.5-3,1g,6.5,fitted,4.3500000000000005,0.07736136924437352
Ctrl+SR6.5-3,1g,6.5,fitted,4.4,0.07951931004011162
Ctrl+SR6.5-3,1g,6.5,fitted,4.45,0.08165794888258479
Ctrl+SR6.5-3,1g,6.5,fitted,4.5,0.08376941857322077
Ctrl+SR6.5-3,1g,6.5,fitted,4.55,0.08584625674934582
Ctrl+SR6.5-3,1g,6.5,fitted,4.6000000000000005,0.08788150574462622
Ctrl+SR6.5-3,1g,6.5,fitted,4.65,0.08986879719681298
Ctrl+SR6.5-3,1g,6.5,fitted,4.7,0.09180241953614529
Ctrl+SR6.5-3,1g,6.5,fitted,4.75,0.09367736730687487
Ctrl+SR6.5-3,1g,6.5,fitted,4.800000000000001,0.09548937208578567
Ctrl+SR6.5-3,1g,6.5,fitted,4.8500000000000005,0.0972349155140543
Ctrl+SR6.5-3,1g,6.5,fitted,4.9,0.09891122561101293
Ctrl+SR6.5-3,1g,6.5,fitted,4.95,0.10051625806148612
Ctrl+SR6.5-3,1g,6.5,fitted,5,0.10204866454689279
Ctrl+SR6.5-3,1g,6.5,fitted,5.050000000000001,0.10350775042146848
Ctrl+SR6.5-3,1g,6.5,fitted,5.1000000000000005,0.1048934241269393
Ctrl+SR6.5-3,1g,6.5,fitted,5.15,0.10620614070828058
Ctrl+SR6.5-3,1g,6.5,fitted,5.2,0.10744684166181179
Ctrl+SR6.5-3,1g,6.5,fitted,5.25,0.10861689313945769
Ctrl+SR6.5-3,1g,6.5,fitted,5.300000000000001,0.10971802427437496
Ctrl+SR6.5-3,1g,6.5,fitted,5.3500000000000005,0.11075226710639746
Ctrl+SR6.5-3,1g,6.5,fitted,5.4,0.11172189929090601
Ctrl+SR6.5-3,1g,6.5,fitted,5.45,0.11262939048797768
Ctrl+SR6.5-3,1g,6.5,fitted,5.5,0.11347735306214479
Ctrl+SR6.5-3,1g,6.5,fitted,5.550000000000001,0.11426849748500681
Ctrl+SR6.5-3,1g,6.5,fitted,5.6000000000000005,0.11500559262800619
Ctrl+SR6.5-3,1g,6.5,fitted,5.65,0.11569143096269702
Ctrl+SR6.5-3,1g,6.5,fitted,5.7,0.11632879855031719
Ctrl+SR6.5-3,1g,6.5,fitted,5.75,0.11692044959927997
Ctrl+SR6.5-3,1g,6.5,fitted,5.800000000000001,0.11746908529510589
Ctrl+SR6.5-3,1g,6.5,fitted,5.8500000000000005,0.11797733655848555
Ctrl+SR6.5-3,1g,6.5,fitted,5.9,0.11844775035954866
Ctrl+SR6.5-3,1g,6.5,fitted,5.95,0.11888277920601834
Ctrl+SR6.5-3,1g,6.5,fitted,6,0.11928477342602545
Ctrl+SR6.5-3,1g,6.5,fitted,6.050000000000001,0.11965597587958929
Ctrl+SR6.5-3,1g,6.5,fitted,6.1000000000000005,0.1199985187532403
Ctrl+SR6.5-3,1g,6.5,fitted,6.15,0.12031442211752164
Ctrl+SR6.5-3,1g,6.5,fitted,6.2,0.12060559395517134
Ctrl+SR6.5-3,1g,6.5,fitted,6.25,0.120873831397078
Ctrl+SR6.5-3,1g,6.5,fitted,6.300000000000001,0.12112082293241483
Ctrl+SR6.5-3,1g,6.5,fitted,6.3500000000000005,0.12134815138780106
Ctrl+SR6.5-3,1g,6.5,fitted,6.4,0.12155729749729169
Ctrl+SR6.5-3,1g,6.5,fitted,6.45,0.12174964391005152
Ctrl+SR6.5-3,1g,6.5,fitted,6.5,0.12192647950549074
Ctrl+SR6.5-3,1g,6.5,fitted,6.550000000000001,0.12208900390632343
Ctrl+SR6.5-3,1g,6.5,fitted,6.6000000000000005,0.12223833209845655
Ctrl+SR6.5-3,1g,6.5,fitted,6.65,0.12237549908288614
Ctrl+SR6.5-3,1g,6.5,fitted,6.7,0.12250146449899235
Ctrl+SR6.5-3,1g,6.5,fitted,6.75,0.12261711717092583
Ctrl+SR6.5-3,1g,6.5,fitted,6.800000000000001,0.12272327953933271
Ctrl+SR6.5-3,1g,6.5,fitted,6.8500000000000005,0.12282071194964395
Ctrl+SR6.5-3,1g,6.5,fitted,6.9,0.12291011677572483
Ctrl+SR6.5-3,1g,6.5,fitted,6.95,0.12299214236401002
Ctrl+SR6.5-3,1g,6.5,fitted,7,0.12306738678849091
Ctrl+SR6.5-3,1g,6.5,fitted,7.050000000000001,0.12313640141121832
Ctrl+SR6.5-3,1g,6.5,fitted,7.1000000000000005,0.12319969424646776
Ctrl+SR6.5-3,1g,6.5,fitted,7.15,0.12325773312950167
Ctrl+SR6.5-3,1g,6.5,fitted,7.2,0.12331094869305895
Ctrl+SR6.5-3,1g,6.5,fitted,7.25,0.12335973715640042
Ctrl+SR6.5-3,1g,6.5,fitted,7.300000000000001,0.12340446293301788
Ctrl+SR6.5-3,1g,6.5,fitted,7.3500000000000005,0.1234454610640476
Ctrl+SR6.5-3,1g,6.5,fitted,7.4,0.12348303948507452
Ctrl+SR6.5-3,1g,6.5,fitted,7.45,0.12351748113442465
Ctrl+SR6.5-3,1g,6.5,fitted,7.5,0.12354904591126548
Ctrl+SR6.5-3,1g,6.5,fitted,7.550000000000001,0.12357797249190161
Ctrl+SR6.5-3,1g,6.5,fitted,7.6000000000000005,0.1236044800126023
Ctrl+SR6.5-3,1g,6.5,fitted,7.65,0.12362876962715097
Ctrl+SR6.5-3,1g,6.5,fitted,7.7,0.12365102594709024
Ctrl+SR6.5-3,1g,6.5,fitted,7.75,0.12367141837236295
Ctrl+SR6.5-3,1g,6.5,fitted,7.800000000000001,0.12369010231974253
Ctrl+SR6.5-3,1g,6.5,fitted,7.8500000000000005,0.12370722035610901
Ctrl+SR6.5-3,1g,6.5,fitted,7.9,0.12372290324327545
Ctrl+SR6.5-3,1g,6.5,fitted,7.95,0.12373727090071146
Ctrl+SR6.5-3,1g,6.5,fitted,8,0.12375043329214752
Ctrl+SR6.5-3,1g,6.5,fitted,8.05,0.12376249124168773
Ctrl+SR6.5-3,1g,6.5,fitted,8.1,0.12377353718470754
Ctrl+SR6.5-3,1g,6.5,fitted,8.15,0.12378365585847251
Ctrl+SR6.5-3,1g,6.5,fitted,8.200000000000001,0.12379292493708682
Ctrl+SR6.5-3,1g,6.5,fitted,8.25,0.12380141561506608
Ctrl+SR6.5-3,1g,6.5,fitted,8.3,0.12380919314352926
Ctrl+SR6.5-3,1g,6.5,fitted,8.35,0.12381631732272055
Ctrl+SR6.5-3,1g,6.5,fitted,8.4,0.1238228429543052
Ctrl+SR6.5-3,1g,6.5,fitted,8.450000000000001,0.12382882025662761
Ctrl+SR6.5-3,1g,6.5,fitted,8.5,0.12383429524588632
Ctrl+SR6.5-3,1g,6.5,fitted,8.55,0.12383931008595503
Ctrl+SR6.5-3,1g,6.5,fitted,8.6,0.12384390340937299
Ctrl+SR6.5-3,1g,6.5,fitted,8.65,0.1238481106118336
Ctrl+SR6.5-3,1g,6.5,fitted,8.700000000000001,0.12385196412231975
Ctrl+SR6.5-3,1g,6.5,fitted,8.75,0.12385549365086629
Ctrl+SR6.5-3,1g,6.5,fitted,8.8,0.12385872641577553
Ctrl+SR6.5-3,1g,6.5,fitted,8.85,0.12386168735196551
Ctrl+SR6.5-3,1g,6.5,fitted,8.9,0.1238643993019988
Ctrl+SR6.5-3,1g,6.5,fitted,8.950000000000001,0.12386688319121483
Ctrl+SR6.5-3,1g,6.5,fitted,9,0.12386915818827487
Ctrl+SR6.5-3,1g,6.5,fitted,9.05,0.12387124185232323
Ctrl+SR6.5-3,1g,6.5,fitted,9.1,0.12387315026787069
Ctrl+SR6.5-3,1g,6.5,fitted,9.15,0.12387489816841618
Ctrl+SR6.5-3,1g,6.5,fitted,9.200000000000001,0.12387649904974068
Ctrl+SR6.5-3,1g,6.5,fitted,9.25,0.12387796527372982
Ctrl+SR6.5-3,1g,6.5,fitted,9.3,0.12387930816351267
Ctrl+SR6.5-3,1g,6.5,fitted,9.35,0.12388053809063876
Ctrl+SR6.5-3,1g,6.5,fitted,9.4,0.1238816645549565
Ctrl+SR6.5-3,1g,6.5,fitted,9.450000000000001,0.12388269625780071
Ctrl+SR6.5-3,1g,6.5,fitted,9.5,0.12388364116904801
Ctrl+SR6.5-3,1g,6.5,fitted,9.55,0.12388450658855155
Ctrl+SR6.5-3,1g,6.5,fitted,9.600000000000001,0.12388529920242428
Ctrl+SR6.5-3,1g,6.5,fitted,9.65,0.12388602513460178
Ctrl+SR6.5-3,1g,6.5,fitted,9.700000000000001,0.12388668999407923
Ctrl+SR6.5-3,1g,6.5,fitted,9.75,0.12388729891818426
Ctrl+SR6.5-3,1g,6.5,fitted,9.8,0.12388785661221774
Ctrl+SR6.5-3,1g,6.5,fitted,9.850000000000001,0.12388836738576672
Ctrl+SR6.5-3,1g,6.5,fitted,9.9,0.12388883518596791
Ctrl+SR6.5-3,1g,6.5,fitted,9.950000000000001,0.12388926362797789
Ctrl+SR6.5-3,1g,6.5,fitted,10,0.12388965602288374
Ctrl+SR6.5-3,1g,6.5,observed,0,0.037716666
Ctrl+SR6.5-3,1g,6.5,observed,1,0.016916667
Ctrl+SR6.5-3,1g,6.5,observed,2,0.020350001
Ctrl+SR6.5-3,1g,6.5,observed,3,0.036816666
Ctrl+SR6.5-3,1g,6.5,observed,4.5,0.083749996
Ctrl+SR6.5-3,1g,6.5,observed,6,0.116583334
Ctrl+SR6.5-3,1g,6.5,observed,7.5,0.137749999
Ctrl+SR6.5-3,1g,6.5,observed,9,0.127583332
Ctrl+SR6.5-3,1g,6.5,observed,10,0.108516665
Ctrl+SR13-1,1g,13,fitted,0,0.023686421687513594
Ctrl+SR13-1,1g,13,fitted,0.05,0.0236968480204814
Ctrl+SR13-1,1g,13,fitted,0.1,0.02370812460637282
Ctrl+SR13-1,1g,13,fitted,0.15000000000000002,0.02372032059758848
Ctrl+SR13-1,1g,13,fitted,0.2,0.023733510739449723
Ctrl+SR13-1,1g,13,fitted,0.25,0.023747775817215568
Ctrl+SR13-1,1g,13,fitted,0.30000000000000004,0.023763203137920377
Ctrl+SR13-1,1g,13,fitted,0.35000000000000003,0.023779887049589134
Ctrl+SR13-1,1g,13,fitted,0.4,0.02379792950054794
Ctrl+SR13-1,1g,13,fitted,0.45,0.023817440641713053
Ctrl+SR13-1,1g,13,fitted,0.5,0.02383853947491191
Ctrl+SR13-1,1g,13,fitted,0.55,0.023861354550462732
Ctrl+SR13-1,1g,13,fitted,0.6000000000000001,0.023886024717414165
Ctrl+SR13-1,1g,13,fitted,0.65,0.023912699930020917
Ctrl+SR13-1,1g,13,fitted,0.7000000000000001,0.023941542114203507
Ctrl+SR13-1,1g,13,fitted,0.75,0.023972726097906648
Ctrl+SR13-1,1g,13,fitted,0.8,0.024006440609428595
Ctrl+SR13-1,1g,13,fitted,0.8500000000000001,0.02404288934793813
Ctrl+SR13-1,1g,13,fitted,0.9,0.024082292130522022
Ctrl+SR13-1,1g,13,fitted,0.9500000000000001,0.024124886120207453
Ctrl+SR13-1,1g,13,fitted,1,0.024170927139473938
Ctrl+SR13-1,1g,13,fitted,1.05,0.02422069107379887
Ctrl+SR13-1,1g,13,fitted,1.1,0.024274475369760008
Ctrl+SR13-1,1g,13,fitted,1.1500000000000001,0.024332600632135142
Ctrl+SR13-1,1g,13,fitted,1.2000000000000002,0.024395412324279688
Ctrl+SR13-1,1g,13,fitted,1.25,0.024463282575811443
Ctrl+SR13-1,1g,13,fitted,1.3,0.02453661210126909
Ctrl+SR13-1,1g,13,fitted,1.35,0.024615832232916236
Ctrl+SR13-1,1g,13,fitted,1.4000000000000001,0.024701407070211095
Ctrl+SR13-1,1g,13,fitted,1.4500000000000002,0.024793835747625517
Ctrl+SR13-1,1g,13,fitted,1.5,0.024893654821444428
Ctrl+SR13-1,1g,13,fitted,1.55,0.02500144077487184
Ctrl+SR13-1,1g,13,fitted,1.6,0.025117812639173318
Ctrl+SR13-1,1g,13,fitted,1.6500000000000001,0.025243434726651755
Ctrl+SR13-1,1g,13,fitted,1.7000000000000002,0.025379019468936052
Ctrl+SR13-1,1g,13,fitted,1.75,0.02552533035130616
Ctrl+SR13-1,1g,13,fitted,1.8,0.025683184930526605
Ctrl+SR13-1,1g,13,fitted,1.85,0.025853457919851847
Ctrl+SR13-1,1g,13,fitted,1.9000000000000001,0.026037084320436946
Ctrl+SR13-1,1g,13,fitted,1.9500000000000002,0.02623506257326949
Ctrl+SR13-1,1g,13,fitted,2,0.026448457699867475
Ctrl+SR13-1,1g,13,fitted,2.0500000000000003,0.026678404393298796
Ctrl+SR13-1,1g,13,fitted,2.1,0.026926110013512295
Ctrl+SR13-1,1g,13,fitted,2.15,0.02719285743247865
Ctrl+SR13-1,1g,13,fitted,2.2,0.0274800076651863
Ctrl+SR13-1,1g,13,fitted,2.25,0.027789002212109
Ctrl+SR13-1,1g,13,fitted,2.3000000000000003,0.02812136502737129
Ctrl+SR13-1,1g,13,fitted,2.35,0.0284787040145372
Ctrl+SR13-1,1g,13,fitted,2.4000000000000004,0.02886271193883659
Ctrl+SR13-1,1g,13,fitted,2.45,0.029275166630882664
Ctrl+SR13-1,1g,13,fitted,2.5,0.02971793034275926
Ctrl+SR13-1,1g,13,fitted,2.5500000000000003,0.030192948103093406
Ctrl+SR13-1,1g,13,fitted,2.6,0.030702244903808906
Ctrl+SR13-1,1g,13,fitted,2.6500000000000004,0.03124792153823499
Ctrl+SR13-1,1g,13,fitted,2.7,0.03183214889881239
Ctrl+SR13-1,1g,13,fitted,2.75,0.03245716053364024
Ctrl+SR13-1,1g,13,fitted,2.8000000000000003,0.033125243255542565
Ctrl+SR13-1,1g,13,fitted,2.85,0.03383872559636606
Ctrl+SR13-1,1g,13,fitted,2.9000000000000004,0.034599963904166836
Ctrl+SR13-1,1g,13,fitted,2.95,0.03541132589325083
Ctrl+SR13-1,1g,13,fitted,3,0.036275171478244606
Ctrl+SR13-1,1g,13,fitted,3.0500000000000003,0.037193830755068026
Ctrl+SR13-1,1g,13,fitted,3.1,0.03816957903539405
Ctrl+SR13-1,1g,13,fitted,3.1500000000000004,0.03920460889829329
Ctrl+SR13-1,1g,13,fitted,3.2,0.040300999294362344
Ctrl+SR13-1,1g,13,fitted,3.25,0.041460681824365075
Ctrl+SR13-1,1g,13,fitted,3.3000000000000003,0.04268540441627382
Ctrl+SR13-1,1g,13,fitted,3.35,0.043976692740749224
Ctrl+SR13-1,1g,13,fitted,3.4000000000000004,0.04533580983367406
Ctrl+SR13-1,1g,13,fitted,3.45,0.046763714532272654
Ctrl+SR13-1,1g,13,fitted,3.5,0.048261019474173675
Ctrl+SR13-1,1g,13,fitted,3.5500000000000003,0.04982794955065417
Ctrl+SR13-1,1g,13,fitted,3.6,0.05146430183901065
Ctrl+SR13-1,1g,13,fitted,3.6500000000000004,0.05316940815608848
Ctrl+SR13-1,1g,13,fitted,3.7,0.0549421014661275
Ctrl+SR13-1,1g,13,fitted,3.75,0.05678068743150743
Ctrl+SR13-1,1g,13,fitted,3.8000000000000003,0.05868292240521029
Ctrl+SR13-1,1g,13,fitted,3.85,0.06064599912041723
Ctrl+SR13-1,1g,13,fitted,3.9000000000000004,0.06266654122911634
Ctrl+SR13-1,1g,13,fitted,3.95,0.06474060767424437
Ctrl+SR13-1,1g,13,fitted,4,0.06686370764871725
Ctrl+SR13-1,1g,13,fitted,4.05,0.06903082660401172
Ctrl+SR13-1,1g,13,fitted,4.1000000000000005,0.07123646342968044
Ctrl+SR13-1,1g,13,fitted,4.15,0.07347467854682967
Ctrl+SR13-1,1g,13,fitted,4.2,0.07573915226075957
Ctrl+SR13-1,1g,13,fitted,4.25,0.07802325232135682
Ctrl+SR13-1,1g,13,fitted,4.3,0.08032010926685217
Ctrl+SR13-1,1g,13,fitted,4.3500000000000005,0.08262269779963091
Ctrl+SR13-1,1g,13,fitted,4.4,0.08492392218249553
Ctrl+SR13-1,1g,13,fitted,4.45,0.08721670346707575
Ctrl+SR13-1,1g,13,fitted,4.5,0.08949406628472185
Ctrl+SR13-1,1g,13,fitted,4.55,0.09174922294969416
Ctrl+SR13-1,1g,13,fitted,4.6000000000000005,0.09397565274345034
Ctrl+SR13-1,1g,13,fitted,4.65,0.09616717445934742
Ctrl+SR13-1,1g,13,fitted,4.7,0.09831801057519914
Ctrl+SR13-1,1g,13,fitted,4.75,0.10042284176831864
Ctrl+SR13-1,1g,13,fitted,4.800000000000001,0.10247685087242428
Ctrl+SR13-1,1g,13,fitted,4.8500000000000005,0.10447575577545522
Ctrl+SR13-1,1g,13,fitted,4.9,0.10641583114999908
Ctrl+SR13-1,1g,13,fitted,4.95,0.10829391927402082
Ctrl+SR13-1,1g,13,fitted,5,0.11010743052278728
Ctrl+SR13-1,1g,13,fitted,5.050000000000001,0.11185433438151003
Ctrl+SR13-1,1g,13,fitted,5.1000000000000005,0.11353314203514869
Ctrl+SR13-1,1g,13,fitted,5.15,0.11514288173444205
Ctrl+SR13-1,1g,13,fitted,5.2,0.11668306821706616
Ctrl+SR13-1,1g,13,fitted,5.25,0.11815366748472238
Ctrl+SR13-1,1g,13,fitted,5.300000000000001,0.11955505820829142
Ctrl+SR13-1,1g,13,fitted,5.3500000000000005,0.12088799096289805
Ctrl+SR13-1,1g,13,fitted,5.4,0.12215354639249092
Ctrl+SR13-1,1g,13,fitted,5.45,0.12335309327900636
Ctrl+SR13-1,1g,13,fitted,5.5,0.12448824735340051
Ctrl+SR13-1,1g,13,fitted,5.550000000000001,0.12556083154280784
Ctrl+SR13-1,1g,13,fitted,5.6000000000000005,0.12657283820653026
Ctrl+SR13-1,1g,13,fitted,5.65,0.1275263937787834
Ctrl+SR13-1,1g,13,fitted,5.7,0.12842372611202688
Ctrl+SR13-1,1g,13,fitted,5.75,0.129267134703886
Ctrl+SR13-1,1g,13,fitted,5.800000000000001,0.13005896389457272
Ctrl+SR13-1,1g,13,fitted,5.8500000000000005,0.1308015790408376
Ctrl+SR13-1,1g,13,fitted,5.9,0.13149734560655
Ctrl+SR13-1,1g,13,fitted,5.95,0.1321486110581863
Ctrl+SR13-1,1g,13,fitted,6,0.13275768941458443
Ctrl+SR13-1,1g,13,fitted,6.050000000000001,0.1333268482728393
Ctrl+SR13-1,1g,13,fitted,6.1000000000000005,0.13385829811460898
Ctrl+SR13-1,1g,13,fitted,6.15,0.1343541836878013
Ctrl+SR13-1,1g,13,fitted,6.2,0.13481657725609852
Ctrl+SR13-1,1g,13,fitted,6.25,0.13524747351166014
Ctrl+SR13-1,1g,13,fitted,6.300000000000001,0.13564878595335528
Ctrl+SR13-1,1g,13,fitted,6.3500000000000005,0.1360223445429203
Ctrl+SR13-1,1g,13,fitted,6.4,0.1363698944635697
Ctrl+SR13-1,1g,13,fitted,6.45,0.13669309581902978
Ctrl+SR13-1,1g,13,fitted,6.5,0.13699352412507465
Ctrl+SR13-1,1g,13,fitted,6.550000000000001,0.1372726714599185
Ctrl+SR13-1,1g,13,fitted,6.6000000000000005,0.13753194815386635
Ctrl+SR13-1,1g,13,fitted,6.65,0.13777268491216105
Ctrl+SR13-1,1g,13,fitted,6.7,0.13799613527777957
Ctrl+SR13-1,1g,13,fitted,6.75,0.13820347835289104
Ctrl+SR13-1,1g,13,fitted,6.800000000000001,0.13839582170871373
Ctrl+SR13-1,1g,13,fitted,6.8500000000000005,0.13857420442356308
Ctrl+SR13-1,1g,13,fitted,6.9,0.1387396001979624
Ctrl+SR13-1,1g,13,fitted,6.95,0.13889292050381918
Ctrl+SR13-1,1g,13,fitted,7,0.13903501773189336
Ctrl+SR13-1,1g,13,fitted,7.050000000000001,0.13916668830814968
Ctrl+SR13-1,1g,13,fitted,7.1000000000000005,0.1392886757551623
Ctrl+SR13-1,1g,13,fitted,7.15,0.13940167367958362
Ctrl+SR13-1,1g,13,fitted,7.2,0.13950632867087412
Ctrl+SR13-1,1g,13,fitted,7.25,0.13960324310007632
Ctrl+SR13-1,1g,13,fitted,7.300000000000001,0.13969297781047058
Ctrl+SR13-1,1g,13,fitted,7.3500000000000005,0.1397760546945308
Ctrl+SR13-1,1g,13,fitted,7.4,0.13985295915376306
Ctrl+SR13-1,1g,13,fitted,7.45,0.13992414243980625
Ctrl+SR13-1,1g,13,fitted,7.5,0.13999002387665546
Ctrl+SR13-1,1g,13,fitted,7.550000000000001,0.14005099296507034
Ctrl+SR13-1,1g,13,fitted,7.6000000000000005,0.14010741137119792
Ctrl+SR13-1,1g,13,fitted,7.65,0.14015961480220004
Ctrl+SR13-1,1g,13,fitted,7.7,0.1402079147722649
Ctrl+SR13-1,1g,13,fitted,7.75,0.1402526002628221
Ctrl+SR13-1,1g,13,fitted,7.800000000000001,0.14029393928110057
Ctrl+SR13-1,1g,13,fitted,7.8500000000000005,0.1403321803213793
Ctrl+SR13-1,1g,13,fitted,7.9,0.14036755373341378
Ctrl+SR13-1,1g,13,fitted,7.95,0.14040027300257352
Ctrl+SR13-1,1g,13,fitted,8,0.1404305359462308
Ctrl+SR13-1,1g,13,fitted,8.05,0.14045852583089163
Ctrl+SR13-1,1g,13,fitted,8.1,0.14048441241447762
Ctrl+SR13-1,1g,13,fitted,8.15,0.1405083529180563
Ctrl+SR13-1,1g,13,fitted,8.200000000000001,0.1405304929311822
Ctrl+SR13-1,1g,13,fitted,8.25,0.1405509672548622
Ctrl+SR13-1,1g,13,fitted,8.3,0.14056990068599706
Ctrl+SR13-1,1g,13,fitted,8.35,0.1405874087469798
Ctrl+SR13-1,1g,13,fitted,8.4,0.14060359836396275
Ctrl+SR13-1,1g,13,fitted,8.450000000000001,0.1406185684971249
Ctrl+SR13-1,1g,13,fitted,8.5,0.14063241072610091
Ctrl+SR13-1,1g,13,fitted,8.55,0.14064520979355893
Ctrl+SR13-1,1g,13,fitted,8.6,0.1406570441097465
Ctrl+SR13-1,1g,13,fitted,8.65,0.1406679862206593
Ctrl+SR13-1,1g,13,fitted,8.700000000000001,0.14067810324233018
Ctrl+SR13-1,1g,13,fitted,8.75,0.14068745726358217
Ctrl+SR13-1,1g,13,fitted,8.8,0.1406961057194437
Ctrl+SR13-1,1g,13,fitted,8.85,0.1407041017372844
Ctrl+SR13-1,1g,13,fitted,8.9,0.14071149445759767
Ctrl+SR13-1,1g,13,fitted,8.950000000000001,0.14071832933122932
Ctrl+SR13-1,1g,13,fitted,9,0.1407246483947333
Ctrl+SR13-1,1g,13,fitted,9.05,0.14073049052542172
Ctrl+SR13-1,1g,13,fitted,9.1,0.14073589167757156
Ctrl+SR13-1,1g,13,fitted,9.15,0.14074088510114904
Ctrl+SR13-1,1g,13,fitted,9.200000000000001,0.14074550154432008
Ctrl+SR13-1,1g,13,fitted,9.25,0.14074976944092604
Ctrl+SR13-1,1g,13,fitted,9.3,0.14075371508402224
Ctrl+SR13-1,1g,13,fitted,9.35,0.14075736278649886
Ctrl+SR13-1,1g,13,fitted,9.4,0.14076073502973221
Ctrl+SR13-1,1g,13,fitted,9.450000000000001,0.14076385260114593
Ctrl+SR13-1,1g,13,fitted,9.5,0.1407667347215001
Ctrl+SR13-1,1g,13,fitted,9.55,0.14076939916266576
Ctrl+SR13-1,1g,13,fitted,9.600000000000001,0.14077186235658956
Ctrl+SR13-1,1g,13,fitted,9.65,0.14077413949610043
Ctrl+SR13-1,1g,13,fitted,9.700000000000001,0.14077624462816407
Ctrl+SR13-1,1g,13,fitted,9.75,0.14077819074014636
Ctrl+SR13-1,1g,13,fitted,9.8,0.14077998983960568
Ctrl+SR13-1,1g,13,fitted,9.850000000000001,0.14078165302809648
Ctrl+SR13-1,1g,13,fitted,9.9,0.14078319056943045
Ctrl+SR13-1,1g,13,fitted,9.950000000000001,0.1407846119528091
Ctrl+SR13-1,1g,13,fitted,10,0.14078592595121114
Ctrl+SR13-1,1g,13,observed,0,0.034300001
Ctrl+SR13-1,1g,13,observed,1,0.019200002
Ctrl+SR13-1,1g,13,observed,2,0.020533335
Ctrl+SR13-1,1g,13,observed,3,0.035699998
Ctrl+SR13-1,1g,13,observed,4.5,0.0918
Ctrl+SR13-1,1g,13,observed,6,0.126633334
Ctrl+SR13-1,1g,13,observed,7.5,0.144966666
Ctrl+SR13-1,1g,13,observed,9,0.144033333
Ctrl+SR13-1,1g,13,observed,10,0.137166663
Ctrl+SR13-2,1g,13,fitted,0,0.023979386207907353
Ctrl+SR13-2,1g,13,fitted,0.05,0.023985881848115537
Ctrl+SR13-2,1g,13,fitted,0.1,0.023992954473633053
Ctrl+SR13-2,1g,13,fitted,0.15000000000000002,0.024000655254693398
Ctrl+SR13-2,1g,13,fitted,0.2,0.024009039884481012
Ctrl+SR13-2,1g,13,fitted,0.25,0.024018168976111243
Ctrl+SR13-2,1g,13,fitted,0.30000000000000004,0.02402810849393194
Ctrl+SR13-2,1g,13,fitted,0.35000000000000003,0.02403893022201676
Ctrl+SR13-2,1g,13,fitted,0.4,0.02405071227294192
Ctrl+SR13-2,1g,13,fitted,0.45,0.02406353964017344
Ctrl+SR13-2,1g,13,fitted,0.5,0.024077504797640824
Ctrl+SR13-2,1g,13,fitted,0.55,0.02409270835033575
Ctrl+SR13-2,1g,13,fitted,0.6000000000000001,0.024109259740050046
Ctrl+SR13-2,1g,13,fitted,0.65,0.024127278010655753
Ctrl+SR13-2,1g,13,fitted,0.7000000000000001,0.024146892637630184
Ctrl+SR13-2,1g,13,fitted,0.75,0.024168244426839115
Ctrl+SR13-2,1g,13,fitted,0.8,0.024191486487909784
Ctrl+SR13-2,1g,13,fitted,0.8500000000000001,0.024216785287849343
Ctrl+SR13-2,1g,13,fitted,0.9,0.02424432179089021
Ctrl+SR13-2,1g,13,fitted,0.9500000000000001,0.02427429269086737
Ctrl+SR13-2,1g,13,fitted,1,0.024306911742747607
Ctrl+SR13-2,1g,13,fitted,1.05,0.02434241120023075
Ctrl+SR13-2,1g,13,fitted,1.1,0.024381043366618598
Ctrl+SR13-2,1g,13,fitted,1.1500000000000001,0.024423082266388303
Ctrl+SR13-2,1g,13,fitted,1.2000000000000002,0.024468825445100064
Ctrl+SR13-2,1g,13,fitted,1.25,0.024518595905398538
Ctrl+SR13-2,1g,13,fitted,1.3,0.02457274418691432
Ctrl+SR13-2,1g,13,fitted,1.35,0.02463165059781387
Ctrl+SR13-2,1g,13,fitted,1.4000000000000001,0.024695727605556238
Ctrl+SR13-2,1g,13,fitted,1.4500000000000002,0.024765422394061612
Ctrl+SR13-2,1g,13,fitted,1.5,0.02484121959394269
Ctrl+SR13-2,1g,13,fitted,1.55,0.024923644191651988
Ctrl+SR13-2,1g,13,fitted,1.6,0.025013264622306026
Ctrl+SR13-2,1g,13,fitted,1.6500000000000001,0.025110696049502806
Ctrl+SR13-2,1g,13,fitted,1.7000000000000002,0.02521660383358539
Ctrl+SR13-2,1g,13,fitted,1.75,0.02533170718744572
Ctrl+SR13-2,1g,13,fitted,1.8,0.02545678301602328
Ctrl+SR13-2,1g,13,fitted,1.85,0.025592669932036054
Ctrl+SR13-2,1g,13,fitted,1.9000000000000001,0.025740272436079722
Ctrl+SR13-2,1g,13,fitted,1.9500000000000002,0.02590056524392725
Ctrl+SR13-2,1g,13,fitted,2,0.026074597737527294
Ctrl+SR13-2,1g,13,fitted,2.0500000000000003,0.026263498508700064
Ctrl+SR13-2,1g,13,fitted,2.1,0.026468479955720776
Ctrl+SR13-2,1g,13,fitted,2.15,0.02669084288271849
Ctrl+SR13-2,1g,13,fitted,2.2,0.026931981039958426
Ctrl+SR13-2,1g,13,fitted,2.25,0.027193385529485716
Ctrl+SR13-2,1g,13,fitted,2.3000000000000003,0.027476648985172172
Ctrl+SR13-2,1g,13,fitted,2.35,0.027783469418841134
Ctrl+SR13-2,1g,13,fitted,2.4000000000000004,0.028115653604811025
Ctrl+SR13-2,1g,13,fitted,2.45,0.02847511985392325
Ctrl+SR13-2,1g,13,fitted,2.5,0.028863900005022737
Ctrl+SR13-2,1g,13,fitted,2.5500000000000003,0.029284140437172923
Ctrl+SR13-2,1g,13,fitted,2.6,0.029738101879997324
Ctrl+SR13-2,1g,13,fitted,2.6500000000000004,0.030228157773016746
Ctrl+SR13-2,1g,13,fitted,2.7,0.030756790898493234
Ctrl+SR13-2,1g,13,fitted,2.75,0.031326587987164825
Ctrl+SR13-2,1g,13,fitted,2.8000000000000003,0.03194023197373387
Ctrl+SR13-2,1g,13,fitted,2.85,0.03260049156077747
Ctrl+SR13-2,1g,13,fitted,2.9000000000000004,0.03331020773797325
Ctrl+SR13-2,1g,13,fitted,2.95,0.034072276900651524
Ctrl+SR13-2,1g,13,fitted,3,0.03488963022053735
Ctrl+SR13-2,1g,13,fitted,3.0500000000000003,0.03576520894529071
Ctrl+SR13-2,1g,13,fitted,3.1,0.03670193534546907
Ctrl+SR13-2,1g,13,fitted,3.1500000000000004,0.037702679091272576
Ctrl+SR13-2,1g,13,fitted,3.2,0.0387702189301832
Ctrl+SR13-2,1g,13,fitted,3.25,0.03990719965322666
Ctrl+SR13-2,1g,13,fitted,3.3000000000000003,0.041116084484099494
Ctrl+SR13-2,1g,13,fitted,3.35,0.042399103202587815
Ctrl+SR13-2,1g,13,fitted,3.4000000000000004,0.0437581965205755
Ctrl+SR13-2,1g,13,fitted,3.45,0.045194957462250565
Ctrl+SR13-2,1g,13,fitted,3.5,0.04671057075387262
Ctrl+SR13-2,1g,13,fitted,3.5500000000000003,0.048305751493529066
Ctrl+SR13-2,1g,13,fitted,3.6,0.049980684635213456
Ctrl+SR13-2,1g,13,fitted,3.6500000000000004,0.05173496706856138
Ctrl+SR13-2,1g,13,fitted,3.7,0.05356755428708204
Ctrl+SR13-2,1g,13,fitted,3.75,0.055476713793140994
Ctrl+SR13-2,1g,13,fitted,3.8000000000000003,0.05745998746601885
Ctrl+SR13-2,1g,13,fitted,3.85,0.05951416509993687
Ctrl+SR13-2,1g,13,fitted,3.9000000000000004,0.06163527118506895
Ctrl+SR13-2,1g,13,fitted,3.95,0.06381856674486207
Ctrl+SR13-2,1g,13,fitted,4,0.06605856765385645
Ctrl+SR13-2,1g,13,fitted,4.05,0.06834908034767347
Ctrl+SR13-2,1g,13,fitted,4.1000000000000005,0.07068325521776292
Ctrl+SR13-2,1g,13,fitted,4.15,0.07305365728564706
Ctrl+SR13-2,1g,13,fitted,4.2,0.075452353012381
Ctrl+SR13-2,1g,13,fitted,4.25,0.07787101136383973
Ctrl+SR13-2,1g,13,fitted,4.3,0.08030101657022858
Ctrl+SR13-2,1g,13,fitted,4.3500000000000005,0.08273358943739058
Ctrl+SR13-2,1g,13,fitted,4.4,0.08515991363133728
Ctrl+SR13-2,1g,13,fitted,4.45,0.08757126309953782
Ctrl+SR13-2,1g,13,fitted,4.5,0.08995912673312222
Ctrl+SR13-2,1g,13,fitted,4.55,0.0923153265179992
Ctrl+SR13-2,1g,13,fitted,4.6000000000000005,0.094632125758578
Ctrl+SR13-2,1g,13,fitted,4.65,0.09690232445913285
Ctrl+SR13-2,1g,13,fitted,4.7,0.09911933957672031
Ctrl+SR13-2,1g,13,fitted,4.75,0.10127726856991244
Ctrl+SR13-2,1g,13,fitted,4.800000000000001,0.10337093541017886
Ctrl+SR13-2,1g,13,fitted,4.8500000000000005,0.1053959189496858
Ctrl+SR13-2,1g,13,fitted,4.9,0.10734856420826153
Ctrl+SR13-2,1g,13,fitted,4.95,0.10922597771957956
Ctrl+SR13-2,1g,13,fitted,5,0.11102600853897739
Ctrl+SR13-2,1g,13,fitted,5.050000000000001,0.1127472168505078
Ctrl+SR13-2,1g,13,fitted,5.1000000000000005,0.11438883231699519
Ctrl+SR13-2,1g,13,fitted,5.15,0.11595070440115678
Ctrl+SR13-2,1g,13,fitted,5.2,0.11743324686223387
Ctrl+SR13-2,1g,13,fitted,5.25,0.11883737851962402
Ctrl+SR13-2,1g,13,fitted,5.300000000000001,0.12016446219356233
Ctrl+SR13-2,1g,13,fitted,5.3500000000000005,0.12141624350414838
Ctrl+SR13-2,1g,13,fitted,5.4,0.12259479095383456
Ctrl+SR13-2,1g,13,fitted,5.45,0.12370243845237047
Ctrl+SR13-2,1g,13,fitted,5.5,0.1247417311815368
Ctrl+SR13-2,1g,13,fitted,5.550000000000001,0.12571537545086892
Ctrl+SR13-2,1g,13,fitted,5.6000000000000005,0.12662619297274832
Ctrl+SR13-2,1g,13,fitted,5.65,0.12747707979052258
Ctrl+SR13-2,1g,13,fitted,5.7,0.12827096992894274
Ctrl+SR13-2,1g,13,fitted,5.75,0.12901080370236434
Ctrl+SR13-2,1g,13,fitted,5.800000000000001,0.1296995005114914
Ctrl+SR13-2,1g,13,fitted,5.8500000000000005,0.13033993588152612
Ctrl+SR13-2,1g,13,fitted,5.9,0.13093492244034424
Ctrl+SR13-2,1g,13,fitted,5.95,0.13148719450135524
Ctrl+SR13-2,1g,13,fitted,6,0.13199939589858853
Ctrl+SR13-2,1g,13,fitted,6.050000000000001,0.1324740707179644
Ctrl+SR13-2,1g,13,fitted,6.1000000000000005,0.13291365657563406
Ctrl+SR13-2,1g,13,fitted,6.15,0.133320480109009
Ctrl+SR13-2,1g,13,fitted,6.2,0.13369675436633652
Ctrl+SR13-2,1g,13,fitted,6.25,0.13404457780447626
Ctrl+SR13-2,1g,13,fitted,6.300000000000001,0.13436593463032265
Ctrl+SR13-2,1g,13,fitted,6.3500000000000005,0.13466269624785954
Ctrl+SR13-2,1g,13,fitted,6.4,0.13493662359917358
Ctrl+SR13-2,1g,13,fitted,6.45,0.1351893702131978
Ctrl+SR13-2,1g,13,fitted,6.5,0.13542248580001687
Ctrl+SR13-2,1g,13,fitted,6.550000000000001,0.13563742025092226
Ctrl+SR13-2,1g,13,fitted,6.6000000000000005,0.13583552792487766
Ctrl+SR13-2,1g,13,fitted,6.65,0.13601807212056627
Ctrl+SR13-2,1g,13,fitted,6.7,0.1361862296497442
Ctrl+SR13-2,1g,13,fitted,6.75,0.13634109544227582
Ctrl+SR13-2,1g,13,fitted,6.800000000000001,0.13648368712607903
Ctrl+SR13-2,1g,13,fitted,6.8500000000000005,0.13661494953638378
Ctrl+SR13-2,1g,13,fitted,6.9,0.13673575911834324
Ctrl+SR13-2,1g,13,fitted,6.95,0.1368469281952821
Ctrl+SR13-2,1g,13,fitted,7,0.13694920908186128
Ctrl+SR13-2,1g,13,fitted,7.050000000000001,0.13704329802732537
Ctrl+SR13-2,1g,13,fitted,7.1000000000000005,0.13712983897891118
Ctrl+SR13-2,1g,13,fitted,7.15,0.13720942715955575
Ctrl+SR13-2,1g,13,fitted,7.2,0.13728261245736326
Ctrl+SR13-2,1g,13,fitted,7.25,0.13734990262697652
Ctrl+SR13-2,1g,13,fitted,7.300000000000001,0.13741176630514038
Ctrl+SR13-2,1g,13,fitted,7.3500000000000005,0.13746863584442376
Ctrl+SR13-2,1g,13,fitted,7.4,0.13752090997035757
Ctrl+SR13-2,1g,13,fitted,7.45,0.1375689562682074
Ctrl+SR13-2,1g,13,fitted,7.5,0.1376131135062906
Ctrl+SR13-2,1g,13,fitted,7.550000000000001,0.13765369380321307
Ctrl+SR13-2,1g,13,fitted,7.6000000000000005,0.13769098464668056
Ctrl+SR13-2,1g,13,fitted,7.65,0.13772525077167252
Ctrl+SR13-2,1g,13,fitted,7.7,0.1377567359057758
Ctrl+SR13-2,1g,13,fitted,7.75,0.13778566438939271
Ctrl+SR13-2,1g,13,fitted,7.800000000000001,0.13781224267837947
Ctrl+SR13-2,1g,13,fitted,7.8500000000000005,0.13783666073645562
Ctrl+SR13-2,1g,13,fitted,7.9,0.13785909332446913
Ctrl+SR13-2,1g,13,fitted,7.95,0.1378797011933135
Ctrl+SR13-2,1g,13,fitted,8,0.13789863218698706
Ctrl+SR13-2,1g,13,fitted,8.05,0.13791602226196512
Ctrl+SR13-2,1g,13,fitted,8.1,0.13793199642872958
Ctrl+SR13-2,1g,13,fitted,8.15,0.1379466696209766
Ctrl+SR13-2,1g,13,fitted,8.200000000000001,0.1379601474976993
Ctrl+SR13-2,1g,13,fitted,8.25,0.1379725271830285
Ctrl+SR13-2,1g,13,fitted,8.3,0.13798389794840707
Ctrl+SR13-2,1g,13,fitted,8.35,0.13799434184137904
Ctrl+SR13-2,1g,13,fitted,8.4,0.13800393426499077
Ctrl+SR13-2,1g,13,fitted,8.450000000000001,0.13801274451153125
Ctrl+SR13-2,1g,13,fitted,8.5,0.1380208362540822
Ctrl+SR13-2,1g,13,fitted,8.55,0.13802826799910428
Ctrl+SR13-2,1g,13,fitted,8.6,0.13803509350305762
Ctrl+SR13-2,1g,13,fitted,8.65,0.13804136215583762
Ctrl+SR13-2,1g,13,fitted,8.700000000000001,0.13804711933360492
Ctrl+SR13-2,1g,13,fitted,8.75,0.13805240672339736
Ctrl+SR13-2,1g,13,fitted,8.8,0.13805726262173534
Ctrl+SR13-2,1g,13,fitted,8.85,0.13806172220926513
Ctrl+SR13-2,1g,13,fitted,8.9,0.1380658178033303
Ctrl+SR13-2,1g,13,fitted,8.950000000000001,0.13806957909021733
Ctrl+SR13-2,1g,13,fitted,9,0.13807303333868848
Ctrl+SR13-2,1g,13,fitted,9.05,0.13807620559628941
Ctrl+SR13-2,1g,13,fitted,9.1,0.13807911886980512
Ctrl+SR13-2,1g,13,fitted,9.15,0.1380817942911298
Ctrl+SR13-2,1g,13,fitted,9.200000000000001,0.13808425126971824
Ctrl+SR13-2,1g,13,fitted,9.25,0.1380865076326941
Ctrl+SR13-2,1g,13,fitted,9.3,0.13808857975360653
Ctrl+SR13-2,1g,13,fitted,9.35,0.13809048267074694
Ctrl+SR13-2,1g,13,fitted,9.4,0.13809223019586753
Ctrl+SR13-2,1g,13,fitted,9.450000000000001,0.13809383501407443
Ctrl+SR13-2,1g,13,fitted,9.5,0.13809530877560788
Ctrl+SR13-2,1g,13,fitted,9.55,0.13809666218016506
Ctrl+SR13-2,1g,13,fitted,9.600000000000001,0.138097905054368
Ctrl+SR13-2,1g,13,fitted,9.65,0.13809904642293175
Ctrl+SR13-2,1g,13,fitted,9.700000000000001,0.1381000945740428
Ctrl+SR13-2,1g,13,fitted,9.75,0.13810105711941667
Ctrl+SR13-2,1g,13,fitted,9.8,0.13810194104946694
Ctrl+SR13-2,1g,13,fitted,9.850000000000001,0.13810275278398151
Ctrl+SR13-2,1g,13,fitted,9.9,0.13810349821867143
Ctrl+SR13-2,1g,13,fitted,9.950000000000001,0.13810418276792752
Ctrl+SR13-2,1g,13,fitted,10,0.1381048114040924
Ctrl+SR13-2,1g,13,observed,0,0.034533333
Ctrl+SR13-2,1g,13,observed,1,0.018466669
Ctrl+SR13-2,1g,13,observed,2,0.020499999
Ctrl+SR13-2,1g,13,observed,3,0.035466668
Ctrl+SR13-2,1g,13,observed,4.5,0.090866667
Ctrl+SR13-2,1g,13,observed,6,0.1289
Ctrl+SR13-2,1g,13,observed,7.5,0.138133332
Ctrl+SR13-2,1g,13,observed,9,0.140316669
Ctrl+SR13-2,1g,13,observed,10,0.13781667
Ctrl+SR13-3,1g,13,fitted,0,0.024530195701264888
Ctrl+SR13-3,1g,13,fitted,0.05,0.02454293025815094
Ctrl+SR13-3,1g,13,fitted,0.1,0.024556681061815945
Ctrl+SR13-3,1g,13,fitted,0.15000000000000002,0.024571528934805482
Ctrl+SR13-3,1g,13,fitted,0.2,0.024587561081612197
Ctrl+SR13-3,1g,13,fitted,0.25,0.0246048715849792
Ctrl+SR13-3,1g,13,fitted,0.30000000000000004,0.02462356193952761
Ctrl+SR13-3,1g,13,fitted,0.35000000000000003,0.024643741625301547
Ctrl+SR13-3,1g,13,fitted,0.4,0.024665528723967278
Ctrl+SR13-3,1g,13,fitted,0.45,0.024689050580547833
Ctrl+SR13-3,1g,13,fitted,0.5,0.02471444451371885
Ctrl+SR13-3,1g,13,fitted,0.55,0.024741858577833464
Ctrl+SR13-3,1g,13,fitted,0.6000000000000001,0.024771452379981757
Ctrl+SR13-3,1g,13,fitted,0.65,0.024803397955520733
Ctrl+SR13-3,1g,13,fitted,0.7000000000000001,0.024837880705630356
Ctrl+SR13-3,1g,13,fitted,0.75,0.02487510040055633
Ctrl+SR13-3,1g,13,fitted,0.8,0.024915272252285677
Ctrl+SR13-3,1g,13,fitted,0.8500000000000001,0.024958628060461376
Ctrl+SR13-3,1g,13,fitted,0.9,0.02500541743537045
Ctrl+SR13-3,1g,13,fitted,0.9500000000000001,0.025055909101828196
Ctrl+SR13-3,1g,13,fitted,1,0.02511039228772006
Ctrl+SR13-3,1g,13,fitted,1.05,0.02516917820084191
Ctrl+SR13-3,1g,13,fitted,1.1,0.025232601597485724
Ctrl+SR13-3,1g,13,fitted,1.1500000000000001,0.025301022445937474
Ctrl+SR13-3,1g,13,fitted,1.2000000000000002,0.02537482768767011
Ctrl+SR13-3,1g,13,fitted,1.25,0.025454433098508405
Ctrl+SR13-3,1g,13,fitted,1.3,0.025540285251392347
Ctrl+SR13-3,1g,13,fitted,1.35,0.025632863581547538
Ctrl+SR13-3,1g,13,fitted,1.4000000000000001,0.025732682553857234
Ctrl+SR13-3,1g,13,fitted,1.4500000000000002,0.025840293930990486
Ctrl+SR13-3,1g,13,fitted,1.5,0.02595628913934049
Ctrl+SR13-3,1g,13,fitted,1.55,0.026081301728028847
Ctrl+SR13-3,1g,13,fitted,1.6,0.026216009914094215
Ctrl+SR13-3,1g,13,fitted,1.6500000000000001,0.026361139204463188
Ctrl+SR13-3,1g,13,fitted,1.7000000000000002,0.026517465082349364
Ctrl+SR13-3,1g,13,fitted,1.75,0.026685815742293922
Ctrl+SR13-3,1g,13,fitted,1.8,0.026867074854094546
Ctrl+SR13-3,1g,13,fitted,1.85,0.02706218433131745
Ctrl+SR13-3,1g,13,fitted,1.9000000000000001,0.02727214707489682
Ctrl+SR13-3,1g,13,fitted,1.9500000000000002,0.027498029656448295
Ctrl+SR13-3,1g,13,fitted,2,0.027740964899314553
Ctrl+SR13-3,1g,13,fitted,2.0500000000000003,0.028002154307987134
Ctrl+SR13-3,1g,13,fitted,2.1,0.028282870288387496
Ctrl+SR13-3,1g,13,fitted,2.15,0.02858445809253988
Ctrl+SR13-3,1g,13,fitted,2.2,0.02890833741144999
Ctrl+SR13-3,1g,13,fitted,2.25,0.029256003529572347
Ctrl+SR13-3,1g,13,fitted,2.3000000000000003,0.02962902794319985
Ctrl+SR13-3,1g,13,fitted,2.35,0.030029058333589497
Ctrl+SR13-3,1g,13,fitted,2.4000000000000004,0.030457817773856404
Ctrl+SR13-3,1g,13,fitted,2.45,0.0309171030369074
Ctrl+SR13-3,1g,13,fitted,2.5,0.031408781860315343
Ctrl+SR13-3,1g,13,fitted,2.5500000000000003,0.031934789013523174
Ctrl+SR13-3,1g,13,fitted,2.6,0.03249712100369151
Ctrl+SR13-3,1g,13,fitted,2.6500000000000004,0.0330978292495626
Ctrl+SR13-3,1g,13,fitted,2.7,0.03373901154872801
Ctrl+SR13-3,1g,13,fitted,2.75,0.03442280166360619
Ctrl+SR13-3,1g,13,fitted,2.8000000000000003,0.035151356856322105
Ctrl+SR13-3,1g,13,fitted,2.85,0.035926843213699045
Ctrl+SR13-3,1g,13,fitted,2.9000000000000004,0.03675141862195615
Ctrl+SR13-3,1g,13,fitted,2.95,0.03762721327770788
Ctrl+SR13-3,1g,13,fitted,3,0.03855630765869954
Ctrl+SR13-3,1g,13,fitted,3.0500000000000003,0.03954070792547004
Ctrl+SR13-3,1g,13,fitted,3.1,0.040582318784666976
Ctrl+SR13-3,1g,13,fitted,3.1500000000000004,0.041682913916546584
Ctrl+SR13-3,1g,13,fitted,3.2,0.04284410415327109
Ctrl+SR13-3,1g,13,fitted,3.25,0.04406730369032036
Ctrl+SR13-3,1g,13,fitted,3.3000000000000003,0.04535369471920801
Ctrl+SR13-3,1g,13,fitted,3.35,0.046704190983345203
Ctrl+SR13-3,1g,13,fitted,3.4000000000000004,0.04811940087688636
Ctrl+SR13-3,1g,13,fitted,3.45,0.04959959082417853
Ctrl+SR13-3,1g,13,fitted,3.5,0.051144649789394925
Ctrl+SR13-3,1g,13,fitted,3.5500000000000003,0.052754055865464576
Ctrl+SR13-3,1g,13,fitted,3.6,0.05442684597117977
Ctrl+SR13-3,1g,13,fitted,3.6500000000000004,0.05616158973764361
Ctrl+SR13-3,1g,13,fitted,3.7,0.05795636868237884
Ctrl+SR13-3,1g,13,fitted,3.75,0.059808761744504724
Ctrl+SR13-3,1g,13,fitted,3.8000000000000003,0.061715838181793416
Ctrl+SR13-3,1g,13,fitted,3.85,0.06367415870658101
Ctrl+SR13-3,1g,13,fitted,3.9000000000000004,0.06567978556156198
Ctrl+SR13-3,1g,13,fitted,3.95,0.06772830201080382
Ctrl+SR13-3,1g,13,fitted,4,0.06981484145181205
Ctrl+SR13-3,1g,13,fitted,4.05,0.07193412605070776
Ctrl+SR13-3,1g,13,fitted,4.1000000000000005,0.07408051447746619
Ctrl+SR13-3,1g,13,fitted,4.15,0.0762480579873542
Ctrl+SR13-3,1g,13,fitted,4.2,0.07843056377563762
Ctrl+SR13-3,1g,13,fitted,4.25,0.08062166424330941
Ctrl+SR13-3,1g,13,fitted,4.3,0.08281489056920868
Ctrl+SR13-3,1g,13,fitted,4.3500000000000005,0.08500374880341519
Ctrl+SR13-3,1g,13,fitted,4.4,0.08718179658965797
Ctrl+SR13-3,1g,13,fitted,4.45,0.08934271859758025
Ctrl+SR13-3,1g,13,fitted,4.5,0.09148039880079822
Ctrl+SR13-3,1g,13,fitted,4.55,0.09358898787021211
Ctrl+SR13-3,1g,13,fitted,4.6000000000000005,0.09566296415539882
Ctrl+SR13-3,1g,13,fitted,4.65,0.097697186987352
Ctrl+SR13-3,1g,13,fitted,4.7,0.09968694133745026
Ctrl+SR13-3,1g,13,fitted,4.75,0.10162797319269443
Ctrl+SR13-3,1g,13,fitted,4.800000000000001,0.10351651533800155
Ctrl+SR13-3,1g,13,fitted,4.8500000000000005,0.10534930355572802
Ctrl+SR13-3,1g,13,fitted,4.9,0.107123583545822
Ctrl+SR13-3,1g,13,fitted,4.95,0.10883710912526817
Ctrl+SR13-3,1g,13,fitted,5,0.11048813247447514
Ctrl+SR13-3,1g,13,fitted,5.050000000000001,0.11207538735628811
Ctrl+SR13-3,1g,13,fitted,5.1000000000000005,0.11359806633918887
Ctrl+SR13-3,1g,13,fitted,5.15,0.11505579311184458
Ctrl+SR13-3,1g,13,fitted,5.2,0.11644859098582155
Ctrl+SR13-3,1g,13,fitted,5.25,0.11777684865315297
Ctrl+SR13-3,1g,13,fitted,5.300000000000001,0.11904128420278737
Ctrl+SR13-3,1g,13,fitted,5.3500000000000005,0.12024290831248505
Ctrl+SR13-3,1g,13,fitted,5.4,0.1213829874281036
Ctrl+SR13-3,1g,13,fitted,5.45,0.12246300762754173
Ctrl+SR13-3,1g,13,fitted,5.5,0.12348463974816895
Ctrl+SR13-3,1g,13,fitted,5.550000000000001,0.12444970623962057
Ctrl+SR13-3,1g,13,fitted,5.6000000000000005,0.12536015009253795
Ctrl+SR13-3,1g,13,fitted,5.65,0.12621800609125575
Ctrl+SR13-3,1g,13,fitted,5.7,0.12702537454662902
Ctrl+SR13-3,1g,13,fitted,5.75,0.12778439758531793
Ctrl+SR13-3,1g,13,fitted,5.800000000000001,0.1284972380043093
Ctrl+SR13-3,1g,13,fitted,5.8500000000000005,0.12916606064406833
Ctrl+SR13-3,1g,13,fitted,5.9,0.1297930161898404
Ctrl+SR13-3,1g,13,fitted,5.95,0.1303802272773155
Ctrl+SR13-3,1g,13,fitted,6,0.13092977675498418
Ctrl+SR13-3,1g,13,fitted,6.050000000000001,0.1314436979398194
Ctrl+SR13-3,1g,13,fitted,6.1000000000000005,0.13192396669415363
Ctrl+SR13-3,1g,13,fitted,6.15,0.13237249514858215
Ctrl+SR13-3,1g,13,fitted,6.2,0.13279112689726447
Ctrl+SR13-3,1g,13,fitted,6.25,0.1331816334971065
Ctrl+SR13-3,1g,13,fitted,6.300000000000001,0.13354571211007008
Ctrl+SR13-3,1g,13,fitted,6.3500000000000005,0.13388498413750058
Ctrl+SR13-3,1g,13,fitted,6.4,0.13420099470623217
Ctrl+SR13-3,1g,13,fitted,6.45,0.13449521287778293
Ctrl+SR13-3,1g,13,fitted,6.5,0.13476903246375682
Ctrl+SR13-3,1g,13,fitted,6.550000000000001,0.13502377334228954
Ctrl+SR13-3,1g,13,fitted,6.6000000000000005,0.13526068318175194
Ctrl+SR13-3,1g,13,fitted,6.65,0.135480939488774
Ctrl+SR13-3,1g,13,fitted,6.7,0.13568565190784648
Ctrl+SR13-3,1g,13,fitted,6.75,0.13587586470921445
Ctrl+SR13-3,1g,13,fitted,6.800000000000001,0.13605255941045533
Ctrl+SR13-3,1g,13,fitted,6.8500000000000005,0.1362166574850222
Ctrl+SR13-3,1g,13,fitted,6.9,0.13636902311813956
Ctrl+SR13-3,1g,13,fitted,6.95,0.1365104659767896
Ctrl+SR13-3,1g,13,fitted,7,0.13664174396616247
Ctrl+SR13-3,1g,13,fitted,7.050000000000001,0.1367635659499079
Ctrl+SR13-3,1g,13,fitted,7.1000000000000005,0.13687659441586966
Ctrl+SR13-3,1g,13,fitted,7.15,0.13698144807275942
Ctrl+SR13-3,1g,13,fitted,7.2,0.13707870436648856
Ctrl+SR13-3,1g,13,fitted,7.25,0.13716890190767292
Ctrl+SR13-3,1g,13,fitted,7.300000000000001,0.13725254280420815
Ctrl+SR13-3,1g,13,fitted,7.3500000000000005,0.13733009489482995
Ctrl+SR13-3,1g,13,fitted,7.4,0.13740199388126229
Ctrl+SR13-3,1g,13,fitted,7.45,0.13746864535796552
Ctrl+SR13-3,1g,13,fitted,7.5,0.1375304267396524
Ctrl+SR13-3,1g,13,fitted,7.550000000000001,0.13758768908768446
Ctrl+SR13-3,1g,13,fitted,7.6000000000000005,0.13764075883721744
Ctrl+SR13-3,1g,13,fitted,7.65,0.13768993942756297
Ctrl+SR13-3,1g,13,fitted,7.7,0.13773551283869429
Ctrl+SR13-3,1g,13,fitted,7.75,0.1377777410371711
Ctrl+SR13-3,1g,13,fitted,7.800000000000001,0.13781686733500642
Ctrl+SR13-3,1g,13,fitted,7.8500000000000005,0.13785311766516456
Ctrl+SR13-3,1g,13,fitted,7.9,0.13788670177748077
Ctrl+SR13-3,1g,13,fitted,7.95,0.13791781435883277
Ctrl+SR13-3,1g,13,fitted,8,0.1379466360813937
Ctrl+SR13-3,1g,13,fitted,8.05,0.13797333458275515
Ctrl+SR13-3,1g,13,fitted,8.1,0.1379980653816393
Ctrl+SR13-3,1g,13,fitted,8.15,0.1380209727328261
Ctrl+SR13-3,1g,13,fitted,8.200000000000001,0.138042190424812
Ctrl+SR13-3,1g,13,fitted,8.25,0.13806184252359116
Ctrl+SR13-3,1g,13,fitted,8.3,0.13808004406581859
Ctrl+SR13-3,1g,13,fitted,8.35,0.13809690170447347
Ctrl+SR13-3,1g,13,fitted,8.4,0.13811251430999966
Ctrl+SR13-3,1g,13,fitted,8.450000000000001,0.13812697352975356
Ctrl+SR13-3,1g,13,fitted,8.5,0.13814036430844737
Ctrl+SR13-3,1g,13,fitted,8.55,0.13815276537213103
Ctrl+SR13-3,1g,13,fitted,8.6,0.13816424967811758
Ctrl+SR13-3,1g,13,fitted,8.65,0.13817488483311977
Ctrl+SR13-3,1g,13,fitted,8.700000000000001,0.13818473348173343
Ctrl+SR13-3,1g,13,fitted,8.75,0.1381938536672764
Ctrl+SR13-3,1g,13,fitted,8.8,0.13820229916686913
Ctrl+SR13-3,1g,13,fitted,8.85,0.1382101198025266
Ctrl+SR13-3,1g,13,fitted,8.9,0.13821736172991908
Ctrl+SR13-3,1g,13,fitted,8.950000000000001,0.13822406770635437
Ctrl+SR13-3,1g,13,fitted,9,0.13823027733943263
Ctrl+SR13-3,1g,13,fitted,9.05,0.1382360273177308
Ctrl+SR13-3,1g,13,fitted,9.1,0.13824135162478257
Ctrl+SR13-3,1g,13,fitted,9.15,0.13824628173753706
Ctrl+SR13-3,1g,13,fitted,9.200000000000001,0.13825084681039765
Ctrl+SR13-3,1g,13,fitted,9.25,0.13825507384586885
Ctrl+SR13-3,1g,13,fitted,9.3,0.13825898785276877
Ctrl+SR13-3,1g,13,fitted,9.35,0.13826261199289772
Ctrl+SR13-3,1g,13,fitted,9.4,0.13826596771699304
Ctrl+SR13-3,1g,13,fitted,9.450000000000001,0.13826907489074192
Ctrl+SR13-3,1g,13,fitted,9.5,0.13827195191156938
Ctrl+SR13-3,1g,13,fitted,9.55,0.13827461581686962
Ctrl+SR13-3,1g,13,fitted,9.600000000000001,0.13827708238429967
Ctrl+SR13-3,1g,13,fitted,9.65,0.1382793662247126
Ctrl+SR13-3,1g,13,fitted,9.700000000000001,0.13828148086826508
Ctrl+SR13-3,1g,13,fitted,9.75,0.13828343884419597
Ctrl+SR13-3,1g,13,fitted,9.8,0.13828525175473802
Ctrl+SR13-3,1g,13,fitted,9.850000000000001,0.1382869303435904
Ctrl+SR13-3,1g,13,fitted,9.9,0.13828848455935017
Ctrl+SR13-3,1g,13,fitted,9.950000000000001,0.13828992361427073
Ctrl+SR13-3,1g,13,fitted,10,0.1382912560386905
Ctrl+SR13-3,1g,13,observed,0,0.033933333
Ctrl+SR13-3,1g,13,observed,1,0.018966668
Ctrl+SR13-3,1g,13,observed,2,0.023600002
Ctrl+SR13-3,1g,13,observed,3,0.039066667
Ctrl+SR13-3,1g,13,observed,4.5,0.092733332
Ctrl+SR13-3,1g,13,observed,6,0.127133331
Ctrl+SR13-3,1g,13,observed,7.5,0.139633333
Ctrl+SR13-3,1g,13,observed,9,0.141866664
Ctrl+SR13-3,1g,13,observed,10,0.135466666
Ctrl+SR19.5-1,1g,19.5,fitted,0,0.02151249770682588
Ctrl+SR19.5-1,1g,19.5,fitted,0.05,0.0215335981969124
Ctrl+SR19.5-1,1g,19.5,fitted,0.1,0.021555968284967322
Ctrl+SR19.5-1,1g,19.5,fitted,0.15000000000000002,0.021579683823993646
Ctrl+SR19.5-1,1g,19.5,fitted,0.2,0.021604825132072167
Ctrl+SR19.5-1,1g,19.5,fitted,0.25,0.0216314772468845
Ctrl+SR19.5-1,1g,19.5,fitted,0.30000000000000004,0.021659730193704232
Ctrl+SR19.5-1,1g,19.5,fitted,0.35000000000000003,0.021689679267436212
Ctrl+SR19.5-1,1g,19.5,fitted,0.4,0.021721425329291034
Ctrl+SR19.5-1,1g,19.5,fitted,0.45,0.021755075118686174
Ctrl+SR19.5-1,1g,19.5,fitted,0.5,0.0217907415809661
Ctrl+SR19.5-1,1g,19.5,fitted,0.55,0.021828544211530743
Ctrl+SR19.5-1,1g,19.5,fitted,0.6000000000000001,0.021868609416954246
Ctrl+SR19.5-1,1g,19.5,fitted,0.65,0.0219110708936629
Ctrl+SR19.5-1,1g,19.5,fitted,0.7000000000000001,0.021956070024722187
Ctrl+SR19.5-1,1g,19.5,fitted,0.75,0.022003756295256752
Ctrl+SR19.5-1,1g,19.5,fitted,0.8,0.02205428772699264
Ctrl+SR19.5-1,1g,19.5,fitted,0.8500000000000001,0.02210783133236769
Ctrl+SR19.5-1,1g,19.5,fitted,0.9,0.022164563588601742
Ctrl+SR19.5-1,1g,19.5,fitted,0.9500000000000001,0.02222467093205205
Ctrl+SR19.5-1,1g,19.5,fitted,1,0.022288350273099642
Ctrl+SR19.5-1,1g,19.5,fitted,1.05,0.022355809531717372
Ctrl+SR19.5-1,1g,19.5,fitted,1.1,0.02242726819375822
Ctrl+SR19.5-1,1g,19.5,fitted,1.1500000000000001,0.022502957887871156
Ctrl+SR19.5-1,1g,19.5,fitted,1.2000000000000002,0.0225831229827992
Ctrl+SR19.5-1,1g,19.5,fitted,1.25,0.022668021204637883
Ctrl+SR19.5-1,1g,19.5,fitted,1.3,0.022757924273429386
Ctrl+SR19.5-1,1g,19.5,fitted,1.35,0.02285311855823586
Ctrl+SR19.5-1,1g,19.5,fitted,1.4000000000000001,0.022953905749571228
Ctrl+SR19.5-1,1g,19.5,fitted,1.4500000000000002,0.02306060354777169
Ctrl+SR19.5-1,1g,19.5,fitted,1.5,0.023173546365547318
Ctrl+SR19.5-1,1g,19.5,fitted,1.55,0.023293086042577488
Ctrl+SR19.5-1,1g,19.5,fitted,1.6,0.02341959256958794
Ctrl+SR19.5-1,1g,19.5,fitted,1.6500000000000001,0.02355345481887283
Ctrl+SR19.5-1,1g,19.5,fitted,1.7000000000000002,0.02369508127769843
Ctrl+SR19.5-1,1g,19.5,fitted,1.75,0.02384490078044175
Ctrl+SR19.5-1,1g,19.5,fitted,1.8,0.024003363234674377
Ctrl+SR19.5-1,1g,19.5,fitted,1.85,0.024170940335695484
Ctrl+SR19.5-1,1g,19.5,fitted,1.9000000000000001,0.024348126263245926
Ctrl+SR19.5-1,1g,19.5,fitted,1.9500000000000002,0.02453543835329432
Ctrl+SR19.5-1,1g,19.5,fitted,2,0.02473341773687502
Ctrl+SR19.5-1,1g,19.5,fitted,2.0500000000000003,0.024942629936975276
Ctrl+SR19.5-1,1g,19.5,fitted,2.1,0.02516366541341512
Ctrl+SR19.5-1,1g,19.5,fitted,2.15,0.025397140044539745
Ctrl+SR19.5-1,1g,19.5,fitted,2.2,0.02564369553335372
Ctrl+SR19.5-1,1g,19.5,fitted,2.25,0.025903999724473856
Ctrl+SR19.5-1,1g,19.5,fitted,2.3000000000000003,0.02617874681697096
Ctrl+SR19.5-1,1g,19.5,fitted,2.35,0.026468657456819217
Ctrl+SR19.5-1,1g,19.5,fitted,2.4000000000000004,0.026774478691290127
Ctrl+SR19.5-1,1g,19.5,fitted,2.45,0.02709698376623134
Ctrl+SR19.5-1,1g,19.5,fitted,2.5,0.027436971745782086
Ctrl+SR19.5-1,1g,19.5,fitted,2.5500000000000003,0.02779526693272057
Ctrl+SR19.5-1,1g,19.5,fitted,2.6,0.028172718066347024
Ctrl+SR19.5-1,1g,19.5,fitted,2.6500000000000004,0.028570197273614796
Ctrl+SR19.5-1,1g,19.5,fitted,2.7,0.02898859874817411
Ctrl+SR19.5-1,1g,19.5,fitted,2.75,0.02942883713113828
Ctrl+SR19.5-1,1g,19.5,fitted,2.8000000000000003,0.029891845566775127
Ctrl+SR19.5-1,1g,19.5,fitted,2.85,0.030378573406030646
Ctrl+SR19.5-1,1g,19.5,fitted,2.9000000000000004,0.03088998353087561
Ctrl+SR19.5-1,1g,19.5,fitted,2.95,0.0314270492730037
Ctrl+SR19.5-1,1g,19.5,fitted,3,0.03199075090148319
Ctrl+SR19.5-1,1g,19.5,fitted,3.0500000000000003,0.03258207165565512
Ctrl+SR19.5-1,1g,19.5,fitted,3.1,0.03320199330196872
Ctrl+SR19.5-1,1g,19.5,fitted,3.1500000000000004,0.033851491196633735
Ctrl+SR19.5-1,1g,19.5,fitted,3.2,0.03453152884003485
Ctrl+SR19.5-1,1g,19.5,fitted,3.25,0.03524305191387436
Ctrl+SR19.5-1,1g,19.5,fitted,3.3000000000000003,0.03598698179805149
Ctrl+SR19.5-1,1g,19.5,fitted,3.35,0.03676420857140709
Ctrl+SR19.5-1,1g,19.5,fitted,3.4000000000000004,0.03757558350869134
Ctrl+SR19.5-1,1g,19.5,fitted,3.45,0.03842191109545921
Ctrl+SR19.5-1,1g,19.5,fitted,3.5,0.03930394059303932
Ctrl+SR19.5-1,1g,19.5,fitted,3.5500000000000003,0.040222357197193914
Ctrl+SR19.5-1,1g,19.5,fitted,3.6,0.04117777284648505
Ctrl+SR19.5-1,1g,19.5,fitted,3.6500000000000004,0.04217071674952911
Ctrl+SR19.5-1,1g,19.5,fitted,3.7,0.04320162571404687
Ctrl+SR19.5-1,1g,19.5,fitted,3.75,0.04427083437463351
Ctrl+SR19.5-1,1g,19.5,fitted,3.8000000000000003,0.04537856543015359
Ctrl+SR19.5-1,1g,19.5,fitted,3.85,0.04652492001522711
Ctrl+SR19.5-1,1g,19.5,fitted,3.9000000000000004,0.04770986834297656
Ctrl+SR19.5-1,1g,19.5,fitted,3.95,0.048933240767566985
Ctrl+SR19.5-1,1g,19.5,fitted,4,0.050194719424575415
Ctrl+SR19.5-1,1g,19.5,fitted,4.05,0.05149383061433532
Ctrl+SR19.5-1,1g,19.5,fitted,4.1000000000000005,0.05282993809757974
Ctrl+SR19.5-1,1g,19.5,fitted,4.15,0.0542022374734427
Ctrl+SR19.5-1,1g,19.5,fitted,4.2,0.05560975180670731
Ctrl+SR19.5-1,1g,19.5,fitted,4.25,0.05705132866372538
Ctrl+SR19.5-1,1g,19.5,fitted,4.3,0.058525638704397684
Ctrl+SR19.5-1,1g,19.5,fitted,4.3500000000000005,0.06003117596084573
Ctrl+SR19.5-1,1g,19.5,fitted,4.4,0.06156625991193641
Ctrl+SR19.5-1,1g,19.5,fitted,4.45,0.06312903943682606
Ctrl+SR19.5-1,1g,19.5,fitted,4.5,0.06471749870054334
Ctrl+SR19.5-1,1g,19.5,fitted,4.55,0.06632946499090576
Ctrl+SR19.5-1,1g,19.5,fitted,4.6000000000000005,0.06796261848951592
Ctrl+SR19.5-1,1g,19.5,fitted,4.65,0.06961450392114447
Ctrl+SR19.5-1,1g,19.5,fitted,4.7,0.07128254398655327
Ctrl+SR19.5-1,1g,19.5,fitted,4.75,0.0729640544449221
Ctrl+SR19.5-1,1g,19.5,fitted,4.800000000000001,0.07465626067476609
Ctrl+SR19.5-1,1g,19.5,fitted,4.8500000000000005,0.07635631550781041
Ctrl+SR19.5-1,1g,19.5,fitted,4.9,0.07806131809992849
Ctrl+SR19.5-1,1g,19.5,fitted,4.95,0.07976833357803682
Ctrl+SR19.5-1,1g,19.5,fitted,5,0.0814744131827035
Ctrl+SR19.5-1,1g,19.5,fitted,5.050000000000001,0.08317661461388268
Ctrl+SR19.5-1,1g,19.5,fitted,5.1000000000000005,0.08487202228210242
Ctrl+SR19.5-1,1g,19.5,fitted,5.15,0.08655776716980246
Ctrl+SR19.5-1,1g,19.5,fitted,5.2,0.08823104601724932
Ctrl+SR19.5-1,1g,19.5,fitted,5.25,0.08988913956418247
Ctrl+SR19.5-1,1g,19.5,fitted,5.300000000000001,0.09152942960143398
Ctrl+SR19.5-1,1g,19.5,fitted,5.3500000000000005,0.09314941461536304
Ctrl+SR19.5-1,1g,19.5,fitted,5.4,0.09474672384101765
Ctrl+SR19.5-1,1g,19.5,fitted,5.45,0.09631912957631243
Ctrl+SR19.5-1,1g,19.5,fitted,5.5,0.0978645576479571
Ctrl+SR19.5-1,1g,19.5,fitted,5.550000000000001,0.09938109595913261
Ctrl+SR19.5-1,1g,19.5,fitted,5.6000000000000005,0.1008670010877794
Ctrl+SR19.5-1,1g,19.5,fitted,5.65,0.10232070294171902
Ctrl+SR19.5-1,1g,19.5,fitted,5.7,0.10374080751168265
Ctrl+SR19.5-1,1g,19.5,fitted,5.75,0.10512609779485302
Ctrl+SR19.5-1,1g,19.5,fitted,5.800000000000001,0.10647553298909024
Ctrl+SR19.5-1,1g,19.5,fitted,5.8500000000000005,0.10778824608116756
Ctrl+SR19.5-1,1g,19.5,fitted,5.9,0.10906353997083335
Ctrl+SR19.5-1,1g,19.5,fitted,5.95,0.11030088228626618
Ctrl+SR19.5-1,1g,19.5,fitted,6,0.11149989905560018
Ctrl+SR19.5-1,1g,19.5,fitted,6.050000000000001,0.11266036740389576
Ctrl+SR19.5-1,1g,19.5,fitted,6.1000000000000005,0.11378220744557378
Ctrl+SR19.5-1,1g,19.5,fitted,6.15,0.11486547353935328
Ctrl+SR19.5-1,1g,19.5,fitted,6.2,0.11591034506663254
Ctrl+SR19.5-1,1g,19.5,fitted,6.25,0.11691711688556304
Ctrl+SR19.5-1,1g,19.5,fitted,6.300000000000001,0.1178861896023198
Ctrl+SR19.5-1,1g,19.5,fitted,6.3500000000000005,0.11881805978880072
Ctrl+SR19.5-1,1g,19.5,fitted,6.4,0.11971331026268646
Ctrl+SR19.5-1,1g,19.5,fitted,6.45,0.1205726005319168
Ctrl+SR19.5-1,1g,19.5,fitted,6.5,0.12139665749159569
Ctrl+SR19.5-1,1g,19.5,fitted,6.550000000000001,0.1221862664474702
Ctrl+SR19.5-1,1g,19.5,fitted,6.6000000000000005,0.12294226252673124
Ctrl+SR19.5-1,1g,19.5,fitted,6.65,0.12366552252418338
Ctrl+SR19.5-1,1g,19.5,fitted,6.7,0.12435695722000704
Ctrl+SR19.5-1,1g,19.5,fitted,6.75,0.12501750419450827
Ctrl+SR19.5-1,1g,19.5,fitted,6.800000000000001,0.12564812115550095
Ctrl+SR19.5-1,1g,19.5,fitted,6.8500000000000005,0.12624977978532692
Ctrl+SR19.5-1,1g,19.5,fitted,6.9,0.12682346010699772
Ctrl+SR19.5-1,1g,19.5,fitted,6.95,0.12737014536250998
Ctrl+SR19.5-1,1g,19.5,fitted,7,0.12789081739100025
Ctrl+SR19.5-1,1g,19.5,fitted,7.050000000000001,0.12838645248999825
Ctrl+SR19.5-1,1g,19.5,fitted,7.1000000000000005,0.1288580177395386
Ctrl+SR19.5-1,1g,19.5,fitted,7.15,0.12930646776621352
Ctrl+SR19.5-1,1g,19.5,fitted,7.2,0.1297327419223104
Ctrl+SR19.5-1,1g,19.5,fitted,7.25,0.1301377618538885
Ctrl+SR19.5-1,1g,19.5,fitted,7.300000000000001,0.13052242943092518
Ctrl+SR19.5-1,1g,19.5,fitted,7.3500000000000005,0.13088762501242165
Ctrl+SR19.5-1,1g,19.5,fitted,7.4,0.13123420601952346
Ctrl+SR19.5-1,1g,19.5,fitted,7.45,0.13156300579021127
Ctrl+SR19.5-1,1g,19.5,fitted,7.5,0.1318748326898894
Ctrl+SR19.5-1,1g,19.5,fitted,7.550000000000001,0.1321704694531827
Ctrl+SR19.5-1,1g,19.5,fitted,7.6000000000000005,0.1324506727333958
Ctrl+SR19.5-1,1g,19.5,fitted,7.65,0.1327161728373495
Ctrl+SR19.5-1,1g,19.5,fitted,7.7,0.13296767362464415
Ctrl+SR19.5-1,1g,19.5,fitted,7.75,0.13320585255178202
Ctrl+SR19.5-1,1g,19.5,fitted,7.800000000000001,0.13343136084297458
Ctrl+SR19.5-1,1g,19.5,fitted,7.8500000000000005,0.13364482377085216
Ctrl+SR19.5-1,1g,19.5,fitted,7.9,0.13384684103165645
Ctrl+SR19.5-1,1g,19.5,fitted,7.95,0.13403798720082125
Ctrl+SR19.5-1,1g,19.5,fitted,8,0.13421881225611962
Ctrl+SR19.5-1,1g,19.5,fitted,8.05,0.13438984215677033
Ctrl+SR19.5-1,1g,19.5,fitted,8.1,0.13455157946804358
Ctrl+SR19.5-1,1g,19.5,fitted,8.15,0.13470450402198753
Ctrl+SR19.5-1,1g,19.5,fitted,8.200000000000001,0.13484907360590354
Ctrl+SR19.5-1,1g,19.5,fitted,8.25,0.13498572467113765
Ctrl+SR19.5-1,1g,19.5,fitted,8.3,0.1351148730556197
Ctrl+SR19.5-1,1g,19.5,fitted,8.35,0.13523691471438093
Ctrl+SR19.5-1,1g,19.5,fitted,8.4,0.13535222645300848
Ctrl+SR19.5-1,1g,19.5,fitted,8.450000000000001,0.13546116665966332
Ctrl+SR19.5-1,1g,19.5,fitted,8.5,0.13556407603189116
Ctrl+SR19.5-1,1g,19.5,fitted,8.55,0.1356612782950036
Ctrl+SR19.5-1,1g,19.5,fitted,8.6,0.13575308090930033
Ctrl+SR19.5-1,1g,19.5,fitted,8.65,0.1358397757638442
Ctrl+SR19.5-1,1g,19.5,fitted,8.700000000000001,0.13592163985489958
Ctrl+SR19.5-1,1g,19.5,fitted,8.75,0.13599893594749324
Ctrl+SR19.5-1,1g,19.5,fitted,8.8,0.13607191321887419
Ctrl+SR19.5-1,1g,19.5,fitted,8.85,0.13614080788292168
Ctrl+SR19.5-1,1g,19.5,fitted,8.9,0.13620584379479644
Ctrl+SR19.5-1,1g,19.5,fitted,8.950000000000001,0.13626723303534174
Ctrl+SR19.5-1,1g,19.5,fitted,9,0.1363251764749281
Ctrl+SR19.5-1,1g,19.5,fitted,9.05,0.13637986431659474
Ctrl+SR19.5-1,1g,19.5,fitted,9.1,0.1364314766184819
Ctrl+SR19.5-1,1g,19.5,fitted,9.15,0.13648018379566476
Ctrl+SR19.5-1,1g,19.5,fitted,9.200000000000001,0.1365261471016026
Ctrl+SR19.5-1,1g,19.5,fitted,9.25,0.13656951908950077
Ctrl+SR19.5-1,1g,19.5,fitted,9.3,0.13661044405395467
Ctrl+SR19.5-1,1g,19.5,fitted,9.35,0.13664905845330266
Ctrl+SR19.5-1,1g,19.5,fitted,9.4,0.13668549131316296
Ctrl+SR19.5-1,1g,19.5,fitted,9.450000000000001,0.13671986461166674
Ctrl+SR19.5-1,1g,19.5,fitted,9.5,0.13675229364692804
Ctrl+SR19.5-1,1g,19.5,fitted,9.55,0.13678288738731434
Ctrl+SR19.5-1,1g,19.5,fitted,9.600000000000001,0.13681174880509434
Ctrl+SR19.5-1,1g,19.5,fitted,9.65,0.13683897519405125
Ctrl+SR19.5-1,1g,19.5,fitted,9.700000000000001,0.13686465847165288
Ctrl+SR19.5-1,1g,19.5,fitted,9.75,0.1368888854663705
Ctrl+SR19.5-1,1g,19.5,fitted,9.8,0.13691173819073585
Ctrl+SR19.5-1,1g,19.5,fitted,9.850000000000001,0.13693329410071914
Ctrl+SR19.5-1,1g,19.5,fitted,9.9,0.13695362634200203
Ctrl+SR19.5-1,1g,19.5,fitted,9.950000000000001,0.13697280398370956
Ctrl+SR19.5-1,1g,19.5,fitted,10,0.1369908922401516
Ctrl+SR19.5-1,1g,19.5,observed,0,0.036916665
Ctrl+SR19.5-1,1g,19.5,observed,1,0.014866666
Ctrl+SR19.5-1,1g,19.5,observed,2,0.016766666
Ctrl+SR19.5-1,1g,19.5,observed,3,0.029216666
Ctrl+SR19.5-1,1g,19.5,observed,4.5,0.069616665
Ctrl+SR19.5-1,1g,19.5,observed,6,0.107866665
Ctrl+SR19.5-1,1g,19.5,observed,7.5,0.130966663
Ctrl+SR19.5-1,1g,19.5,observed,9,0.138166662
Ctrl+SR19.5-1,1g,19.5,observed,10,0.137549998
Ctrl+SR19.5-2,1g,19.5,fitted,0,0.024776621875439515
Ctrl+SR19.5-2,1g,19.5,fitted,0.05,0.02480502423416503
Ctrl+SR19.5-2,1g,19.5,fitted,0.1,0.02483505144661063
Ctrl+SR19.5-2,1g,19.5,fitted,0.15000000000000002,0.02486679552627608
Ctrl+SR19.5-2,1g,19.5,fitted,0.2,0.024900353586013974
Ctrl+SR19.5-2,1g,19.5,fitted,0.25,0.024935828107466286
Ctrl+SR19.5-2,1g,19.5,fitted,0.30000000000000004,0.024973327223165004
Ctrl+SR19.5-2,1g,19.5,fitted,0.35000000000000003,0.02501296501169894
Ctrl+SR19.5-2,1g,19.5,fitted,0.4,0.025054861806335427
Ctrl+SR19.5-2,1g,19.5,fitted,0.45,0.02509914451746783
Ctrl+SR19.5-2,1g,19.5,fitted,0.5,0.025145946969236513
Ctrl+SR19.5-2,1g,19.5,fitted,0.55,0.02519541025064192
Ctrl+SR19.5-2,1g,19.5,fitted,0.6000000000000001,0.02524768308143234
Ctrl+SR19.5-2,1g,19.5,fitted,0.65,0.02530292219300552
Ctrl+SR19.5-2,1g,19.5,fitted,0.7000000000000001,0.025361292724511052
Ctrl+SR19.5-2,1g,19.5,fitted,0.75,0.025422968634278783
Ctrl+SR19.5-2,1g,19.5,fitted,0.8,0.025488133126625984
Ctrl+SR19.5-2,1g,19.5,fitted,0.8500000000000001,0.025556979094011563
Ctrl+SR19.5-2,1g,19.5,fitted,0.9,0.02562970957440778
Ctrl+SR19.5-2,1g,19.5,fitted,0.9500000000000001,0.02570653822364752
Ctrl+SR19.5-2,1g,19.5,fitted,1,0.025787689802376255
Ctrl+SR19.5-2,1g,19.5,fitted,1.05,0.02587340067709117
Ctrl+SR19.5-2,1g,19.5,fitted,1.1,0.025963919334583467
Ctrl+SR19.5-2,1g,19.5,fitted,1.1500000000000001,0.026059506908911796
Ctrl+SR19.5-2,1g,19.5,fitted,1.2000000000000002,0.02616043771982322
Ctrl+SR19.5-2,1g,19.5,fitted,1.25,0.02626699982130096
Ctrl+SR19.5-2,1g,19.5,fitted,1.3,0.026379495558653206
Ctrl+SR19.5-2,1g,19.5,fitted,1.35,0.02649824213226243
Ctrl+SR19.5-2,1g,19.5,fitted,1.4000000000000001,0.026623572165787545
Ctrl+SR19.5-2,1g,19.5,fitted,1.4500000000000002,0.026755834276249835
Ctrl+SR19.5-2,1g,19.5,fitted,1.5,0.02689539364303528
Ctrl+SR19.5-2,1g,19.5,fitted,1.55,0.027042632572409096
Ctrl+SR19.5-2,1g,19.5,fitted,1.6,0.02719795105366038
Ctrl+SR19.5-2,1g,19.5,fitted,1.6500000000000001,0.02736176730247438
Ctrl+SR19.5-2,1g,19.5,fitted,1.7000000000000002,0.02753451828656533
Ctrl+SR19.5-2,1g,19.5,fitted,1.75,0.027716660227992598
Ctrl+SR19.5-2,1g,19.5,fitted,1.8,0.027908669075927074
Ctrl+SR19.5-2,1g,19.5,fitted,1.85,0.028111040942932302
Ctrl+SR19.5-2,1g,19.5,fitted,1.9000000000000001,0.028324292497077276
Ctrl+SR19.5-2,1g,19.5,fitted,1.9500000000000002,0.028548961301406127
Ctrl+SR19.5-2,1g,19.5,fitted,2,0.028785606091457087
Ctrl+SR19.5-2,1g,19.5,fitted,2.0500000000000003,0.029034806980652996
Ctrl+SR19.5-2,1g,19.5,fitted,2.1,0.02929716558248378
Ctrl+SR19.5-2,1g,19.5,fitted,2.15,0.029573305037475014
Ctrl+SR19.5-2,1g,19.5,fitted,2.2,0.029863869931995177
Ctrl+SR19.5-2,1g,19.5,fitted,2.25,0.030169526095009332
Ctrl+SR19.5-2,1g,19.5,fitted,2.3000000000000003,0.030490960257952657
Ctrl+SR19.5-2,1g,19.5,fitted,2.35,0.03082887956199071
Ctrl+SR19.5-2,1g,19.5,fitted,2.4000000000000004,0.03118401089607494
Ctrl+SR19.5-2,1g,19.5,fitted,2.45,0.03155710004841503
Ctrl+SR19.5-2,1g,19.5,fitted,2.5,0.03194891065330178
Ctrl+SR19.5-2,1g,19.5,fitted,2.5500000000000003,0.032360222914656366
Ctrl+SR19.5-2,1g,19.5,fitted,2.6,0.032791832087288496
Ctrl+SR19.5-2,1g,19.5,fitted,2.6500000000000004,0.03324454669665738
Ctrl+SR19.5-2,1g,19.5,fitted,2.7,0.03371918647798612
Ctrl+SR19.5-2,1g,19.5,fitted,2.75,0.034216580015930934
Ctrl+SR19.5-2,1g,19.5,fitted,2.8000000000000003,0.03473756206669822
Ctrl+SR19.5-2,1g,19.5,fitted,2.85,0.03528297054558938
Ctrl+SR19.5-2,1g,19.5,fitted,2.9000000000000004,0.03585364316448597
Ctrl+SR19.5-2,1g,19.5,fitted,2.95,0.03645041370582277
Ctrl+SR19.5-2,1g,19.5,fitted,3,0.03707410792218365
Ctrl+SR19.5-2,1g,19.5,fitted,3.0500000000000003,0.03772553905384616
Ctrl+SR19.5-2,1g,19.5,fitted,3.1,0.03840550296043872
Ctrl+SR19.5-2,1g,19.5,fitted,3.1500000000000004,0.03911477286739663
Ctrl+SR19.5-2,1g,19.5,fitted,3.2,0.039854093733135136
Ctrl+SR19.5-2,1g,19.5,fitted,3.25,0.04062417624881299
Ctrl+SR19.5-2,1g,19.5,fitted,3.3000000000000003,0.041425690489232794
Ctrl+SR19.5-2,1g,19.5,fitted,3.35,0.042259259240789944
Ctrl+SR19.5-2,1g,19.5,fitted,3.4000000000000004,0.04312545104039188
Ctrl+SR19.5-2,1g,19.5,fitted,3.45,0.04402477296784516
Ctrl+SR19.5-2,1g,19.5,fitted,3.5,0.04495766324324517
Ctrl+SR19.5-2,1g,19.5,fitted,3.5500000000000003,0.04592448369025974
Ctrl+SR19.5-2,1g,19.5,fitted,3.6,0.04692551213570213
Ctrl+SR19.5-2,1g,19.5,fitted,3.6500000000000004,0.04796093482523023
Ctrl+SR19.5-2,1g,19.5,fitted,3.7,0.04903083894414613
Ctrl+SR19.5-2,1g,19.5,fitted,3.75,0.0501352053408304
Ctrl+SR19.5-2,1g,19.5,fitted,3.8000000000000003,0.05127390155802715
Ctrl+SR19.5-2,1g,19.5,fitted,3.85,0.05244667528368106
Ctrl+SR19.5-2,1g,19.5,fitted,3.9000000000000004,0.05365314833798422
Ctrl+SR19.5-2,1g,19.5,fitted,3.95,0.05489281131638647
Ctrl+SR19.5-2,1g,19.5,fitted,4,0.05616501900924096
Ctrl+SR19.5-2,1g,19.5,fitted,4.05,0.05746898671720152
Ctrl+SR19.5-2,1g,19.5,fitted,4.1000000000000005,0.058803787577212295
Ctrl+SR19.5-2,1g,19.5,fitted,4.15,0.060168351006739264
Ctrl+SR19.5-2,1g,19.5,fitted,4.2,0.06156146236367048
Ctrl+SR19.5-2,1g,19.5,fitted,4.25,0.06298176390602539
Ctrl+SR19.5-2,1g,19.5,fitted,4.3,0.06442775711933676
Ctrl+SR19.5-2,1g,19.5,fitted,4.3500000000000005,0.06589780646047791
Ctrl+SR19.5-2,1g,19.5,fitted,4.4,0.0673901445450994
Ctrl+SR19.5-2,1g,19.5,fitted,4.45,0.06890287878212016
Ctrl+SR19.5-2,1g,19.5,fitted,4.5,0.07043399943340166
Ctrl+SR19.5-2,1g,19.5,fitted,4.55,0.07198138905043447
Ctrl+SR19.5-2,1g,19.5,fitted,4.6000000000000005,0.07354283321327179
Ctrl+SR19.5-2,1g,19.5,fitted,4.65,0.07511603247079846
Ctrl+SR19.5-2,1g,19.5,fitted,4.7,0.07669861535650124
Ctrl+SR19.5-2,1g,19.5,fitted,4.75,0.07828815233097156
Ctrl+SR19.5-2,1g,19.5,fitted,4.800000000000001,0.07988217048216217
Ctrl+SR19.5-2,1g,19.5,fitted,4.8500000000000005,0.081478168797596
Ctrl+SR19.5-2,1g,19.5,fitted,4.9,0.08307363380985508
Ctrl+SR19.5-2,1g,19.5,fitted,4.95,0.08466605540819848
Ctrl+SR19.5-2,1g,19.5,fitted,5,0.08625294260536664
Ctrl+SR19.5-2,1g,19.5,fitted,5.050000000000001,0.08783183904965276
Ctrl+SR19.5-2,1g,19.5,fitted,5.1000000000000005,0.0894003380781282
Ctrl+SR19.5-2,1g,19.5,fitted,5.15,0.09095609711729458
Ctrl+SR19.5-2,1g,19.5,fitted,5.2,0.09249685125204395
Ctrl+SR19.5-2,1g,19.5,fitted,5.25,0.09402042580214318
Ctrl+SR19.5-2,1g,19.5,fitted,5.300000000000001,0.0955247477669109
Ctrl+SR19.5-2,1g,19.5,fitted,5.3500000000000005,0.0970078560226243
Ctrl+SR19.5-2,1g,19.5,fitted,5.4,0.09846791018273061
Ctrl+SR19.5-2,1g,19.5,fitted,5.45,0.0999031980573669
Ctrl+SR19.5-2,1g,19.5,fitted,5.5,0.10131214167525024
Ctrl+SR19.5-2,1g,19.5,fitted,5.550000000000001,0.1026933018569628
Ctrl+SR19.5-2,1g,19.5,fitted,5.6000000000000005,0.10404538135336396
Ctrl+SR19.5-2,1g,19.5,fitted,5.65,0.10536722658574366
Ctrl+SR19.5-2,1g,19.5,fitted,5.7,0.10665782804491375
Ctrl+SR19.5-2,1g,19.5,fitted,5.75,0.1079163194243615
Ctrl+SR19.5-2,1g,19.5,fitted,5.800000000000001,0.10914197557761306
Ctrl+SR19.5-2,1g,19.5,fitted,5.8500000000000005,0.11033420940194409
Ctrl+SR19.5-2,1g,19.5,fitted,5.9,0.11149256775950286
Ctrl+SR19.5-2,1g,19.5,fitted,5.95,0.1126167265528455
Ctrl+SR19.5-2,1g,19.5,fitted,6,0.11370648507497973
Ctrl+SR19.5-2,1g,19.5,fitted,6.050000000000001,0.11476175975448417
Ctrl+SR19.5-2,1g,19.5,fitted,6.1000000000000005,0.11578257741439248
Ctrl+SR19.5-2,1g,19.5,fitted,6.15,0.11676906815960549
Ctrl+SR19.5-2,1g,19.5,fitted,6.2,0.11772145800194936
Ctrl+SR19.5-2,1g,19.5,fitted,6.25,0.11864006132496475
Ctrl+SR19.5-2,1g,19.5,fitted,6.300000000000001,0.11952527328241987
Ctrl+SR19.5-2,1g,19.5,fitted,6.3500000000000005,0.12037756221569974
Ctrl+SR19.5-2,1g,19.5,fitted,6.4,0.12119746216592692
Ctrl+SR19.5-2,1g,19.5,fitted,6.45,0.12198556554717148
Ctrl+SR19.5-2,1g,19.5,fitted,6.5,0.12274251603764534
Ctrl+SR19.5-2,1g,19.5,fitted,6.550000000000001,0.1234690017365337
Ctrl+SR19.5-2,1g,19.5,fitted,6.6000000000000005,0.12416574862526093
Ctrl+SR19.5-2,1g,19.5,fitted,6.65,0.12483351436364075
Ctrl+SR19.5-2,1g,19.5,fitted,6.7,0.1254730824436162
Ctrl+SR19.5-2,1g,19.5,fitted,6.75,0.12608525671621912
Ctrl+SR19.5-2,1g,19.5,fitted,6.800000000000001,0.12667085630100777
Ctrl+SR19.5-2,1g,19.5,fitted,6.8500000000000005,0.12723071088159443
Ctrl+SR19.5-2,1g,19.5,fitted,6.9,0.12776565638594478
Ctrl+SR19.5-2,1g,19.5,fitted,6.95,0.12827653104590422
Ctrl+SR19.5-2,1g,19.5,fitted,7,0.12876417182684602
Ctrl+SR19.5-2,1g,19.5,fitted,7.050000000000001,0.12922941121540912
Ctrl+SR19.5-2,1g,19.5,fitted,7.1000000000000005,0.129673074350944
Ctrl+SR19.5-2,1g,19.5,fitted,7.15,0.1300959764844722
Ctrl+SR19.5-2,1g,19.5,fitted,7.2,0.13049892074762645
Ctrl+SR19.5-2,1g,19.5,fitted,7.25,0.13088269621312568
Ctrl+SR19.5-2,1g,19.5,fitted,7.300000000000001,0.13124807622779933
Ctrl+SR19.5-2,1g,19.5,fitted,7.3500000000000005,0.1315958169989541
Ctrl+SR19.5-2,1g,19.5,fitted,7.4,0.1319266564149295
Ctrl+SR19.5-2,1g,19.5,fitted,7.45,0.1322413130809693
Ctrl+SR19.5-2,1g,19.5,fitted,7.5,0.13254048555200287
Ctrl+SR19.5-2,1g,19.5,fitted,7.550000000000001,0.13282485174454828
Ctrl+SR19.5-2,1g,19.5,fitted,7.6000000000000005,0.1330950685106821
Ctrl+SR19.5-2,1g,19.5,fitted,7.65,0.1333517713578407
Ctrl+SR19.5-2,1g,19.5,fitted,7.7,0.13359557429910074
Ctrl+SR19.5-2,1g,19.5,fitted,7.75,0.1338270698195051
Ctrl+SR19.5-2,1g,19.5,fitted,7.800000000000001,0.1340468289449434
Ctrl+SR19.5-2,1g,19.5,fitted,7.8500000000000005,0.13425540140103956
Ctrl+SR19.5-2,1g,19.5,fitted,7.9,0.13445331585043596
Ctrl+SR19.5-2,1g,19.5,fitted,7.95,0.13464108019778082
Ctrl+SR19.5-2,1g,19.5,fitted,8,0.13481918195261428
Ctrl+SR19.5-2,1g,19.5,fitted,8.05,0.13498808864120337
Ctrl+SR19.5-2,1g,19.5,fitted,8.1,0.13514824825919258
Ctrl+SR19.5-2,1g,19.5,fitted,8.15,0.1353000897577089
Ctrl+SR19.5-2,1g,19.5,fitted,8.200000000000001,0.13544402355629018
Ctrl+SR19.5-2,1g,19.5,fitted,8.25,0.13558044207668685
Ctrl+SR19.5-2,1g,19.5,fitted,8.3,0.1357097202922245
Ctrl+SR19.5-2,1g,19.5,fitted,8.35,0.13583221628800501
Ctrl+SR19.5-2,1g,19.5,fitted,8.4,0.13594827182777036
Ctrl+SR19.5-2,1g,19.5,fitted,8.450000000000001,0.13605821292375364
Ctrl+SR19.5-2,1g,19.5,fitted,8.5,0.13616235040630476
Ctrl+SR19.5-2,1g,19.5,fitted,8.55,0.13626098049049573
Ctrl+SR19.5-2,1g,19.5,fitted,8.6,0.13635438533729477
Ctrl+SR19.5-2,1g,19.5,fitted,8.65,0.13644283360724427
Ctrl+SR19.5-2,1g,19.5,fitted,8.700000000000001,0.1365265810048909
Ctrl+SR19.5-2,1g,19.5,fitted,8.75,0.13660587081249798
Ctrl+SR19.5-2,1g,19.5,fitted,8.8,0.13668093441182308
Ctrl+SR19.5-2,1g,19.5,fitted,8.85,0.13675199179297076
Ctrl+SR19.5-2,1g,19.5,fitted,8.9,0.13681925204952972
Ctrl+SR19.5-2,1g,19.5,fitted,8.950000000000001,0.13688291385938436
Ctrl+SR19.5-2,1g,19.5,fitted,9,0.13694316595074763
Ctrl+SR19.5-2,1g,19.5,fitted,9.05,0.1370001875531009
Ctrl+SR19.5-2,1g,19.5,fitted,9.1,0.1370541488328484
Ctrl+SR19.5-2,1g,19.5,fitted,9.15,0.13710521131360004
Ctrl+SR19.5-2,1g,19.5,fitted,9.200000000000001,0.13715352828108845
Ctrl+SR19.5-2,1g,19.5,fitted,9.25,0.1371992451728048
Ctrl+SR19.5-2,1g,19.5,fitted,9.3,0.13724249995250604
Ctrl+SR19.5-2,1g,19.5,fitted,9.35,0.13728342346980404
Ctrl+SR19.5-2,1g,19.5,fitted,9.4,0.13732213980509503
Ctrl+SR19.5-2,1g,19.5,fitted,9.450000000000001,0.13735876660012822
Ctrl+SR19.5-2,1g,19.5,fitted,9.5,0.13739341537454486
Ctrl+SR19.5-2,1g,19.5,fitted,9.55,0.13742619182874666
Ctrl+SR19.5-2,1g,19.5,fitted,9.600000000000001,0.13745719613347224
Ctrl+SR19.5-2,1g,19.5,fitted,9.65,0.13748652320647642
Ctrl+SR19.5-2,1g,19.5,fitted,9.700000000000001,0.13751426297671906
Ctrl+SR19.5-2,1g,19.5,fitted,9.75,0.13754050063647733
Ctrl+SR19.5-2,1g,19.5,fitted,9.8,0.13756531688179974
Ctrl+SR19.5-2,1g,19.5,fitted,9.850000000000001,0.13758878814172193
Ctrl+SR19.5-2,1g,19.5,fitted,9.9,0.13761098679666312
Ctrl+SR19.5-2,1g,19.5,fitted,9.950000000000001,0.13763198138641852
Ctrl+SR19.5-2,1g,19.5,fitted,10,0.13765183680815957
Ctrl+SR19.5-2,1g,19.5,observed,0,0.037266667
Ctrl+SR19.5-2,1g,19.5,observed,1,0.018066668
Ctrl+SR19.5-2,1g,19.5,observed,2,0.022616666
Ctrl+SR19.5-2,1g,19.5,observed,3,0.036166665
Ctrl+SR19.5-2,1g,19.5,observed,4.5,0.075716666
Ctrl+SR19.5-2,1g,19.5,observed,6,0.106216672
Ctrl+SR19.5-2,1g,19.5,observed,7.5,0.140316666
Ctrl+SR19.5-2,1g,19.5,observed,9,0.138716664
Ctrl+SR19.5-2,1g,19.5,observed,10,0.132616665
Ctrl+SR19.5-3,1g,19.5,fitted,0,0.022918328533398005
Ctrl+SR19.5-3,1g,19.5,fitted,0.05,0.02294136108502533
Ctrl+SR19.5-3,1g,19.5,fitted,0.1,0.022965844758012333
Ctrl+SR19.5-3,1g,19.5,fitted,0.15000000000000002,0.022991870276356803
Ctrl+SR19.5-3,1g,19.5,fitted,0.2,0.023019533944735382
Ctrl+SR19.5-3,1g,19.5,fitted,0.25,0.023048937979861166
Ctrl+SR19.5-3,1g,19.5,fitted,0.30000000000000004,0.023080190859949775
Ctrl+SR19.5-3,1g,19.5,fitted,0.35000000000000003,0.023113407693073486
Ctrl+SR19.5-3,1g,19.5,fitted,0.4,0.023148710605186713
Ctrl+SR19.5-3,1g,19.5,fitted,0.45,0.023186229148604392
Ctrl+SR19.5-3,1g,19.5,fitted,0.5,0.023226100731706972
Ctrl+SR19.5-3,1g,19.5,fitted,0.55,0.023268471070630455
Ctrl+SR19.5-3,1g,19.5,fitted,0.6000000000000001,0.023313494663676135
Ctrl+SR19.5-3,1g,19.5,fitted,0.65,0.023361335289141104
Ctrl+SR19.5-3,1g,19.5,fitted,0.7000000000000001,0.0234121665272253
Ctrl+SR19.5-3,1g,19.5,fitted,0.75,0.02346617230661275
Ctrl+SR19.5-3,1g,19.5,fitted,0.8,0.023523547476251162
Ctrl+SR19.5-3,1g,19.5,fitted,0.8500000000000001,0.023584498402763568
Ctrl+SR19.5-3,1g,19.5,fitted,0.9,0.02364924359381557
Ctrl+SR19.5-3,1g,19.5,fitted,0.9500000000000001,0.023718014347629608
Ctrl+SR19.5-3,1g,19.5,fitted,1,0.02379105542868047
Ctrl+SR19.5-3,1g,19.5,fitted,1.05,0.023868625769421045
Ctrl+SR19.5-3,1g,19.5,fitted,1.1,0.023950999197670752
Ctrl+SR19.5-3,1g,19.5,fitted,1.1500000000000001,0.02403846518904707
Ctrl+SR19.5-3,1g,19.5,fitted,1.2000000000000002,0.024131329643529976
Ctrl+SR19.5-3,1g,19.5,fitted,1.25,0.024229915684914533
Ctrl+SR19.5-3,1g,19.5,fitted,1.3,0.024334564481524892
Ctrl+SR19.5-3,1g,19.5,fitted,1.35,0.02444563608612798
Ctrl+SR19.5-3,1g,19.5,fitted,1.4000000000000001,0.02456351029249235
Ctrl+SR19.5-3,1g,19.5,fitted,1.4500000000000002,0.024688587505481988
Ctrl+SR19.5-3,1g,19.5,fitted,1.5,0.024821289620950378
Ctrl+SR19.5-3,1g,19.5,fitted,1.55,0.02496206091100199
Ctrl+SR19.5-3,1g,19.5,fitted,1.6,0.025111368909410257
Ctrl+SR19.5-3,1g,19.5,fitted,1.6500000000000001,0.025269705291118605
Ctrl+SR19.5-3,1g,19.5,fitted,1.7000000000000002,0.0254375867387982
Ctrl+SR19.5-3,1g,19.5,fitted,1.75,0.02561555578838891
Ctrl+SR19.5-3,1g,19.5,fitted,1.8,0.025804181644404088
Ctrl+SR19.5-3,1g,19.5,fitted,1.85,0.026004060954532535
Ctrl+SR19.5-3,1g,19.5,fitted,1.9000000000000001,0.026215818531720614
Ctrl+SR19.5-3,1g,19.5,fitted,1.9500000000000002,0.0264401080104637
Ctrl+SR19.5-3,1g,19.5,fitted,2,0.026677612422481532
Ctrl+SR19.5-3,1g,19.5,fitted,2.0500000000000003,0.026929044675300565
Ctrl+SR19.5-3,1g,19.5,fitted,2.1,0.027195147915526494
Ctrl+SR19.5-3,1g,19.5,fitted,2.15,0.027476695756772827
Ctrl+SR19.5-3,1g,19.5,fitted,2.2,0.027774492350332868
Ctrl+SR19.5-3,1g,19.5,fitted,2.25,0.028089372274764133
Ctrl+SR19.5-3,1g,19.5,fitted,2.3000000000000003,0.028422200218622812
Ctrl+SR19.5-3,1g,19.5,fitted,2.35,0.02877387042867586
Ctrl+SR19.5-3,1g,19.5,fitted,2.4000000000000004,0.029145305894071098
Ctrl+SR19.5-3,1g,19.5,fitted,2.45,0.029537457235211388
Ctrl+SR19.5-3,1g,19.5,fitted,2.5,0.029951301264517116
Ctrl+SR19.5-3,1g,19.5,fitted,2.5500000000000003,0.030387839184940757
Ctrl+SR19.5-3,1g,19.5,fitted,2.6,0.030848094391097966
Ctrl+SR19.5-3,1g,19.5,fitted,2.6500000000000004,0.03133310983729151
Ctrl+SR19.5-3,1g,19.5,fitted,2.7,0.03184394493662727
Ctrl+SR19.5-3,1g,19.5,fitted,2.75,0.03238167195596703
Ctrl+SR19.5-3,1g,19.5,fitted,2.8000000000000003,0.03294737187274846
Ctrl+SR19.5-3,1g,19.5,fitted,2.85,0.03354212966185563
Ctrl+SR19.5-3,1g,19.5,fitted,2.9000000000000004,0.034167028983873735
Ctrl+SR19.5-3,1g,19.5,fitted,2.95,0.03482314625034087
Ctrl+SR19.5-3,1g,19.5,fitted,3,0.03551154404714571
Ctrl+SR19.5-3,1g,19.5,fitted,3.0500000000000003,0.03623326390413223
Ctrl+SR19.5-3,1g,19.5,fitted,3.1,0.03698931840736429
Ctrl+SR19.5-3,1g,19.5,fitted,3.1500000000000004,0.037780682660454513
Ctrl+SR19.5-3,1g,19.5,fitted,3.2,0.03860828511292145
Ctrl+SR19.5-3,1g,19.5,fitted,3.25,0.03947299778671302
Ctrl+SR19.5-3,1g,19.5,fitted,3.3000000000000003,0.04037562594677764
Ctrl+SR19.5-3,1g,19.5,fitted,3.35,0.04131689727776949
Ctrl+SR19.5-3,1g,19.5,fitted,3.4000000000000004,0.04229745064646209
Ctrl+SR19.5-3,1g,19.5,fitted,3.45,0.04331782454795394
Ctrl+SR19.5-3,1g,19.5,fitted,3.5,0.04437844535293405
Ctrl+SR19.5-3,1g,19.5,fitted,3.5500000000000003,0.04547961549269214
Ctrl+SR19.5-3,1g,19.5,fitted,3.6,0.046621501737676034
Ctrl+SR19.5-3,1g,19.5,fitted,3.6500000000000004,0.04780412374359584
Ctrl+SR19.5-3,1g,19.5,fitted,3.7,0.04902734305564822
Ctrl+SR19.5-3,1g,19.5,fitted,3.75,0.05029085277562405
Ctrl+SR19.5-3,1g,19.5,fitted,3.8000000000000003,0.05159416810766229
Ctrl+SR19.5-3,1g,19.5,fitted,3.85,0.052936618005410024
Ctrl+SR19.5-3,1g,19.5,fitted,3.9000000000000004,0.05431733814555377
Ctrl+SR19.5-3,1g,19.5,fitted,3.95,0.05573526544937825
Ctrl+SR19.5-3,1g,19.5,fitted,4,0.057189134364578814
Ctrl+SR19.5-3,1g,19.5,fitted,4.05,0.058677475103549454
Ctrl+SR19.5-3,1g,19.5,fitted,4.1000000000000005,0.06019861401154811
Ctrl+SR19.5-3,1g,19.5,fitted,4.15,0.06175067620850336
Ctrl+SR19.5-3,1g,19.5,fitted,4.2,0.06333159061205332
Ctrl+SR19.5-3,1g,19.5,fitted,4.25,0.0649390974072762
Ctrl+SR19.5-3,1g,19.5,fitted,4.3,0.06657075798137355
Ctrl+SR19.5-3,1g,19.5,fitted,4.3500000000000005,0.06822396729048125
Ctrl+SR19.5-3,1g,19.5,fitted,4.4,0.06989596857226055
Ctrl+SR19.5-3,1g,19.5,fitted,4.45,0.07158387026363242
Ctrl+SR19.5-3,1g,19.5,fitted,4.5,0.07328466492977799
Ctrl+SR19.5-3,1g,19.5,fitted,4.55,0.07499524996023327
Ctrl+SR19.5-3,1g,19.5,fitted,4.6000000000000005,0.07671244974242412
Ctrl+SR19.5-3,1g,19.5,fitted,4.65,0.07843303898407748
Ctrl+SR19.5-3,1g,19.5,fitted,4.7,0.0801537668251507
Ctrl+SR19.5-3,1g,19.5,fitted,4.75,0.0818713813584947
Ctrl+SR19.5-3,1g,19.5,fitted,4.800000000000001,0.08358265416729128
Ctrl+SR19.5-3,1g,19.5,fitted,4.8500000000000005,0.08528440448684473
Ctrl+SR19.5-3,1g,19.5,fitted,4.9,0.08697352260858357
Ctrl+SR19.5-3,1g,19.5,fitted,4.95,0.08864699216470968
Ctrl+SR19.5-3,1g,19.5,fitted,5,0.09030191096197258
Ctrl+SR19.5-3,1g,19.5,fitted,5.050000000000001,0.09193551007132308
Ctrl+SR19.5-3,1g,19.5,fitted,5.1000000000000005,0.09354517092518726
Ctrl+SR19.5-3,1g,19.5,fitted,5.15,0.09512844022406128
Ctrl+SR19.5-3,1g,19.5,fitted,5.2,0.09668304250718794
Ctrl+SR19.5-3,1g,19.5,fitted,5.25,0.09820689029635113
Ctrl+SR19.5-3,1g,19.5,fitted,5.300000000000001,0.09969809177547785
Ctrl+SR19.5-3,1g,19.5,fitted,5.3500000000000005,0.1011549560200916
Ctrl+SR19.5-3,1g,19.5,fitted,5.4,0.10257599583824098
Ctrl+SR19.5-3,1g,19.5,fitted,5.45,0.103959928327128
Ctrl+SR19.5-3,1g,19.5,fitted,5.5,0.10530567328636875
Ctrl+SR19.5-3,1g,19.5,fitted,5.550000000000001,0.10661234965902801
Ctrl+SR19.5-3,1g,19.5,fitted,5.6000000000000005,0.10787927019497402
Ctrl+SR19.5-3,1g,19.5,fitted,5.65,0.10910593454767797
Ctrl+SR19.5-3,1g,19.5,fitted,5.7,0.11029202102555699
Ctrl+SR19.5-3,1g,19.5,fitted,5.75,0.11143737722276864
Ctrl+SR19.5-3,1g,19.5,fitted,5.800000000000001,0.11254200975260184
Ctrl+SR19.5-3,1g,19.5,fitted,5.8500000000000005,0.11360607329999026
Ctrl+SR19.5-3,1g,19.5,fitted,5.9,0.11462985919898344
Ctrl+SR19.5-3,1g,19.5,fitted,5.95,0.11561378372706183
Ctrl+SR19.5-3,1g,19.5,fitted,6,0.1165583762917794
Ctrl+SR19.5-3,1g,19.5,fitted,6.050000000000001,0.11746426766713165
Ctrl+SR19.5-3,1g,19.5,fitted,6.1000000000000005,0.11833217841798106
Ctrl+SR19.5-3,1g,19.5,fitted,6.15,0.11916290763145913
Ctrl+SR19.5-3,1g,19.5,fitted,6.2,0.1199573220550417
Ctrl+SR19.5-3,1g,19.5,fitted,6.25,0.12071634572241169
Ctrl+SR19.5-3,1g,19.5,fitted,6.300000000000001,0.12144095013063871
Ctrl+SR19.5-3,1g,19.5,fitted,6.3500000000000005,0.12213214501588113
Ctrl+SR19.5-3,1g,19.5,fitted,6.4,0.12279096975994436
Ctrl+SR19.5-3,1g,19.5,fitted,6.45,0.12341848544671835
Ctrl+SR19.5-3,1g,19.5,fitted,6.5,0.1240157675758197
Ctrl+SR19.5-3,1g,19.5,fitted,6.550000000000001,0.12458389943067749
Ctrl+SR19.5-3,1g,19.5,fitted,6.6000000000000005,0.12512396608977888
Ctrl+SR19.5-3,1g,19.5,fitted,6.65,0.12563704906275708
Ctrl+SR19.5-3,1g,19.5,fitted,6.7,0.12612422152735542
Ctrl+SR19.5-3,1g,19.5,fitted,6.75,0.1265865441389192
Ctrl+SR19.5-3,1g,19.5,fitted,6.800000000000001,0.12702506138082653
Ctrl+SR19.5-3,1g,19.5,fitted,6.8500000000000005,0.12744079842203626
Ctrl+SR19.5-3,1g,19.5,fitted,6.9,0.12783475844657685
Ctrl+SR19.5-3,1g,19.5,fitted,6.95,0.12820792041919532
Ctrl+SR19.5-3,1g,19.5,fitted,7,0.12856123725141538
Ctrl+SR19.5-3,1g,19.5,fitted,7.050000000000001,0.12889563433280135
Ctrl+SR19.5-3,1g,19.5,fitted,7.1000000000000005,0.1292120083931928
Ctrl+SR19.5-3,1g,19.5,fitted,7.15,0.12951122666297157
Ctrl+SR19.5-3,1g,19.5,fitted,7.2,0.1297941262999664
Ctrl+SR19.5-3,1g,19.5,fitted,7.25,0.13006151405332253
Ctrl+SR19.5-3,1g,19.5,fitted,7.300000000000001,0.13031416613650404
Ctrl+SR19.5-3,1g,19.5,fitted,7.3500000000000005,0.13055282828350193
Ctrl+SR19.5-3,1g,19.5,fitted,7.4,0.13077821596425296
Ctrl+SR19.5-3,1g,19.5,fitted,7.45,0.13099101473719427
Ctrl+SR19.5-3,1g,19.5,fitted,7.5,0.13119188071876206
Ctrl+SR19.5-3,1g,19.5,fitted,7.550000000000001,0.13138144115146536
Ctrl+SR19.5-3,1g,19.5,fitted,7.6000000000000005,0.1315602950539132
Ctrl+SR19.5-3,1g,19.5,fitted,7.65,0.13172901393783304
Ctrl+SR19.5-3,1g,19.5,fitted,7.7,0.13188814257868073
Ctrl+SR19.5-3,1g,19.5,fitted,7.75,0.13203819982790546
Ctrl+SR19.5-3,1g,19.5,fitted,7.800000000000001,0.13217967945629228
Ctrl+SR19.5-3,1g,19.5,fitted,7.8500000000000005,0.13231305101906018
Ctrl+SR19.5-3,1g,19.5,fitted,7.9,0.1324387607345488
Ctrl+SR19.5-3,1g,19.5,fitted,7.95,0.13255723236938188
Ctrl+SR19.5-3,1g,19.5,fitted,8,0.13266886812395678
Ctrl+SR19.5-3,1g,19.5,fitted,8.05,0.13277404951297836
Ctrl+SR19.5-3,1g,19.5,fitted,8.1,0.13287313823654232
Ctrl+SR19.5-3,1g,19.5,fitted,8.15,0.13296647703797582
Ctrl+SR19.5-3,1g,19.5,fitted,8.200000000000001,0.13305439054527538
Ctrl+SR19.5-3,1g,19.5,fitted,8.25,0.1331371860935425
Ctrl+SR19.5-3,1g,19.5,fitted,8.3,0.13321515452631588
Ctrl+SR19.5-3,1g,19.5,fitted,8.35,0.13328857097413807
Ctrl+SR19.5-3,1g,19.5,fitted,8.4,0.13335769560908178
Ctrl+SR19.5-3,1g,19.5,fitted,8.450000000000001,0.1334227743742988
Ctrl+SR19.5-3,1g,19.5,fitted,8.5,0.13348403968794825
Ctrl+SR19.5-3,1g,19.5,fitted,8.55,0.13354171112111726
Ctrl+SR19.5-3,1g,19.5,fitted,8.6,0.13359599604956576
Ctrl+SR19.5-3,1g,19.5,fitted,8.65,0.1336470902793146
Ctrl+SR19.5-3,1g,19.5,fitted,8.700000000000001,0.13369517864625616
Ctrl+SR19.5-3,1g,19.5,fitted,8.75,0.1337404355901013
Ctrl+SR19.5-3,1g,19.5,fitted,8.8,0.13378302570308664
Ctrl+SR19.5-3,1g,19.5,fitted,8.85,0.13382310425396046
Ctrl+SR19.5-3,1g,19.5,fitted,8.9,0.13386081768783828
Ctrl+SR19.5-3,1g,19.5,fitted,8.950000000000001,0.13389630410258008
Ctrl+SR19.5-3,1g,19.5,fitted,9,0.13392969370238683
Ctrl+SR19.5-3,1g,19.5,fitted,9.05,0.133961109229348
Ctrl+SR19.5-3,1g,19.5,fitted,9.1,0.13399066637369747
Ctrl+SR19.5-3,1g,19.5,fitted,9.15,0.13401847416355012
Ctrl+SR19.5-3,1g,19.5,fitted,9.200000000000001,0.1340446353349005
Ctrl+SR19.5-3,1g,19.5,fitted,9.25,0.13406924668266654
Ctrl+SR19.5-3,1g,19.5,fitted,9.3,0.13409239939355916
Ctrl+SR19.5-3,1g,19.5,fitted,9.35,0.1341141793615491
Ctrl+SR19.5-3,1g,19.5,fitted,9.4,0.13413466748669317
Ctrl+SR19.5-3,1g,19.5,fitted,9.450000000000001,0.13415393995806568
Ctrl+SR19.5-3,1g,19.5,fitted,9.5,0.13417206852152413
Ctrl+SR19.5-3,1g,19.5,fitted,9.55,0.13418912073302092
Ctrl+SR19.5-3,1g,19.5,fitted,9.600000000000001,0.13420516019814907
Ctrl+SR19.5-3,1g,19.5,fitted,9.65,0.1342202467985917
Ctrl+SR19.5-3,1g,19.5,fitted,9.700000000000001,0.13423443690611955
Ctrl+SR19.5-3,1g,19.5,fitted,9.75,0.13424778358475917
Ctrl+SR19.5-3,1g,19.5,fitted,9.8,0.13426033678173088
Ctrl+SR19.5-3,1g,19.5,fitted,9.850000000000001,0.134272143507731
Ctrl+SR19.5-3,1g,19.5,fitted,9.9,0.13428324800711056
Ctrl+SR19.5-3,1g,19.5,fitted,9.950000000000001,0.1342936919184781
Ctrl+SR19.5-3,1g,19.5,fitted,10,0.13430351442623237
Ctrl+SR19.5-3,1g,19.5,observed,0,0.036766666
Ctrl+SR19.5-3,1g,19.5,observed,1,0.016116666
Ctrl+SR19.5-3,1g,19.5,observed,2,0.019516666
Ctrl+SR19.5-3,1g,19.5,observed,3,0.034466666
Ctrl+SR19.5-3,1g,19.5,observed,4.5,0.077866665
Ctrl+SR19.5-3,1g,19.5,observed,6,0.11006667
Ctrl+SR19.5-3,1g,19.5,observed,7.5,0.135666671
Ctrl+SR19.5-3,1g,19.5,observed,9,0.137216665
Ctrl+SR19.5-3,1g,19.5,observed,10,0.130483335
SMG-1,SMG,0,fitted,0,0.026537911953102556
SMG-1,SMG,0,fitted,0.05,0.02658256042627764
SMG-1,SMG,0,fitted,0.1,0.02662917996908924
SMG-1,SMG,0,fitted,0.15000000000000002,0.026677855903843115
SMG-1,SMG,0,fitted,0.2,0.02672867709221107
SMG-1,SMG,0,fitted,0.25,0.02678173606798661
SMG-1,SMG,0,fitted,0.30000000000000004,0.02683712917351013
SMG-1,SMG,0,fitted,0.35000000000000003,0.026894956699734452
SMG-1,SMG,0,fitted,0.4,0.026955323029884487
SMG-1,SMG,0,fitted,0.45,0.027018336786646377
SMG-1,SMG,0,fitted,0.5,0.02708411098280035
SMG-1,SMG,0,fitted,0.55,0.02715276317518888
SMG-1,SMG,0,fitted,0.6000000000000001,0.027224415621886204
SMG-1,SMG,0,fitted,0.65,0.027299195442407588
SMG-1,SMG,0,fitted,0.7000000000000001,0.02737723478076605
SMG-1,SMG,0,fitted,0.75,0.02745867097115105
SMG-1,SMG,0,fitted,0.8,0.02754364670596689
SMG-1,SMG,0,fitted,0.8500000000000001,0.027632310205929114
SMG-1,SMG,0,fitted,0.9,0.027724815391873683
SMG-1,SMG,0,fitted,0.9500000000000001,0.027821322057887034
SMG-1,SMG,0,fitted,1,0.027921996045314215
SMG-1,SMG,0,fitted,1.05,0.028027009417147426
SMG-1,SMG,0,fitted,1.1,0.028136540632238263
SMG-1,SMG,0,fitted,1.1500000000000001,0.02825077471871326
SMG-1,SMG,0,fitted,1.2000000000000002,0.02836990344590405
SMG-1,SMG,0,fitted,1.25,0.028494125494030513
SMG-1,SMG,0,fitted,1.3,0.028623646620796948
SMG-1,SMG,0,fitted,1.35,0.028758679823978433
SMG-1,SMG,0,fitted,1.4000000000000001,0.028899445498985814
SMG-1,SMG,0,fitted,1.4500000000000002,0.029046171590304294
SMG-1,SMG,0,fitted,1.5,0.029199093735601433
SMG-1,SMG,0,fitted,1.55,0.029358455401196
SMG-1,SMG,0,fitted,1.6,0.02952450800746966
SMG-1,SMG,0,fitted,1.6500000000000001,0.029697511042688605
SMG-1,SMG,0,fitted,1.7000000000000002,0.02987773216358275
SMG-1,SMG,0,fitted,1.75,0.030065447280905884
SMG-1,SMG,0,fitted,1.8,0.030260940628071758
SMG-1,SMG,0,fitted,1.85,0.030464504810828935
SMG-1,SMG,0,fitted,1.9000000000000001,0.03067644083580216
SMG-1,SMG,0,fitted,1.9500000000000002,0.030897058115590438
SMG-1,SMG,0,fitted,2,0.031126674447973214
SMG-1,SMG,0,fitted,2.0500000000000003,0.031365615966636846
SMG-1,SMG,0,fitted,2.1,0.031614217060695546
SMG-1,SMG,0,fitted,2.15,0.03187282026014521
SMG-1,SMG,0,fitted,2.2,0.03214177608425709
SMG-1,SMG,0,fitted,2.25,0.03242144284979282
SMG-1,SMG,0,fitted,2.3000000000000003,0.032712186435805375
SMG-1,SMG,0,fitted,2.35,0.03301438000168376
SMG-1,SMG,0,fitted,2.4000000000000004,0.033328403655006555
SMG-1,SMG,0,fitted,2.45,0.03365464406569251
SMG-1,SMG,0,fitted,2.5,0.03399349402287938
SMG-1,SMG,0,fitted,2.5500000000000003,0.03434535193092829
SMG-1,SMG,0,fitted,2.6,0.0347106212409439
SMG-1,SMG,0,fitted,2.6500000000000004,0.035089709814224615
SMG-1,SMG,0,fitted,2.7,0.03548302921411627
SMG-1,SMG,0,fitted,2.75,0.03589099392284209
SMG-1,SMG,0,fitted,2.8000000000000003,0.03631402048002477
SMG-1,SMG,0,fitted,2.85,0.03675252653980981
SMG-1,SMG,0,fitted,2.9000000000000004,0.03720692984374588
SMG-1,SMG,0,fitted,2.95,0.03767764710688386
SMG-1,SMG,0,fitted,3,0.03816509281492606
SMG-1,SMG,0,fitted,3.0500000000000003,0.0386696779306948
SMG-1,SMG,0,fitted,3.1,0.03919180850869974
SMG-1,SMG,0,fitted,3.1500000000000004,0.039731884217170374
SMG-1,SMG,0,fitted,3.2,0.040290296767585485
SMG-1,SMG,0,fitted,3.25,0.040867428252479424
SMG-1,SMG,0,fitted,3.3000000000000003,0.04146364939313575
SMG-1,SMG,0,fitted,3.35,0.042079317699693336
SMG-1,SMG,0,fitted,3.4000000000000004,0.04271477554718678
SMG-1,SMG,0,fitted,3.45,0.04337034817211977
SMG-1,SMG,0,fitted,3.5,0.04404634159532303
SMG-1,SMG,0,fitted,3.5500000000000003,0.044743040478069956
SMG-1,SMG,0,fitted,3.6,0.045460705919707314
SMG-1,SMG,0,fitted,3.6500000000000004,0.04619957320639264
SMG-1,SMG,0,fitted,3.7,0.04695984952190248
SMG-1,SMG,0,fitted,3.75,0.04774171163287175
SMG-1,SMG,0,fitted,3.8000000000000003,0.048545303562225126
SMG-1,SMG,0,fitted,3.85,0.04937073426594787
SMG-1,SMG,0,fitted,3.9000000000000004,0.0502180753296921
SMG-1,SMG,0,fitted,3.95,0.05108735870300181
SMG-1,SMG,0,fitted,4,0.051978574490137944
SMG-1,SMG,0,fitted,4.05,0.052891668817566795
SMG-1,SMG,0,fitted,4.1000000000000005,0.053826541799109895
SMG-1,SMG,0,fitted,4.15,0.054783045620513116
SMG-1,SMG,0,fitted,4.2,0.05576098276574501
SMG-1,SMG,0,fitted,4.25,0.05676010440765138
SMG-1,SMG,0,fitted,4.3,0.05778010898564566
SMG-1,SMG,0,fitted,4.3500000000000005,0.05882064099287841
SMG-1,SMG,0,fitted,4.4,0.0598812899947794
SMG-1,SMG,0,fitted,4.45,0.06096158989998604
SMG-1,SMG,0,fitted,4.5,0.06206101850344688
SMG-1,SMG,0,fitted,4.55,0.06317899731991151
SMG-1,SMG,0,fitted,4.6000000000000005,0.06431489172408668
SMG-1,SMG,0,fitted,4.65,0.06546801141145836
SMG-1,SMG,0,fitted,4.7,0.06663761119116543
SMG-1,SMG,0,fitted,4.75,0.06782289211938147
SMG-1,SMG,0,fitted,4.800000000000001,0.06902300297845022
SMG-1,SMG,0,fitted,4.8500000000000005,0.07023704210356152
SMG-1,SMG,0,fitted,4.9,0.07146405955509648
SMG-1,SMG,0,fitted,4.95,0.0727030596309628
SMG-1,SMG,0,fitted,5,0.07395300370934527
SMG-1,SMG,0,fitted,5.050000000000001,0.07521281340837399
SMG-1,SMG,0,fitted,5.1000000000000005,0.07648137404533203
SMG-1,SMG,0,fitted,5.15,0.0777575383742557
SMG-1,SMG,0,fitted,5.2,0.07904013057719264
SMG-1,SMG,0,fitted,5.25,0.08032795048104732
SMG-1,SMG,0,fitted,5.300000000000001,0.08161977796892289
SMG-1,SMG,0,fitted,5.3500000000000005,0.08291437755222628
SMG-1,SMG,0,fitted,5.4,0.08421050306759408
SMG-1,SMG,0,fitted,5.45,0.08550690246096262
SMG-1,SMG,0,fitted,5.5,0.08680232261989008
SMG-1,SMG,0,fitted,5.550000000000001,0.08809551421455993
SMG-1,SMG,0,fitted,5.6000000000000005,0.08938523650777383
SMG-1,SMG,0,fitted,5.65,0.09067026209467755
SMG-1,SMG,0,fitted,5.7,0.09194938153394669
SMG-1,SMG,0,fitted,5.75,0.09322140783367144
SMG-1,SMG,0,fitted,5.800000000000001,0.09448518075718519
SMG-1,SMG,0,fitted,5.8500000000000005,0.0957395709165415
SMG-1,SMG,0,fitted,5.9,0.09698348362420701
SMG-1,SMG,0,fitted,5.95,0.09821586247674223
SMG-1,SMG,0,fitted,6,0.09943569264772936
SMG-1,SMG,0,fitted,6.050000000000001,0.1006420038709044
SMG-1,SMG,0,fitted,6.1000000000000005,0.10183387309829045
SMG-1,SMG,0,fitted,6.15,0.1030104268220429
SMG-1,SMG,0,fitted,6.2,0.1041708430526319
SMG-1,SMG,0,fitted,6.25,0.10531435294984216
SMG-1,SMG,0,fitted,6.300000000000001,0.10644024210679985
SMG-1,SMG,0,fitted,6.3500000000000005,0.10754785149078837
SMG-1,SMG,0,fitted,6.4,0.10863657804793972
SMG-1,SMG,0,fitted,6.45,0.10970587498194348
SMG-1,SMG,0,fitted,6.5,0.11075525171967134
SMG-1,SMG,0,fitted,6.550000000000001,0.11178427357904269
SMG-1,SMG,0,fitted,6.6000000000000005,0.11279256115654197
SMG-1,SMG,0,fitted,6.65,0.11377978945353082
SMG-1,SMG,0,fitted,6.7,0.11474568676187644
SMG-1,SMG,0,fitted,6.75,0.11569003333044686
SMG-1,SMG,0,fitted,6.800000000000001,0.11661265983471591
SMG-1,SMG,0,fitted,6.8500000000000005,0.11751344567209097
SMG-1,SMG,0,fitted,6.9,0.11839231710564771
SMG-1,SMG,0,fitted,6.95,0.1192492452787513
SMG-1,SMG,0,fitted,7,0.12008424412258975
SMG-1,SMG,0,fitted,7.050000000000001,0.1208973681779735
SMG-1,SMG,0,fitted,7.1000000000000005,0.12168871035189241
SMG-1,SMG,0,fitted,7.15,0.12245839962830057
SMG-1,SMG,0,fitted,7.2,0.12320659875144843
SMG-1,SMG,0,fitted,7.25,0.12393350189882928
SMG-1,SMG,0,fitted,7.300000000000001,0.1246393323594837
SMG-1,SMG,0,fitted,7.3500000000000005,0.12532434023203123
SMG-1,SMG,0,fitted,7.4,0.12598880015540243
SMG-1,SMG,0,fitted,7.45,0.12663300908384326
SMG-1,SMG,0,fitted,7.5,0.1272572841163801
SMG-1,SMG,0,fitted,7.550000000000001,0.1278619603895797
SMG-1,SMG,0,fitted,7.6000000000000005,0.12844738904113115
SMG-1,SMG,0,fitted,7.65,0.12901393525052815
SMG-1,SMG,0,fitted,7.7,0.12956197636194408
SMG-1,SMG,0,fitted,7.75,0.13009190009328292
SMG-1,SMG,0,fitted,7.800000000000001,0.1306041028343571
SMG-1,SMG,0,fitted,7.8500000000000005,0.13109898803619152
SMG-1,SMG,0,fitted,7.9,0.1315769646925868
SMG-1,SMG,0,fitted,7.95,0.13203844591429034
SMG-1,SMG,0,fitted,8,0.13248384759542203
SMG-1,SMG,0,fitted,8.05,0.13291358717118115
SMG-1,SMG,0,fitted,8.1,0.13332808246531777
SMG-1,SMG,0,fitted,8.15,0.13372775062538222
SMG-1,SMG,0,fitted,8.200000000000001,0.13411300714336824
SMG-1,SMG,0,fitted,8.25,0.13448426495903124
SMG-1,SMG,0,fitted,8.3,0.13484193364289226
SMG-1,SMG,0,fitted,8.35,0.13518641865572115
SMG-1,SMG,0,fitted,8.4,0.1355181206811283
SMG-1,SMG,0,fitted,8.450000000000001,0.1358374350277776
SMG-1,SMG,0,fitted,8.5,0.13614475109765464
SMG-1,SMG,0,fitted,8.55,0.1364404519167886
SMG-1,SMG,0,fitted,8.6,0.13672491372481677
SMG-1,SMG,0,fitted,8.65,0.13699850561980634
SMG-1,SMG,0,fitted,8.700000000000001,0.13726158925479331
SMG-1,SMG,0,fitted,8.75,0.1375145185825683
SMG-1,SMG,0,fitted,8.8,0.1377576396453246
SMG-1,SMG,0,fitted,8.85,0.13799129040588465
SMG-1,SMG,0,fitted,8.9,0.13821580061733477
SMG-1,SMG,0,fitted,8.950000000000001,0.13843149172801875
SMG-1,SMG,0,fitted,9,0.13863867681897124
SMG-1,SMG,0,fitted,9.05,0.13883766057100508
SMG-1,SMG,0,fitted,9.1,0.139028739258804
SMG-1,SMG,0,fitted,9.15,0.13921220076951205
SMG-1,SMG,0,fitted,9.200000000000001,0.13938832464344827
SMG-1,SMG,0,fitted,9.25,0.13955738213471564
SMG-1,SMG,0,fitted,9.3,0.13971963628960735
SMG-1,SMG,0,fitted,9.35,0.13987534204084895
SMG-1,SMG,0,fitted,9.4,0.14002474631584366
SMG-1,SMG,0,fitted,9.450000000000001,0.14016808815721457
SMG-1,SMG,0,fitted,9.5,0.14030559885406
SMG-1,SMG,0,fitted,9.55,0.1404375020824532
SMG-1,SMG,0,fitted,9.600000000000001,0.14056401405383204
SMG-1,SMG,0,fitted,9.65,0.14068534367002822
SMG-1,SMG,0,fitted,9.700000000000001,0.14080169268378923
SMG-1,SMG,0,fitted,9.75,0.14091325586374087
SMG-1,SMG,0,fitted,9.8,0.14102022116282964
SMG-1,SMG,0,fitted,9.850000000000001,0.1411227698893689
SMG-1,SMG,0,fitted,9.9,0.14122107687989446
SMG-1,SMG,0,fitted,9.950000000000001,0.1413153106731088
SMG-1,SMG,0,fitted,10,0.14140563368426465
SMG-1,SMG,0,observed,0,0.036983329
SMG-1,SMG,0,observed,1,0.022766663
SMG-1,SMG,0,observed,2,0.021933332
SMG-1,SMG,0,observed,3,0.039583332
SMG-1,SMG,0,observed,4.5,0.067366667
SMG-1,SMG,0,observed,6,0.094533332
SMG-1,SMG,0,observed,7.5,0.129666662
SMG-1,SMG,0,observed,9,0.139833333
SMG-1,SMG,0,observed,10,0.139883331
SMG-2,SMG,0,fitted,0,0.02308505143538984
SMG-2,SMG,0,fitted,0.05,0.02310553257775056
SMG-2,SMG,0,fitted,0.1,0.02312708269961821
SMG-2,SMG,0,fitted,0.15000000000000002,0.02314975717687489
SMG-2,SMG,0,fitted,0.2,0.023173614209141515
SMG-2,SMG,0,fitted,0.25,0.0231987149589396
SMG-2,SMG,0,fitted,0.30000000000000004,0.02322512369718874
SMG-2,SMG,0,fitted,0.35000000000000003,0.02325290795527062
SMG-2,SMG,0,fitted,0.4,0.023282138683891816
SMG-2,SMG,0,fitted,0.45,0.023312890418978563
SMG-2,SMG,0,fitted,0.5,0.02334524145483602
SMG-2,SMG,0,fitted,0.55,0.023379274024802988
SMG-2,SMG,0,fitted,0.6000000000000001,0.023415074489629917
SMG-2,SMG,0,fitted,0.65,0.023452733533803064
SMG-2,SMG,0,fitted,0.7000000000000001,0.02349234637003117
SMG-2,SMG,0,fitted,0.75,0.02353401295210213
SMG-2,SMG,0,fitted,0.8,0.02357783819630585
SMG-2,SMG,0,fitted,0.8500000000000001,0.023623932211605806
SMG-2,SMG,0,fitted,0.9,0.02367241053872468
SMG-2,SMG,0,fitted,0.9500000000000001,0.023723394398289414
SMG-2,SMG,0,fitted,1,0.023777010948156853
SMG-2,SMG,0,fitted,1.05,0.02383339355001314
SMG-2,SMG,0,fitted,1.1,0.023892682045307114
SMG-2,SMG,0,fitted,1.1500000000000001,0.023955023040540233
SMG-2,SMG,0,fitted,1.2000000000000002,0.02402057020189197
SMG-2,SMG,0,fitted,1.25,0.024089484559109944
SMG-2,SMG,0,fitted,1.3,0.024161934818537675
SMG-2,SMG,0,fitted,1.35,0.024238097685088743
SMG-2,SMG,0,fitted,1.4000000000000001,0.024318158192904275
SMG-2,SMG,0,fitted,1.4500000000000002,0.024402310044349583
SMG-2,SMG,0,fitted,1.5,0.024490755956915272
SMG-2,SMG,0,fitted,1.55,0.024583708017487146
SMG-2,SMG,0,fitted,1.6,0.024681388043336718
SMG-2,SMG,0,fitted,1.6500000000000001,0.02478402794905985
SMG-2,SMG,0,fitted,1.7000000000000002,0.024891870118553178
SMG-2,SMG,0,fitted,1.75,0.02500516778096637
SMG-2,SMG,0,fitted,1.8,0.025124185389401706
SMG-2,SMG,0,fitted,1.85,0.02524919900094967
SMG-2,SMG,0,fitted,1.9000000000000001,0.02538049665644991
SMG-2,SMG,0,fitted,1.9500000000000002,0.02551837875814966
SMG-2,SMG,0,fitted,2,0.02566315844319575
SMG-2,SMG,0,fitted,2.0500000000000003,0.025815161950641017
SMG-2,SMG,0,fitted,2.1,0.025974728979370455
SMG-2,SMG,0,fitted,2.15,0.02614221303405619
SMG-2,SMG,0,fitted,2.2,0.026317981755932987
SMG-2,SMG,0,fitted,2.25,0.02650241723484743
SMG-2,SMG,0,fitted,2.3000000000000003,0.026695916298673704
SMG-2,SMG,0,fitted,2.35,0.026898890775808114
SMG-2,SMG,0,fitted,2.4000000000000004,0.027111767726053206
SMG-2,SMG,0,fitted,2.45,0.02733498963478187
SMG-2,SMG,0,fitted,2.5,0.027569014564834224
SMG-2,SMG,0,fitted,2.5500000000000003,0.02781431626014655
SMG-2,SMG,0,fitted,2.6,0.028071384194646373
SMG-2,SMG,0,fitted,2.6500000000000004,0.028340723559473122
SMG-2,SMG,0,fitted,2.7,0.028622855181105106
SMG-2,SMG,0,fitted,2.75,0.028918315362496137
SMG-2,SMG,0,fitted,2.8000000000000003,0.02922765563885466
SMG-2,SMG,0,fitted,2.85,0.0295514424392435
SMG-2,SMG,0,fitted,2.9000000000000004,0.02989025664474726
SMG-2,SMG,0,fitted,2.95,0.030244693033557354
SMG-2,SMG,0,fitted,3,0.030615359602973582
SMG-2,SMG,0,fitted,3.0500000000000003,0.031002876758028625
SMG-2,SMG,0,fitted,3.1,0.03140787635622244
SMG-2,SMG,0,fitted,3.1500000000000004,0.03183100059772388
SMG-2,SMG,0,fitted,3.2,0.03227290075037344
SMG-2,SMG,0,fitted,3.25,0.0327342356989239
SMG-2,SMG,0,fitted,3.3000000000000003,0.03321567030820434
SMG-2,SMG,0,fitted,3.35,0.03371787359030874
SMG-2,SMG,0,fitted,3.4000000000000004,0.03424151666651619
SMG-2,SMG,0,fitted,3.45,0.034787270515466755
SMG-2,SMG,0,fitted,3.5,0.03535580350016988
SMG-2,SMG,0,fitted,3.5500000000000003,0.03594777866773036
SMG-2,SMG,0,fitted,3.6,0.03656385081726443
SMG-2,SMG,0,fitted,3.6500000000000004,0.03720466333336167
SMG-2,SMG,0,fitted,3.7,0.03787084478464461
SMG-2,SMG,0,fitted,3.75,0.03856300528950031
SMG-2,SMG,0,fitted,3.8000000000000003,0.03928173265391223
SMG-2,SMG,0,fitted,3.85,0.040027588289509974
SMG-2,SMG,0,fitted,3.9000000000000004,0.040801102923472055
SMG-2,SMG,0,fitted,3.95,0.04160277211574847
SMG-2,SMG,0,fitted,4,0.042433051603192475
SMG-2,SMG,0,fitted,4.05,0.04329235249456824
SMG-2,SMG,0,fitted,4.1000000000000005,0.0441810363449883
SMG-2,SMG,0,fitted,4.15,0.045099410143070395
SMG-2,SMG,0,fitted,4.2,0.046047721248917234
SMG-2,SMG,0,fitted,4.25,0.047026152325826256
SMG-2,SMG,0,fitted,4.3,0.048034816313333575
SMG-2,SMG,0,fitted,4.3500000000000005,0.04907375149367304
SMG-2,SMG,0,fitted,4.4,0.05014291670786658
SMG-2,SMG,0,fitted,4.45,0.05124218678132492
SMG-2,SMG,0,fitted,4.5,0.05237134822188871
SMG-2,SMG,0,fitted,4.55,0.05353009525554152
SMG-2,SMG,0,fitted,4.6000000000000005,0.05471802626643581
SMG-2,SMG,0,fitted,4.65,0.055934640708259153
SMG-2,SMG,0,fitted,4.7,0.05717933655320771
SMG-2,SMG,0,fitted,4.75,0.0584514083428196
SMG-2,SMG,0,fitted,4.800000000000001,0.059750045901570195
SMG-2,SMG,0,fitted,4.8500000000000005,0.06107433376938658
SMG-2,SMG,0,fitted,4.9,0.06242325140307492
SMG-2,SMG,0,fitted,4.95,0.06379567418908753
SMG-2,SMG,0,fitted,5,0.06519037530113843
SMG-2,SMG,0,fitted,5.050000000000001,0.06660602842600626
SMG-2,SMG,0,fitted,5.1000000000000005,0.06804121136958247
SMG-2,SMG,0,fitted,5.15,0.06949441054301675
SMG-2,SMG,0,fitted,5.2,0.07096402631590545
SMG-2,SMG,0,fitted,5.25,0.07244837921012698
SMG-2,SMG,0,fitted,5.300000000000001,0.07394571689443932
SMG-2,SMG,0,fitted,5.3500000000000005,0.07545422192663523
SMG-2,SMG,0,fitted,5.4,0.07697202017722457
SMG-2,SMG,0,fitted,5.45,0.07849718985660606
SMG-2,SMG,0,fitted,5.5,0.08002777105682175
SMG-2,SMG,0,fitted,5.550000000000001,0.08156177570954741
SMG-2,SMG,0,fitted,5.6000000000000005,0.08309719785422595
SMG-2,SMG,0,fitted,5.65,0.08463202410441606
SMG-2,SMG,0,fitted,5.7,0.08616424419666976
SMG-2,SMG,0,fitted,5.75,0.0876918615046833
SMG-2,SMG,0,fitted,5.800000000000001,0.08921290340212618
SMG-2,SMG,0,fitted,5.8500000000000005,0.09072543136042767
SMG-2,SMG,0,fitted,5.9,0.09222755067280473
SMG-2,SMG,0,fitted,5.95,0.09371741970280406
SMG-2,SMG,0,fitted,6,0.09519325856440981
SMG-2,SMG,0,fitted,6.050000000000001,0.09665335715108768
SMG-2,SMG,0,fitted,6.1000000000000005,0.09809608244271585
SMG-2,SMG,0,fitted,6.15,0.09951988503188472
SMG-2,SMG,0,fitted,6.2,0.10092330482420406
SMG-2,SMG,0,fitted,6.25,0.10230497588071585
SMG-2,SMG,0,fitted,6.300000000000001,0.10366363038394903
SMG-2,SMG,0,fitted,6.3500000000000005,0.10499810172226957
SMG-2,SMG,0,fitted,6.4,0.10630732669970176
SMG-2,SMG,0,fitted,6.45,0.1075903468900781
SMG-2,SMG,0,fitted,6.5,0.1088463091650202
SMG-2,SMG,0,fitted,6.550000000000001,0.11007446543469485
SMG-2,SMG,0,fitted,6.6000000000000005,0.11127417164841816
SMG-2,SMG,0,fitted,6.65,0.11244488610892
SMG-2,SMG,0,fitted,6.7,0.11358616715940457
SMG-2,SMG,0,fitted,6.75,0.11469767030645708
SMG-2,SMG,0,fitted,6.800000000000001,0.11577914484439851
SMG-2,SMG,0,fitted,6.8500000000000005,0.11683043004794967
SMG-2,SMG,0,fitted,6.9,0.11785145100013511
SMG-2,SMG,0,fitted,6.95,0.11884221412134789
SMG-2,SMG,0,fitted,7,0.11980280246354473
SMG-2,SMG,0,fitted,7.050000000000001,0.12073337083077687
SMG-2,SMG,0,fitted,7.1000000000000005,0.12163414078383318
SMG-2,SMG,0,fitted,7.15,0.12250539558281329
SMG-2,SMG,0,fitted,7.2,0.12334747511709518
SMG-2,SMG,0,fitted,7.25,0.12416077086754114
SMG-2,SMG,0,fitted,7.300000000000001,0.1249457209410128
SMG-2,SMG,0,fitted,7.3500000000000005,0.1257028052124453
SMG-2,SMG,0,fitted,7.4,0.1264325406049533
SMG-2,SMG,0,fitted,7.45,0.12713547653378604
SMG-2,SMG,0,fitted,7.5,0.12781219053547935
SMG-2,SMG,0,fitted,7.550000000000001,0.12846328409932048
SMG-2,SMG,0,fitted,7.6000000000000005,0.12908937871428883
SMG-2,SMG,0,fitted,7.65,0.1296911121409866
SMG-2,SMG,0,fitted,7.7,0.1302691349147494
SMG-2,SMG,0,fitted,7.75,0.1308241070831357
SMG-2,SMG,0,fitted,7.800000000000001,0.13135669517833723
SMG-2,SMG,0,fitted,7.8500000000000005,0.13186756942272318
SMG-2,SMG,0,fitted,7.9,0.1323574011637234
SMG-2,SMG,0,fitted,7.95,0.1328268605325488
SMG-2,SMG,0,fitted,8,0.13327661431982685
SMG-2,SMG,0,fitted,8.05,0.13370732406007804
SMG-2,SMG,0,fitted,8.1,0.13411964431604487
SMG-2,SMG,0,fitted,8.15,0.13451422115319975
SMG-2,SMG,0,fitted,8.200000000000001,0.13489169079426386
SMG-2,SMG,0,fitted,8.25,0.13525267844325753
SMG-2,SMG,0,fitted,8.3,0.13559779726844143
SMG-2,SMG,0,fitted,8.35,0.13592764753348194
SMG-2,SMG,0,fitted,8.4,0.13624281586626402
SMG-2,SMG,0,fitted,8.450000000000001,0.13654387465495726
SMG-2,SMG,0,fitted,8.5,0.13683138156120822
SMG-2,SMG,0,fitted,8.55,0.13710587914065817
SMG-2,SMG,0,fitted,8.6,0.13736789456136766
SMG-2,SMG,0,fitted,8.65,0.1376179394111455
SMG-2,SMG,0,fitted,8.700000000000001,0.13785650958522772
SMG-2,SMG,0,fitted,8.75,0.13808408524621651
SMG-2,SMG,0,fitted,8.8,0.13830113084866436
SMG-2,SMG,0,fitted,8.85,0.13850809522116708
SMG-2,SMG,0,fitted,8.9,0.1387054116993084
SMG-2,SMG,0,fitted,8.950000000000001,0.13889349830326492
SMG-2,SMG,0,fitted,9,0.13907275795434237
SMG-2,SMG,0,fitted,9.05,0.13924357872515603
SMG-2,SMG,0,fitted,9.1,0.139406334118597
SMG-2,SMG,0,fitted,9.15,0.13956138337113513
SMG-2,SMG,0,fitted,9.200000000000001,0.13970907177639855
SMG-2,SMG,0,fitted,9.25,0.1398497310253382
SMG-2,SMG,0,fitted,9.3,0.1399836795596342
SMG-2,SMG,0,fitted,9.35,0.14011122293532485
SMG-2,SMG,0,fitted,9.4,0.14023265419394676
SMG-2,SMG,0,fitted,9.450000000000001,0.1403482542387556
SMG-2,SMG,0,fitted,9.5,0.14045829221386255
SMG-2,SMG,0,fitted,9.55,0.14056302588436423
SMG-2,SMG,0,fitted,9.600000000000001,0.14066270201576914
SMG-2,SMG,0,fitted,9.65,0.14075755675122964
SMG-2,SMG,0,fitted,9.700000000000001,0.14084781598527885
SMG-2,SMG,0,fitted,9.75,0.14093369573294398
SMG-2,SMG,0,fitted,9.8,0.14101540249326586
SMG-2,SMG,0,fitted,9.850000000000001,0.1410931336063972
SMG-2,SMG,0,fitted,9.9,0.1411670776035827
SMG-2,SMG,0,fitted,9.950000000000001,0.14123741454944042
SMG-2,SMG,0,fitted,10,0.14130431637606988
SMG-2,SMG,0,observed,0,0.034499999
SMG-2,SMG,0,observed,1,0.019144443
SMG-2,SMG,0,observed,2,0.016466665
SMG-2,SMG,0,observed,3,0.0306
SMG-2,SMG,0,observed,4.5,0.056733331
SMG-2,SMG,0,observed,6,0.091783334
SMG-2,SMG,0,observed,7.5,0.129866669
SMG-2,SMG,0,observed,9,0.139866671
SMG-2,SMG,0,observed,10,0.13993334
SMG-3,SMG,0,fitted,0,0.024675093118601634
SMG-3,SMG,0,fitted,0.05,0.02470833337405866
SMG-3,SMG,0,fitted,0.1,0.02474309352106614
SMG-3,SMG,0,fitted,0.15000000000000002,0.024779442097387226
SMG-3,SMG,0,fitted,0.2,0.02481745064127437
SMG-3,SMG,0,fitted,0.25,0.02485719381432459
SMG-3,SMG,0,fitted,0.30000000000000004,0.02489874952855275
SMG-3,SMG,0,fitted,0.35000000000000003,0.02494219907774668
SMG-3,SMG,0,fitted,0.4,0.024987627273159507
SMG-3,SMG,0,fitted,0.45,0.02503512258358503
SMG-3,SMG,0,fitted,0.5,0.025084777279850656
SMG-3,SMG,0,fitted,0.55,0.025136687583749852
SMG-3,SMG,0,fitted,0.6000000000000001,0.025190953821421697
SMG-3,SMG,0,fitted,0.65,0.025247680581168722
SMG-3,SMG,0,fitted,0.7000000000000001,0.025306976875686026
SMG-3,SMG,0,fitted,0.75,0.02536895630865414
SMG-3,SMG,0,fitted,0.8,0.025433737245625167
SMG-3,SMG,0,fitted,0.8500000000000001,0.025501442989106324
SMG-3,SMG,0,fitted,0.9,0.02557220195771658
SMG-3,SMG,0,fitted,0.9500000000000001,0.025646147869260977
SMG-3,SMG,0,fitted,1,0.02572341992753252
SMG-3,SMG,0,fitted,1.05,0.025804163012613526
SMG-3,SMG,0,fitted,1.1,0.025888527874406635
SMG-3,SMG,0,fitted,1.1500000000000001,0.025976671329079846
SMG-3,SMG,0,fitted,1.2000000000000002,0.026068756458059932
SMG-3,SMG,0,fitted,1.25,0.02616495280915422
SMG-3,SMG,0,fitted,1.3,0.026265436599321144
SMG-3,SMG,0,fitted,1.35,0.02637039091854583
SMG-3,SMG,0,fitted,1.4000000000000001,0.026480005934207046
SMG-3,SMG,0,fitted,1.4500000000000002,0.026594479095246645
SMG-3,SMG,0,fitted,1.5,0.026714015335371266
SMG-3,SMG,0,fitted,1.55,0.026838827274428743
SMG-3,SMG,0,fitted,1.6,0.026969135417007965
SMG-3,SMG,0,fitted,1.6500000000000001,0.02710516834721057
SMG-3,SMG,0,fitted,1.7000000000000002,0.027247162918435885
SMG-3,SMG,0,fitted,1.75,0.02739536443690643
SMG-3,SMG,0,fitted,1.8,0.027550026837540632
SMG-3,SMG,0,fitted,1.85,0.02771141285065113
SMG-3,SMG,0,fitted,1.9000000000000001,0.027879794157812443
SMG-3,SMG,0,fitted,1.9500000000000002,0.02805545153509974
SMG-3,SMG,0,fitted,2,0.028238674981752095
SMG-3,SMG,0,fitted,2.0500000000000003,0.028429763832158783
SMG-3,SMG,0,fitted,2.1,0.02862902684890646
SMG-3,SMG,0,fitted,2.15,0.028836782294458987
SMG-3,SMG,0,fitted,2.2,0.029053357978871097
SMG-3,SMG,0,fitted,2.25,0.029279091280762833
SMG-3,SMG,0,fitted,2.3000000000000003,0.029514329138604866
SMG-3,SMG,0,fitted,2.35,0.029759428009186868
SMG-3,SMG,0,fitted,2.4000000000000004,0.030014753789963673
SMG-3,SMG,0,fitted,2.45,0.030280681701798626
SMG-3,SMG,0,fitted,2.5,0.0305575961284529
SMG-3,SMG,0,fitted,2.5500000000000003,0.030845890409005695
SMG-3,SMG,0,fitted,2.6,0.03114596657923619
SMG-3,SMG,0,fitted,2.6500000000000004,0.03145823505785704
SMG-3,SMG,0,fitted,2.7,0.03178311427336446
SMG-3,SMG,0,fitted,2.75,0.03212103022716556
SMG-3,SMG,0,fitted,2.8000000000000003,0.032472415988564124
SMG-3,SMG,0,fitted,2.85,0.032837711117135265
SMG-3,SMG,0,fitted,2.9000000000000004,0.03321736100800405
SMG-3,SMG,0,fitted,2.95,0.033611816155566396
SMG-3,SMG,0,fitted,3,0.03402153133126069
SMG-3,SMG,0,fitted,3.0500000000000003,0.0344469646711194
SMG-3,SMG,0,fitted,3.1,0.034888576669009144
SMG-3,SMG,0,fitted,3.1500000000000004,0.035346829071711876
SMG-3,SMG,0,fitted,3.2,0.035822183672313886
SMG-3,SMG,0,fitted,3.25,0.036315100998762444
SMG-3,SMG,0,fitted,3.3000000000000003,0.03682603889492617
SMG-3,SMG,0,fitted,3.35,0.037355450992061855
SMG-3,SMG,0,fitted,3.4000000000000004,0.03790378506925346
SMG-3,SMG,0,fitted,3.45,0.03847148130215225
SMG-3,SMG,0,fitted,3.5,0.03905897040021572
SMG-3,SMG,0,fitted,3.5500000000000003,0.039666671633619754
SMG-3,SMG,0,fitted,3.6,0.04029499075210475
SMG-3,SMG,0,fitted,3.6500000000000004,0.040944317799212725
SMG-3,SMG,0,fitted,3.7,0.041615024826676575
SMG-3,SMG,0,fitted,3.75,0.04230746351513075
SMG-3,SMG,0,fitted,3.8000000000000003,0.043021962708817744
SMG-3,SMG,0,fitted,3.85,0.043758825873558775
SMG-3,SMG,0,fitted,3.9000000000000004,0.04451832848892581
SMG-3,SMG,0,fitted,3.95,0.045300715387282385
SMG-3,SMG,0,fitted,4,0.046106198054132116
SMG-3,SMG,0,fitted,4.05,0.04693495190600501
SMG-3,SMG,0,fitted,4.1000000000000005,0.04778711356389702
SMG-3,SMG,0,fitted,4.15,0.04866277814202827
SMG-3,SMG,0,fitted,4.2,0.04956199657336941
SMG-3,SMG,0,fitted,4.25,0.05048477299496559
SMG-3,SMG,0,fitted,4.3,0.051431062217530195
SMG-3,SMG,0,fitted,4.3500000000000005,0.0524007673050428
SMG-3,SMG,0,fitted,4.4,0.05339373729112878
SMG-3,SMG,0,fitted,4.45,0.05440976505978195
SMG-3,SMG,0,fitted,4.5,0.05544858541847256
SMG-3,SMG,0,fitted,4.55,0.056509873391827295
SMG-3,SMG,0,fitted,4.6000000000000005,0.05759324276383572
SMG-3,SMG,0,fitted,4.65,0.05869824489589906
SMG-3,SMG,0,fitted,4.7,0.05982436784696703
SMG-3,SMG,0,fitted,4.75,0.06097103582048473
SMG-3,SMG,0,fitted,4.800000000000001,0.06213760896088552
SMG-3,SMG,0,fitted,4.8500000000000005,0.06332338351991255
SMG-3,SMG,0,fitted,4.9,0.06452759241014008
SMG-3,SMG,0,fitted,4.95,0.06574940615971296
SMG-3,SMG,0,fitted,5,0.0669879342785592
SMG-3,SMG,0,fitted,5.050000000000001,0.06824222704219596
SMG-3,SMG,0,fitted,5.1000000000000005,0.06951127769479551
SMG-3,SMG,0,fitted,5.15,0.07079402506846984
SMG-3,SMG,0,fitted,5.2,0.07208935661083765
SMG-3,SMG,0,fitted,5.25,0.07339611180794306
SMG-3,SMG,0,fitted,5.300000000000001,0.07471308598458351
SMG-3,SMG,0,fitted,5.3500000000000005,0.07603903445916976
SMG-3,SMG,0,fitted,5.4,0.07737267702547994
SMG-3,SMG,0,fitted,5.45,0.07871270272917291
SMG-3,SMG,0,fitted,5.5,0.08005777490279199
SMG-3,SMG,0,fitted,5.550000000000001,0.08140653641930011
SMG-3,SMG,0,fitted,5.6000000000000005,0.08275761512102507
SMG-3,SMG,0,fitted,5.65,0.08410962937832657
SMG-3,SMG,0,fitted,5.7,0.08546119373038114
SMG-3,SMG,0,fitted,5.75,0.08681092455926323
SMG-3,SMG,0,fitted,5.800000000000001,0.08815744574800433
SMG-3,SMG,0,fitted,5.8500000000000005,0.08949939427355039
SMG-3,SMG,0,fitted,5.9,0.09083542568650657
SMG-3,SMG,0,fitted,5.95,0.09216421943123185
SMG-3,SMG,0,fitted,6,0.09348448396219133
SMG-3,SMG,0,fitted,6.050000000000001,0.09479496161543485
SMG-3,SMG,0,fitted,6.1000000000000005,0.09609443319758357
SMG-3,SMG,0,fitted,6.15,0.09738172225869528
SMG-3,SMG,0,fitted,6.2,0.09865569901975801
SMG-3,SMG,0,fitted,6.25,0.09991528393024088
SMG-3,SMG,0,fitted,6.300000000000001,0.10115945083601645
SMG-3,SMG,0,fitted,6.3500000000000005,0.10238722974296273
SMG-3,SMG,0,fitted,6.4,0.10359770916656566
SMG-3,SMG,0,fitted,6.45,0.10479003806278048
SMG-3,SMG,0,fitted,6.5,0.10596342734019404
SMG-3,SMG,0,fitted,6.550000000000001,0.10711715095807964
SMG-3,SMG,0,fitted,6.6000000000000005,0.10825054661918944
SMG-3,SMG,0,fitted,6.65,0.1093630160700284
SMG-3,SMG,0,fitted,6.7,0.11045402502485377
SMG-3,SMG,0,fitted,6.75,0.1115231027327139
SMG-3,SMG,0,fitted,6.800000000000001,0.11256984120945461
SMG-3,SMG,0,fitted,6.8500000000000005,0.11359389415877208
SMG-3,SMG,0,fitted,6.9,0.11459497560807602
SMG-3,SMG,0,fitted,6.95,0.11557285828615389
SMG-3,SMG,0,fitted,7,0.11652737177041471
SMG-3,SMG,0,fitted,7.050000000000001,0.11745840043186191
SMG-3,SMG,0,fitted,7.1000000000000005,0.11836588120592884
SMG-3,SMG,0,fitted,7.15,0.11924980121694298
SMG-3,SMG,0,fitted,7.2,0.12011019528330327
SMG-3,SMG,0,fitted,7.25,0.1209471433294973
SMG-3,SMG,0,fitted,7.300000000000001,0.1217607677298959
SMG-3,SMG,0,fitted,7.3500000000000005,0.1225512306078783
SMG-3,SMG,0,fitted,7.4,0.1233187311123047
SMG-3,SMG,0,fitted,7.45,0.12406350269170174
SMG-3,SMG,0,fitted,7.5,0.12478581038479512
SMG-3,SMG,0,fitted,7.550000000000001,0.12548594814424813
SMG-3,SMG,0,fitted,7.6000000000000005,0.12616423620867145
SMG-3,SMG,0,fitted,7.65,0.12682101853618963
SMG-3,SMG,0,fitted,7.7,0.12745666031110184
SMG-3,SMG,0,fitted,7.75,0.12807154553348243
SMG-3,SMG,0,fitted,7.800000000000001,0.12866607469994548
SMG-3,SMG,0,fitted,7.8500000000000005,0.12924066258225927
SMG-3,SMG,0,fitted,7.9,0.12979573610905434
SMG-3,SMG,0,fitted,7.95,0.13033173235452705
SMG-3,SMG,0,fitted,8,0.13084909663680686
SMG-3,SMG,0,fitted,8.05,0.13134828072752935
SMG-3,SMG,0,fitted,8.1,0.13182974117314353
SMG-3,SMG,0,fitted,8.15,0.13229393772757445
SMG-3,SMG,0,fitted,8.200000000000001,0.13274133189506257
SMG-3,SMG,0,fitted,8.25,0.1331723855813044
SMG-3,SMG,0,fitted,8.3,0.1335875598504181
SMG-3,SMG,0,fitted,8.35,0.13398731378475126
SMG-3,SMG,0,fitted,8.4,0.1343721034441262
SMG-3,SMG,0,fitted,8.450000000000001,0.13474238092077712
SMG-3,SMG,0,fitted,8.5,0.13509859348596512
SMG-3,SMG,0,fitted,8.55,0.13544118282405734
SMG-3,SMG,0,fitted,8.6,0.1357705843497133
SMG-3,SMG,0,fitted,8.65,0.1360872266037373
SMG-3,SMG,0,fitted,8.700000000000001,0.13639153072311402
SMG-3,SMG,0,fitted,8.75,0.13668390998074945
SMG-3,SMG,0,fitted,8.8,0.13696476939047583
SMG-3,SMG,0,fitted,8.85,0.13723450537295104
SMG-3,SMG,0,fitted,8.9,0.137493505478178
SMG-3,SMG,0,fitted,8.950000000000001,0.13774214816048844
SMG-3,SMG,0,fitted,9,0.13798080260197026
SMG-3,SMG,0,fitted,9.05,0.13820982858046882
SMG-3,SMG,0,fitted,9.1,0.13842957637845169
SMG-3,SMG,0,fitted,9.15,0.13864038672919676
SMG-3,SMG,0,fitted,9.200000000000001,0.1388425907969358
SMG-3,SMG,0,fitted,9.25,0.13903651018776358
SMG-3,SMG,0,fitted,9.3,0.13922245698830063
SMG-3,SMG,0,fitted,9.35,0.1394007338292742
SMG-3,SMG,0,fitted,9.4,0.13957163397135847
SMG-3,SMG,0,fitted,9.450000000000001,0.13973544141078584
SMG-3,SMG,0,fitted,9.5,0.13989243100241008
SMG-3,SMG,0,fitted,9.55,0.14004286859806375
SMG-3,SMG,0,fitted,9.600000000000001,0.1401870111982098
SMG-3,SMG,0,fitted,9.65,0.1403251071150381
SMG-3,SMG,0,fitted,9.700000000000001,0.14045739614530103
SMG-3,SMG,0,fitted,9.75,0.14058410975132082
SMG-3,SMG,0,fitted,9.8,0.14070547124873065
SMG-3,SMG,0,fitted,9.850000000000001,0.14082169599963515
SMG-3,SMG,0,fitted,9.9,0.14093299160999334
SMG-3,SMG,0,fitted,9.950000000000001,0.1410395581301346
SMG-3,SMG,0,fitted,10,0.14114158825742257
SMG-3,SMG,0,observed,0,0.036133332
SMG-3,SMG,0,observed,1,0.0212
SMG-3,SMG,0,observed,2,0.018733334
SMG-3,SMG,0,observed,3,0.033999998
SMG-3,SMG,0,observed,4.5,0.059533334
SMG-3,SMG,0,observed,6,0.09198333
SMG-3,SMG,0,observed,7.5,0.123433335
SMG-3,SMG,0,observed,9,0.140099995
SMG-3,SMG,0,observed,10,0.140383332
SMG+SR6.5-1,SMG,6.5,fitted,0,0.022785396167689525
SMG+SR6.5-1,SMG,6.5,fitted,0.05,0.022802607106921103
SMG+SR6.5-1,SMG,6.5,fitted,0.1,0.02282098537727186
SMG+SR6.5-1,SMG,6.5,fitted,0.15000000000000002,0.022840609714125996
SMG+SR6.5-1,SMG,6.5,fitted,0.2,0.022861564101834347
SMG+SR6.5-1,SMG,6.5,fitted,0.25,0.022883938114969405
SMG+SR6.5-1,SMG,6.5,fitted,0.30000000000000004,0.022907827280541432
SMG+SR6.5-1,SMG,6.5,fitted,0.35000000000000003,0.022933333462287774
SMG+SR6.5-1,SMG,6.5,fitted,0.4,0.02296056526818011
SMG+SR6.5-1,SMG,6.5,fitted,0.45,0.022989638482323754
SMG+SR6.5-1,SMG,6.5,fitted,0.5,0.023020676522448054
SMG+SR6.5-1,SMG,6.5,fitted,0.55,0.02305381092420625
SMG+SR6.5-1,SMG,6.5,fitted,0.6000000000000001,0.02308918185351571
SMG+SR6.5-1,SMG,6.5,fitted,0.65,0.023126938648173667
SMG+SR6.5-1,SMG,6.5,fitted,0.7000000000000001,0.023167240389977802
SMG+SR6.5-1,SMG,6.5,fitted,0.75,0.023210256508563322
SMG+SR6.5-1,SMG,6.5,fitted,0.8,0.023256167418136277
SMG+SR6.5-1,SMG,6.5,fitted,0.8500000000000001,0.023305165188234462
SMG+SR6.5-1,SMG,6.5,fitted,0.9,0.023357454249579267
SMG+SR6.5-1,SMG,6.5,fitted,0.9500000000000001,0.023413252135991238
SMG+SR6.5-1,SMG,6.5,fitted,1,0.02347279026322547
SMG+SR6.5-1,SMG,6.5,fitted,1.05,0.023536314745435848
SMG+SR6.5-1,SMG,6.5,fitted,1.1,0.02360408724979557
SMG+SR6.5-1,SMG,6.5,fitted,1.1500000000000001,0.023676385889580123
SMG+SR6.5-1,SMG,6.5,fitted,1.2000000000000002,0.023753506155752523
SMG+SR6.5-1,SMG,6.5,fitted,1.25,0.023835761886772954
SMG+SR6.5-1,SMG,6.5,fitted,1.3,0.02392348627597985
SMG+SR6.5-1,SMG,6.5,fitted,1.35,0.024017032915448825
SMG+SR6.5-1,SMG,6.5,fitted,1.4000000000000001,0.024116776874722863
SMG+SR6.5-1,SMG,6.5,fitted,1.4500000000000002,0.024223115812212485
SMG+SR6.5-1,SMG,6.5,fitted,1.5,0.02433647111637973
SMG+SR6.5-1,SMG,6.5,fitted,1.55,0.024457289073035016
SMG+SR6.5-1,SMG,6.5,fitted,1.6,0.02458604205418097
SMG+SR6.5-1,SMG,6.5,fitted,1.6500000000000001,0.02472322972282217
SMG+SR6.5-1,SMG,6.5,fitted,1.7000000000000002,0.02486938024701325
SMG+SR6.5-1,SMG,6.5,fitted,1.75,0.02502505151512989
SMG+SR6.5-1,SMG,6.5,fitted,1.8,0.025190832342906495
SMG+SR6.5-1,SMG,6.5,fitted,1.85,0.025367343661182113
SMG+SR6.5-1,SMG,6.5,fitted,1.9000000000000001,0.025555239671522026
SMG+SR6.5-1,SMG,6.5,fitted,1.9500000000000002,0.025755208954930074
SMG+SR6.5-1,SMG,6.5,fitted,2,0.025967975516729733
SMG+SR6.5-1,SMG,6.5,fitted,2.0500000000000003,0.026194299748368042
SMG+SR6.5-1,SMG,6.5,fitted,2.1,0.026434979284386324
SMG+SR6.5-1,SMG,6.5,fitted,2.15,0.026690849730110607
SMG+SR6.5-1,SMG,6.5,fitted,2.2,0.02696278523275431
SMG+SR6.5-1,SMG,6.5,fitted,2.25,0.027251698865613964
SMG+SR6.5-1,SMG,6.5,fitted,2.3000000000000003,0.027558542791902892
SMG+SR6.5-1,SMG,6.5,fitted,2.35,0.027884308171544147
SMG+SR6.5-1,SMG,6.5,fitted,2.4000000000000004,0.02823002477098236
SMG+SR6.5-1,SMG,6.5,fitted,2.45,0.028596760232835985
SMG+SR6.5-1,SMG,6.5,fitted,2.5,0.028985618959075823
SMG+SR6.5-1,SMG,6.5,fitted,2.5500000000000003,0.029397740558477357
SMG+SR6.5-1,SMG,6.5,fitted,2.6,0.02983429780646826
SMG+SR6.5-1,SMG,6.5,fitted,2.6500000000000004,0.03029649406331327
SMG+SR6.5-1,SMG,6.5,fitted,2.7,0.030785560095002967
SMG+SR6.5-1,SMG,6.5,fitted,2.75,0.031302750240419244
SMG+SR6.5-1,SMG,6.5,fitted,2.8000000000000003,0.03184933786853816
SMG+SR6.5-1,SMG,6.5,fitted,2.85,0.03242661007082028
SMG+SR6.5-1,SMG,6.5,fitted,2.9000000000000004,0.03303586153676624
SMG+SR6.5-1,SMG,6.5,fitted,2.95,0.03367838756513021
SMG+SR6.5-1,SMG,6.5,fitted,3,0.03435547616974144
SMG+SR6.5-1,SMG,6.5,fitted,3.0500000000000003,0.03506839924753585
SMG+SR6.5-1,SMG,6.5,fitted,3.1,0.0358184027874837
SMG+SR6.5-1,SMG,6.5,fitted,3.1500000000000004,0.036606696112824494
SMG+SR6.5-1,SMG,6.5,fitted,3.2,0.037434440165551544
SMG+SR6.5-1,SMG,6.5,fitted,3.25,0.038302734861525814
SMG+SR6.5-1,SMG,6.5,fitted,3.3000000000000003,0.03921260556695644
SMG+SR6.5-1,SMG,6.5,fitted,3.35,0.04016498877217201
SMG+SR6.5-1,SMG,6.5,fitted,3.4000000000000004,0.041160717066397276
SMG+SR6.5-1,SMG,6.5,fitted,3.45,0.042200503547269286
SMG+SR6.5-1,SMG,6.5,fitted,3.5,0.04328492583052676
SMG+SR6.5-1,SMG,6.5,fitted,3.5500000000000003,0.04441440985795295
SMG+SR6.5-1,SMG,6.5,fitted,3.6,0.04558921373431898
SMG+SR6.5-1,SMG,6.5,fitted,3.6500000000000004,0.0468094118556453
SMG+SR6.5-1,SMG,6.5,fitted,3.7,0.04807487962028095
SMG+SR6.5-1,SMG,6.5,fitted,3.75,0.04938527903965713
SMG+SR6.5-1,SMG,6.5,fitted,3.8000000000000003,0.05074004558556358
SMG+SR6.5-1,SMG,6.5,fitted,3.85,0.05213837662384485
SMG+SR6.5-1,SMG,6.5,fitted,3.9000000000000004,0.05357922178897819
SMG+SR6.5-1,SMG,6.5,fitted,3.95,0.05506127564865963
SMG+SR6.5-1,SMG,6.5,fitted,4,0.05658297299110629
SMG+SR6.5-1,SMG,6.5,fitted,4.05,0.0581424870394244
SMG+SR6.5-1,SMG,6.5,fitted,4.1000000000000005,0.05973773085667479
SMG+SR6.5-1,SMG,6.5,fitted,4.15,0.06136636215229053
SMG+SR6.5-1,SMG,6.5,fitted,4.2,0.06302579163595941
SMG+SR6.5-1,SMG,6.5,fitted,4.25,0.06471319499029782
SMG+SR6.5-1,SMG,6.5,fitted,4.3,0.0664255284505717
SMG+SR6.5-1,SMG,6.5,fitted,4.3500000000000005,0.0681595478909096
SMG+SR6.5-1,SMG,6.5,fitted,4.4,0.06991183122495914
SMG+SR6.5-1,SMG,6.5,fitted,4.45,0.07167880383819081
SMG+SR6.5-1,SMG,6.5,fitted,4.5,0.07345676668269074
SMG+SR6.5-1,SMG,6.5,fitted,4.55,0.0752419265869595
SMG+SR6.5-1,SMG,6.5,fitted,4.6000000000000005,0.07703042826639558
SMG+SR6.5-1,SMG,6.5,fitted,4.65,0.0788183874678324
SMG+SR6.5-1,SMG,6.5,fitted,4.7,0.0806019246461514
SMG+SR6.5-1,SMG,6.5,fitted,4.75,0.08237719855428366
SMG+SR6.5-1,SMG,6.5,fitted,4.800000000000001,0.08414043913063883
SMG+SR6.5-1,SMG,6.5,fitted,4.8500000000000005,0.08588797909002911
SMG+SR6.5-1,SMG,6.5,fitted,4.9,0.08761628366444077
SMG+SR6.5-1,SMG,6.5,fitted,4.95,0.08932197799664342
SMG+SR6.5-1,SMG,6.5,fitted,5,0.09100187175999894
SMG+SR6.5-1,SMG,6.5,fitted,5.050000000000001,0.09265298065875947
SMG+SR6.5-1,SMG,6.5,fitted,5.1000000000000005,0.0942725445510996
SMG+SR6.5-1,SMG,6.5,fitted,5.15,0.09585804202844544
SMG+SR6.5-1,SMG,6.5,fitted,5.2,0.09740720137573859
SMG+SR6.5-1,SMG,6.5,fitted,5.25,0.0989180079247703
SMG+SR6.5-1,SMG,6.5,fitted,5.300000000000001,0.10038870789371226
SMG+SR6.5-1,SMG,6.5,fitted,5.3500000000000005,0.10181780887806685
SMG+SR6.5-1,SMG,6.5,fitted,5.4,0.10320407721968115
SMG+SR6.5-1,SMG,6.5,fitted,5.45,0.10454653253006696
SMG+SR6.5-1,SMG,6.5,fitted,5.5,0.10584443968152486
SMG+SR6.5-1,SMG,6.5,fitted,5.550000000000001,0.10709729860453385
SMG+SR6.5-1,SMG,6.5,fitted,5.6000000000000005,0.10830483224309129
SMG+SR6.5-1,SMG,6.5,fitted,5.65,0.10946697302212986
SMG+SR6.5-1,SMG,6.5,fitted,5.7,0.11058384817405544
SMG+SR6.5-1,SMG,6.5,fitted,5.75,0.11165576425630648
SMG+SR6.5-1,SMG,6.5,fitted,5.800000000000001,0.11268319117018737
SMG+SR6.5-1,SMG,6.5,fitted,5.8500000000000005,0.11366674596465194
SMG+SR6.5-1,SMG,6.5,fitted,5.9,0.11460717667872698
SMG+SR6.5-1,SMG,6.5,fitted,5.95,0.11550534644426469
SMG+SR6.5-1,SMG,6.5,fitted,6,0.1163622180379486
SMG+SR6.5-1,SMG,6.5,fitted,6.050000000000001,0.11717883903901023
SMG+SR6.5-1,SMG,6.5,fitted,6.1000000000000005,0.11795632771781649
SMG+SR6.5-1,SMG,6.5,fitted,6.15,0.11869585975104442
SMG+SR6.5-1,SMG,6.5,fitted,6.2,0.11939865583206358
SMG+SR6.5-1,SMG,6.5,fitted,6.25,0.1200659702207337
SMG+SR6.5-1,SMG,6.5,fitted,6.300000000000001,0.12069908025527787
SMG+SR6.5-1,SMG,6.5,fitted,6.3500000000000005,0.12129927683027064
SMG+SR6.5-1,SMG,6.5,fitted,6.4,0.12186785582904615
SMG+SR6.5-1,SMG,6.5,fitted,6.45,0.12240611048586103
SMG+SR6.5-1,SMG,6.5,fitted,6.5,0.12291532464276557
SMG+SR6.5-1,SMG,6.5,fitted,6.550000000000001,0.12339676685811998
SMG+SR6.5-1,SMG,6.5,fitted,6.6000000000000005,0.12385168531780535
SMG+SR6.5-1,SMG,6.5,fitted,6.65,0.12428130349615785
SMG+SR6.5-1,SMG,6.5,fitted,6.7,0.12468681651125509
SMG+SR6.5-1,SMG,6.5,fitted,6.75,0.12506938811815135
SMG+SR6.5-1,SMG,6.5,fitted,6.800000000000001,0.12543014828376647
SMG+SR6.5-1,SMG,6.5,fitted,6.8500000000000005,0.12577019128816375
SMG+SR6.5-1,SMG,6.5,fitted,6.9,0.12609057429871395
SMG+SR6.5-1,SMG,6.5,fitted,6.95,0.12639231636596054
SMG+SR6.5-1,SMG,6.5,fitted,7,0.12667639779272788
SMG+SR6.5-1,SMG,6.5,fitted,7.050000000000001,0.12694375983101763
SMG+SR6.5-1,SMG,6.5,fitted,7.1000000000000005,0.12719530466441198
SMG+SR6.5-1,SMG,6.5,fitted,7.15,0.12743189563695423
SMG+SR6.5-1,SMG,6.5,fitted,7.2,0.12765435769273376
SMG+SR6.5-1,SMG,6.5,fitted,7.25,0.12786347799360598
SMG+SR6.5-1,SMG,6.5,fitted,7.300000000000001,0.12806000668558254
SMG+SR6.5-1,SMG,6.5,fitted,7.3500000000000005,0.12824465778739844
SMG+SR6.5-1,SMG,6.5,fitted,7.4,0.12841811017757787
SMG+SR6.5-1,SMG,6.5,fitted,7.45,0.12858100865896172
SMG+SR6.5-1,SMG,6.5,fitted,7.5,0.12873396508211787
SMG+SR6.5-1,SMG,6.5,fitted,7.550000000000001,0.1288775595113283
SMG+SR6.5-1,SMG,6.5,fitted,7.6000000000000005,0.12901234141892987
SMG+SR6.5-1,SMG,6.5,fitted,7.65,0.12913883089569073
SMG+SR6.5-1,SMG,6.5,fitted,7.7,0.1292575198666263
SMG+SR6.5-1,SMG,6.5,fitted,7.75,0.12936887330321772
SMG+SR6.5-1,SMG,6.5,fitted,7.800000000000001,0.12947333042439096
SMG+SR6.5-1,SMG,6.5,fitted,7.8500000000000005,0.1295713058798631
SMG+SR6.5-1,SMG,6.5,fitted,7.9,0.1296631909105706
SMG+SR6.5-1,SMG,6.5,fitted,7.95,0.12974935448187525
SMG+SR6.5-1,SMG,6.5,fitted,8,0.12983014438610627
SMG+SR6.5-1,SMG,6.5,fitted,8.05,0.1299058883117532
SMG+SR6.5-1,SMG,6.5,fitted,8.1,0.1299768948772833
SMG+SR6.5-1,SMG,6.5,fitted,8.15,0.13004345462812716
SMG+SR6.5-1,SMG,6.5,fitted,8.200000000000001,0.1301058409958697
SMG+SR6.5-1,SMG,6.5,fitted,8.25,0.1301643112191036
SMG+SR6.5-1,SMG,6.5,fitted,8.3,0.13021910722576252
SMG+SR6.5-1,SMG,6.5,fitted,8.35,0.13027045647705204
SMG+SR6.5-1,SMG,6.5,fitted,8.4,0.13031857277335135
SMG+SR6.5-1,SMG,6.5,fitted,8.450000000000001,0.130363657022667
SMG+SR6.5-1,SMG,6.5,fitted,8.5,0.1304058979723928
SMG+SR6.5-1,SMG,6.5,fitted,8.55,0.13044547290526626
SMG+SR6.5-1,SMG,6.5,fitted,8.6,0.1304825483005234
SMG+SR6.5-1,SMG,6.5,fitted,8.65,0.13051728046133532
SMG+SR6.5-1,SMG,6.5,fitted,8.700000000000001,0.13054981610967376
SMG+SR6.5-1,SMG,6.5,fitted,8.75,0.13058029294979595
SMG+SR6.5-1,SMG,6.5,fitted,8.8,0.13060884020156624
SMG+SR6.5-1,SMG,6.5,fitted,8.85,0.13063557910484663
SMG+SR6.5-1,SMG,6.5,fitted,8.9,0.1306606233961919
SMG+SR6.5-1,SMG,6.5,fitted,8.950000000000001,0.13068407975907592
SMG+SR6.5-1,SMG,6.5,fitted,9,0.13070604824886461
SMG+SR6.5-1,SMG,6.5,fitted,9.05,0.13072662269372673
SMG+SR6.5-1,SMG,6.5,fitted,9.1,0.1307458910726491
SMG+SR6.5-1,SMG,6.5,fitted,9.15,0.13076393587169327
SMG+SR6.5-1,SMG,6.5,fitted,9.200000000000001,0.1307808344195939
SMG+SR6.5-1,SMG,6.5,fitted,9.25,0.13079665920376762
SMG+SR6.5-1,SMG,6.5,fitted,9.3,0.13081147816775873
SMG+SR6.5-1,SMG,6.5,fitted,9.35,0.1308253549911125
SMG+SR6.5-1,SMG,6.5,fitted,9.4,0.13083834935262573
SMG+SR6.5-1,SMG,6.5,fitted,9.450000000000001,0.13085051717788435
SMG+SR6.5-1,SMG,6.5,fitted,9.5,0.13086191087195842
SMG+SR6.5-1,SMG,6.5,fitted,9.55,0.13087257953808518
SMG+SR6.5-1,SMG,6.5,fitted,9.600000000000001,0.130882569183132
SMG+SR6.5-1,SMG,6.5,fitted,9.65,0.1308919229105927
SMG+SR6.5-1,SMG,6.5,fitted,9.700000000000001,0.13090068110183417
SMG+SR6.5-1,SMG,6.5,fitted,9.75,0.1309088815862735
SMG+SR6.5-1,SMG,6.5,fitted,9.8,0.130916559801131
SMG+SR6.5-1,SMG,6.5,fitted,9.850000000000001,0.1309237489413711
SMG+SR6.5-1,SMG,6.5,fitted,9.9,0.13093048010041014
SMG+SR6.5-1,SMG,6.5,fitted,9.950000000000001,0.13093678240213913
SMG+SR6.5-1,SMG,6.5,fitted,10,0.13094268312477927
SMG+SR6.5-1,SMG,6.5,observed,0,0.036983333
SMG+SR6.5-1,SMG,6.5,observed,1,0.015316666
SMG+SR6.5-1,SMG,6.5,observed,2,0.020749999
SMG+SR6.5-1,SMG,6.5,observed,3,0.031149998
SMG+SR6.5-1,SMG,6.5,observed,4.5,0.07865
SMG+SR6.5-1,SMG,6.5,observed,6,0.108483332
SMG+SR6.5-1,SMG,6.5,observed,7.5,0.134850002
SMG+SR6.5-1,SMG,6.5,observed,9,0.135449997
SMG+SR6.5-1,SMG,6.5,observed,10,0.125149992
SMG+SR6.5-2,SMG,6.5,fitted,0,0.02247926562945931
SMG+SR6.5-2,SMG,6.5,fitted,0.05,0.02250105615530324
SMG+SR6.5-2,SMG,6.5,fitted,0.1,0.02252421079307943
SMG+SR6.5-2,SMG,6.5,fitted,0.15000000000000002,0.022548814321263613
SMG+SR6.5-2,SMG,6.5,fitted,0.2,0.022574956707434955
SMG+SR6.5-2,SMG,6.5,fitted,0.25,0.022602733415544966
SMG+SR6.5-2,SMG,6.5,fitted,0.30000000000000004,0.022632245730032186
SMG+SR6.5-2,SMG,6.5,fitted,0.35000000000000003,0.022663601097527058
SMG+SR6.5-2,SMG,6.5,fitted,0.4,0.022696913486898805
SMG+SR6.5-2,SMG,6.5,fitted,0.45,0.022732303768399756
SMG+SR6.5-2,SMG,6.5,fitted,0.5,0.02276990011266085
SMG+SR6.5-2,SMG,6.5,fitted,0.55,0.022809838410284507
SMG+SR6.5-2,SMG,6.5,fitted,0.6000000000000001,0.02285226271276665
SMG+SR6.5-2,SMG,6.5,fitted,0.65,0.022897325695456917
SMG+SR6.5-2,SMG,6.5,fitted,0.7000000000000001,0.022945189143234235
SMG+SR6.5-2,SMG,6.5,fitted,0.75,0.02299602445953194
SMG+SR6.5-2,SMG,6.5,fitted,0.8,0.023050013199291352
SMG+SR6.5-2,SMG,6.5,fitted,0.8500000000000001,0.023107347626353168
SMG+SR6.5-2,SMG,6.5,fitted,0.9,0.023168231295710082
SMG+SR6.5-2,SMG,6.5,fitted,0.9500000000000001,0.023232879660939836
SMG+SR6.5-2,SMG,6.5,fitted,1,0.023301520707012652
SMG+SR6.5-2,SMG,6.5,fitted,1.05,0.023374395608518266
SMG+SR6.5-2,SMG,6.5,fitted,1.1,0.023451759413182515
SMG+SR6.5-2,SMG,6.5,fitted,1.1500000000000001,0.02353388175033861
SMG+SR6.5-2,SMG,6.5,fitted,1.2000000000000002,0.023621047563780116
SMG+SR6.5-2,SMG,6.5,fitted,1.25,0.023713557868147838
SMG+SR6.5-2,SMG,6.5,fitted,1.3,0.023811730527687168
SMG+SR6.5-2,SMG,6.5,fitted,1.35,0.023915901055851434
SMG+SR6.5-2,SMG,6.5,fitted,1.4000000000000001,0.024026423433816533
SMG+SR6.5-2,SMG,6.5,fitted,1.4500000000000002,0.024143670945506963
SMG+SR6.5-2,SMG,6.5,fitted,1.5,0.024268037026209284
SMG+SR6.5-2,SMG,6.5,fitted,1.55,0.024399936121260048
SMG+SR6.5-2,SMG,6.5,fitted,1.6,0.024539804550636816
SMG+SR6.5-2,SMG,6.5,fitted,1.6500000000000001,0.024688101374547425
SMG+SR6.5-2,SMG,6.5,fitted,1.7000000000000002,0.02484530925429923
SMG+SR6.5-2,SMG,6.5,fitted,1.75,0.02501193530183163
SMG+SR6.5-2,SMG,6.5,fitted,1.8,0.02518851191030768
SMG+SR6.5-2,SMG,6.5,fitted,1.85,0.025375597557079604
SMG+SR6.5-2,SMG,6.5,fitted,1.9000000000000001,0.025573777569166182
SMG+SR6.5-2,SMG,6.5,fitted,1.9500000000000002,0.02578366484010495
SMG+SR6.5-2,SMG,6.5,fitted,2,0.02600590048566875
SMG+SR6.5-2,SMG,6.5,fitted,2.0500000000000003,0.026241154424466152
SMG+SR6.5-2,SMG,6.5,fitted,2.1,0.026490125867881912
SMG+SR6.5-2,SMG,6.5,fitted,2.15,0.026753543702164307
SMG+SR6.5-2,SMG,6.5,fitted,2.2,0.027032166743740305
SMG+SR6.5-2,SMG,6.5,fitted,2.25,0.0273267838470518
SMG+SR6.5-2,SMG,6.5,fitted,2.3000000000000003,0.027638213842374953
SMG+SR6.5-2,SMG,6.5,fitted,2.35,0.02796730527923465
SMG+SR6.5-2,SMG,6.5,fitted,2.4000000000000004,0.028314935949187603
SMG+SR6.5-2,SMG,6.5,fitted,2.45,0.02868201215995802
SMG+SR6.5-2,SMG,6.5,fitted,2.5,0.029069467731214965
SMG+SR6.5-2,SMG,6.5,fitted,2.5500000000000003,0.029478262680733183
SMG+SR6.5-2,SMG,6.5,fitted,2.6,0.029909381568343392
SMG+SR6.5-2,SMG,6.5,fitted,2.6500000000000004,0.03036383146402542
SMG+SR6.5-2,SMG,6.5,fitted,2.7,0.030842639505810572
SMG+SR6.5-2,SMG,6.5,fitted,2.75,0.03134685001293093
SMG+SR6.5-2,SMG,6.5,fitted,2.8000000000000003,0.03187752111998368
SMG+SR6.5-2,SMG,6.5,fitted,2.85,0.032435720898879035
SMG+SR6.5-2,SMG,6.5,fitted,2.9000000000000004,0.033022522937127985
SMG+SR6.5-2,SMG,6.5,fitted,2.95,0.03363900134372272
SMG+SR6.5-2,SMG,6.5,fitted,3,0.03428622515759387
SMG+SR6.5-2,SMG,6.5,fitted,3.0500000000000003,0.034965252138516006
SMG+SR6.5-2,SMG,6.5,fitted,3.1,0.03567712192649295
SMG+SR6.5-2,SMG,6.5,fitted,3.1500000000000004,0.03642284856319157
SMG+SR6.5-2,SMG,6.5,fitted,3.2,0.037203412377989506
SMG+SR6.5-2,SMG,6.5,fitted,3.25,0.03801975125171883
SMG+SR6.5-2,SMG,6.5,fitted,3.3000000000000003,0.03887275128324211
SMG+SR6.5-2,SMG,6.5,fitted,3.35,0.03976323689756955
SMG+SR6.5-2,SMG,6.5,fitted,3.4000000000000004,0.040691960449234316
SMG+SR6.5-2,SMG,6.5,fitted,3.45,0.04165959139094759
SMG+SR6.5-2,SMG,6.5,fitted,3.5,0.04266670509493822
SMG+SR6.5-2,SMG,6.5,fitted,3.5500000000000003,0.04371377143254909
SMG+SR6.5-2,SMG,6.5,fitted,3.6,0.0448011432362319
SMG+SR6.5-2,SMG,6.5,fitted,3.6500000000000004,0.04592904478658562
SMG+SR6.5-2,SMG,6.5,fitted,3.7,0.04709756048496693
SMG+SR6.5-2,SMG,6.5,fitted,3.75,0.04830662388883199
SMG+SR6.5-2,SMG,6.5,fitted,3.8000000000000003,0.049556007301647
SMG+SR6.5-2,SMG,6.5,fitted,3.85,0.050845312121186606
SMG+SR6.5-2,SMG,6.5,fitted,3.9000000000000004,0.052173960158551594
SMG+SR6.5-2,SMG,6.5,fitted,3.95,0.053541186144521746
SMG+SR6.5-2,SMG,6.5,fitted,4,0.054946031639199755
SMG+SR6.5-2,SMG,6.5,fitted,4.05,0.056387340554665134
SMG+SR6.5-2,SMG,6.5,fitted,4.1000000000000005,0.05786375648804538
SMG+SR6.5-2,SMG,6.5,fitted,4.15,0.05937372204369319
SMG+SR6.5-2,SMG,6.5,fitted,4.2,0.060915480297921085
SMG+SR6.5-2,SMG,6.5,fitted,4.25,0.06248707852811837
SMG+SR6.5-2,SMG,6.5,fitted,4.3,0.06408637429047118
SMG+SR6.5-2,SMG,6.5,fitted,4.3500000000000005,0.0657110438876138
SMG+SR6.5-2,SMG,6.5,fitted,4.4,0.0673585932203416
SMG+SR6.5-2,SMG,6.5,fitted,4.45,0.0690263709672587
SMG+SR6.5-2,SMG,6.5,fitted,4.5,0.07071158398439048
SMG+SR6.5-2,SMG,6.5,fitted,4.55,0.07241131476502355
SMG+SR6.5-2,SMG,6.5,fitted,4.6000000000000005,0.07412254075009775
SMG+SR6.5-2,SMG,6.5,fitted,4.65,0.07584215523316581
SMG+SR6.5-2,SMG,6.5,fitted,4.7,0.07756698956298255
SMG+SR6.5-2,SMG,6.5,fitted,4.75,0.07929383631277037
SMG+SR6.5-2,SMG,6.5,fitted,4.800000000000001,0.08101947305948223
SMG+SR6.5-2,SMG,6.5,fitted,4.8500000000000005,0.0827406863999815
SMG+SR6.5-2,SMG,6.5,fitted,4.9,0.08445429582465508
SMG+SR6.5-2,SMG,6.5,fitted,4.95,0.08615717707283077
SMG+SR6.5-2,SMG,6.5,fitted,5,0.08784628460832875
SMG+SR6.5-2,SMG,6.5,fitted,5.050000000000001,0.08951867287696272
SMG+SR6.5-2,SMG,6.5,fitted,5.1000000000000005,0.09117151603987145
SMG+SR6.5-2,SMG,6.5,fitted,5.15,0.09280212591592613
SMG+SR6.5-2,SMG,6.5,fitted,5.2,0.09440796791159235
SMG+SR6.5-2,SMG,6.5,fitted,5.25,0.09598667476582479
SMG+SR6.5-2,SMG,6.5,fitted,5.300000000000001,0.097536057989053
SMG+SR6.5-2,SMG,6.5,fitted,5.3500000000000005,0.09905411692730041
SMG+SR6.5-2,SMG,6.5,fitted,5.4,0.10053904543327731
SMG+SR6.5-2,SMG,6.5,fitted,5.45,0.101989236174375
SMG+SR6.5-2,SMG,6.5,fitted,5.5,0.10340328265155607
SMG+SR6.5-2,SMG,6.5,fitted,5.550000000000001,0.1047799790421335
SMG+SR6.5-2,SMG,6.5,fitted,5.6000000000000005,0.1061183180125967
SMG+SR6.5-2,SMG,6.5,fitted,5.65,0.10741748667449454
SMG+SR6.5-2,SMG,6.5,fitted,5.7,0.10867686087672576
SMG+SR6.5-2,SMG,6.5,fitted,5.75,0.10989599804147328
SMG+SR6.5-2,SMG,6.5,fitted,5.800000000000001,0.11107462875872763
SMG+SR6.5-2,SMG,6.5,fitted,5.8500000000000005,0.11221264735633966
SMG+SR6.5-2,SMG,6.5,fitted,5.9,0.11331010165942654
SMG+SR6.5-2,SMG,6.5,fitted,5.95,0.11436718214542467
SMG+SR6.5-2,SMG,6.5,fitted,6,0.115384210689895
SMG+SR6.5-2,SMG,6.5,fitted,6.050000000000001,0.11636162908410792
SMG+SR6.5-2,SMG,6.5,fitted,6.1000000000000005,0.11729998748922338
SMG+SR6.5-2,SMG,6.5,fitted,6.15,0.11819993297424827
SMG+SR6.5-2,SMG,6.5,fitted,6.2,0.11906219826654968
SMG+SR6.5-2,SMG,6.5,fitted,6.25,0.11988759082510163
SMG+SR6.5-2,SMG,6.5,fitted,6.300000000000001,0.12067698232833707
SMG+SR6.5-2,SMG,6.5,fitted,6.3500000000000005,0.12143129865086667
SMG+SR6.5-2,SMG,6.5,fitted,6.4,0.12215151038672997
SMG+SR6.5-2,SMG,6.5,fitted,6.45,0.12283862396149693
SMG+SR6.5-2,SMG,6.5,fitted,6.5,0.123493673361598
SMG+SR6.5-2,SMG,6.5,fitted,6.550000000000001,0.12411771249682443
SMG+SR6.5-2,SMG,6.5,fitted,6.6000000000000005,0.12471180820104086
SMG+SR6.5-2,SMG,6.5,fitted,6.65,0.12527703386678124
SMG+SR6.5-2,SMG,6.5,fitted,6.7,0.12581446370150473
SMG+SR6.5-2,SMG,6.5,fitted,6.75,0.12632516758679507
SMG+SR6.5-2,SMG,6.5,fitted,6.800000000000001,0.12681020651659186
SMG+SR6.5-2,SMG,6.5,fitted,6.8500000000000005,0.12727062858653504
SMG+SR6.5-2,SMG,6.5,fitted,6.9,0.12770746550356074
SMG+SR6.5-2,SMG,6.5,fitted,6.95,0.12812172958288387
SMG+SR6.5-2,SMG,6.5,fitted,7,0.12851441119831827
SMG+SR6.5-2,SMG,6.5,fitted,7.050000000000001,0.12888647665139735
SMG+SR6.5-2,SMG,6.5,fitted,7.1000000000000005,0.12923886642485824
SMG+SR6.5-2,SMG,6.5,fitted,7.15,0.1295724937866342
SMG+SR6.5-2,SMG,6.5,fitted,7.2,0.12988824371146918
SMG+SR6.5-2,SMG,6.5,fitted,7.25,0.13018697208854124
SMG+SR6.5-2,SMG,6.5,fitted,7.300000000000001,0.13046950518498235
SMG+SR6.5-2,SMG,6.5,fitted,7.3500000000000005,0.13073663933684523
SMG+SR6.5-2,SMG,6.5,fitted,7.4,0.1309891408408389
SMG+SR6.5-2,SMG,6.5,fitted,7.45,0.13122774602198442
SMG+SR6.5-2,SMG,6.5,fitted,7.5,0.13145316145419228
SMG+SR6.5-2,SMG,6.5,fitted,7.550000000000001,0.1316660643126022
SMG+SR6.5-2,SMG,6.5,fitted,7.6000000000000005,0.13186710283832562
SMG+SR6.5-2,SMG,6.5,fitted,7.65,0.13205689689797434
SMG+SR6.5-2,SMG,6.5,fitted,7.7,0.1322360386220286
SMG+SR6.5-2,SMG,6.5,fitted,7.75,0.13240509310768273
SMG+SR6.5-2,SMG,6.5,fitted,7.800000000000001,0.132564599173301
SMG+SR6.5-2,SMG,6.5,fitted,7.8500000000000005,0.13271507015301298
SMG+SR6.5-2,SMG,6.5,fitted,7.9,0.13285699472127876
SMG+SR6.5-2,SMG,6.5,fitted,7.95,0.13299083773845385
SMG+SR6.5-2,SMG,6.5,fitted,8,0.1331170411094898
SMG+SR6.5-2,SMG,6.5,fitted,8.05,0.13323602464891554
SMG+SR6.5-2,SMG,6.5,fitted,8.1,0.13334818694616657
SMG+SR6.5-2,SMG,6.5,fitted,8.15,0.13345390622616082
SMG+SR6.5-2,SMG,6.5,fitted,8.200000000000001,0.1335535412007754
SMG+SR6.5-2,SMG,6.5,fitted,8.25,0.13364743190755313
SMG+SR6.5-2,SMG,6.5,fitted,8.3,0.13373590053257525
SMG+SR6.5-2,SMG,6.5,fitted,8.35,0.13381925221497437
SMG+SR6.5-2,SMG,6.5,fitted,8.4,0.13389777583104379
SMG+SR6.5-2,SMG,6.5,fitted,8.450000000000001,0.13397174475631982
SMG+SR6.5-2,SMG,6.5,fitted,8.5,0.13404141760438948
SMG+SR6.5-2,SMG,6.5,fitted,8.55,0.1341070389415003
SMG+SR6.5-2,SMG,6.5,fitted,8.6,0.13416883997633433
SMG+SR6.5-2,SMG,6.5,fitted,8.65,0.1342270392245559
SMG+SR6.5-2,SMG,6.5,fitted,8.700000000000001,0.13428184314795466
SMG+SR6.5-2,SMG,6.5,fitted,8.75,0.13433344676818804
SMG+SR6.5-2,SMG,6.5,fitted,8.8,0.1343820342552822
SMG+SR6.5-2,SMG,6.5,fitted,8.85,0.13442777949118212
SMG+SR6.5-2,SMG,6.5,fitted,8.9,0.13447084660874925
SMG+SR6.5-2,SMG,6.5,fitted,8.950000000000001,0.1345113905066968
SMG+SR6.5-2,SMG,6.5,fitted,9,0.13454955734102567
SMG+SR6.5-2,SMG,6.5,fitted,9.05,0.13458548499358255
SMG+SR6.5-2,SMG,6.5,fitted,9.1,0.1346193035184075
SMG+SR6.5-2,SMG,6.5,fitted,9.15,0.13465113556657338
SMG+SR6.5-2,SMG,6.5,fitted,9.200000000000001,0.13468109679024404
SMG+SR6.5-2,SMG,6.5,fitted,9.25,0.13470929622669428
SMG+SR6.5-2,SMG,6.5,fitted,9.3,0.1347358366630444
SMG+SR6.5-2,SMG,6.5,fitted,9.35,0.13476081498246434
SMG+SR6.5-2,SMG,6.5,fitted,9.4,0.1347843224926013
SMG+SR6.5-2,SMG,6.5,fitted,9.450000000000001,0.1348064452369767
SMG+SR6.5-2,SMG,6.5,fitted,9.5,0.13482726429008904
SMG+SR6.5-2,SMG,6.5,fitted,9.55,0.13484685603694538
SMG+SR6.5-2,SMG,6.5,fitted,9.600000000000001,0.13486529243772843
SMG+SR6.5-2,SMG,6.5,fitted,9.65,0.13488264127828803
SMG+SR6.5-2,SMG,6.5,fitted,9.700000000000001,0.13489896640712667
SMG+SR6.5-2,SMG,6.5,fitted,9.75,0.13491432795952857
SMG+SR6.5-2,SMG,6.5,fitted,9.8,0.13492878256945834
SMG+SR6.5-2,SMG,6.5,fitted,9.850000000000001,0.13494238356983645
SMG+SR6.5-2,SMG,6.5,fitted,9.9,0.13495518118177283
SMG+SR6.5-2,SMG,6.5,fitted,9.950000000000001,0.13496722269331946
SMG+SR6.5-2,SMG,6.5,fitted,10,0.1349785526282799
SMG+SR6.5-2,SMG,6.5,observed,0,0.036883331
SMG+SR6.5-2,SMG,6.5,observed,1,0.015849999
SMG+SR6.5-2,SMG,6.5,observed,2,0.018649999
SMG+SR6.5-2,SMG,6.5,observed,3,0.032349996
SMG+SR6.5-2,SMG,6.5,observed,4.5,0.075449999
SMG+SR6.5-2,SMG,6.5,observed,6,0.110283329
SMG+SR6.5-2,SMG,6.5,observed,7.5,0.131649998
SMG+SR6.5-2,SMG,6.5,observed,9,0.141549996
SMG+SR6.5-2,SMG,6.5,observed,10,0.130483331
SMG+SR6.5-3,SMG,6.5,fitted,0,0.023020968610129703
SMG+SR6.5-3,SMG,6.5,fitted,0.05,0.023047149263073746
SMG+SR6.5-3,SMG,6.5,fitted,0.1,0.023074912146066096
SMG+SR6.5-3,SMG,6.5,fitted,0.15000000000000002,0.02310435200130095
SMG+SR6.5-3,SMG,6.5,fitted,0.2,0.023135569134077816
SMG+SR6.5-3,SMG,6.5,fitted,0.25,0.023168669725698206
SMG+SR6.5-3,SMG,6.5,fitted,0.30000000000000004,0.02320376616222567
SMG+SR6.5-3,SMG,6.5,fitted,0.35000000000000003,0.02324097737968892
SMG+SR6.5-3,SMG,6.5,fitted,0.4,0.02328042922629729
SMG+SR6.5-3,SMG,6.5,fitted,0.45,0.023322254842221973
SMG+SR6.5-3,SMG,6.5,fitted,0.5,0.023366595057473412
SMG+SR6.5-3,SMG,6.5,fitted,0.55,0.023413598808374986
SMG+SR6.5-3,SMG,6.5,fitted,0.6000000000000001,0.023463423573093757
SMG+SR6.5-3,SMG,6.5,fitted,0.65,0.023516235826639753
SMG+SR6.5-3,SMG,6.5,fitted,0.7000000000000001,0.023572211515684678
SMG+SR6.5-3,SMG,6.5,fitted,0.75,0.023631536553477196
SMG+SR6.5-3,SMG,6.5,fitted,0.8,0.023694407335043865
SMG+SR6.5-3,SMG,6.5,fitted,0.8500000000000001,0.023761031272760323
SMG+SR6.5-3,SMG,6.5,fitted,0.9,0.023831627352254234
SMG+SR6.5-3,SMG,6.5,fitted,0.9500000000000001,0.023906426708458304
SMG+SR6.5-3,SMG,6.5,fitted,1,0.02398567322146519
SMG+SR6.5-3,SMG,6.5,fitted,1.05,0.024069624131644523
SMG+SR6.5-3,SMG,6.5,fitted,1.1,0.024158550673262398
SMG+SR6.5-3,SMG,6.5,fitted,1.1500000000000001,0.02425273872559283
SMG+SR6.5-3,SMG,6.5,fitted,1.2000000000000002,0.024352489480225736
SMG+SR6.5-3,SMG,6.5,fitted,1.25,0.024458120122953588
SMG+SR6.5-3,SMG,6.5,fitted,1.3,0.02456996452825585
SMG+SR6.5-3,SMG,6.5,fitted,1.35,0.024688373963992805
SMG+SR6.5-3,SMG,6.5,fitted,1.4000000000000001,0.024813717803465016
SMG+SR6.5-3,SMG,6.5,fitted,1.4500000000000002,0.024946384241487686
SMG+SR6.5-3,SMG,6.5,fitted,1.5,0.02508678101056694
SMG+SR6.5-3,SMG,6.5,fitted,1.55,0.025235336092643834
SMG+SR6.5-3,SMG,6.5,fitted,1.6,0.025392498421188785
SMG+SR6.5-3,SMG,6.5,fitted,1.6500000000000001,0.02555873856768023
SMG+SR6.5-3,SMG,6.5,fitted,1.7000000000000002,0.025734549405684905
SMG+SR6.5-3,SMG,6.5,fitted,1.75,0.025920446744870405
SMG+SR6.5-3,SMG,6.5,fitted,1.8,0.02611696992632277
SMG+SR6.5-3,SMG,6.5,fitted,1.85,0.02632468236951236
SMG+SR6.5-3,SMG,6.5,fitted,1.9000000000000001,0.026544172060151312
SMG+SR6.5-3,SMG,6.5,fitted,1.9500000000000002,0.02677605196701779
SMG+SR6.5-3,SMG,6.5,fitted,2,0.02702096037459104
SMG+SR6.5-3,SMG,6.5,fitted,2.0500000000000003,0.027279561117052972
SMG+SR6.5-3,SMG,6.5,fitted,2.1,0.02755254369787688
SMG+SR6.5-3,SMG,6.5,fitted,2.15,0.0278406232778539
SMG+SR6.5-3,SMG,6.5,fitted,2.2,0.02814454051301963
SMG+SR6.5-3,SMG,6.5,fitted,2.25,0.028465061222556765
SMG+SR6.5-3,SMG,6.5,fitted,2.3000000000000003,0.028802975865390434
SMG+SR6.5-3,SMG,6.5,fitted,2.35,0.029159098802890058
SMG+SR6.5-3,SMG,6.5,fitted,2.4000000000000004,0.02953426732388196
SMG+SR6.5-3,SMG,6.5,fitted,2.45,0.029929340407101546
SMG+SR6.5-3,SMG,6.5,fitted,2.5,0.03034519719532117
SMG+SR6.5-3,SMG,6.5,fitted,2.5500000000000003,0.030782735154734647
SMG+SR6.5-3,SMG,6.5,fitted,2.6,0.031242867892823517
SMG+SR6.5-3,SMG,6.5,fitted,2.6500000000000004,0.0317265226079416
SMG+SR6.5-3,SMG,6.5,fitted,2.7,0.032234637144307736
SMG+SR6.5-3,SMG,6.5,fitted,2.75,0.03276815662707176
SMG+SR6.5-3,SMG,6.5,fitted,2.8000000000000003,0.03332802965370031
SMG+SR6.5-3,SMG,6.5,fitted,2.85,0.033915204020202996
SMG+SR6.5-3,SMG,6.5,fitted,2.9000000000000004,0.0345306219637752
SMG+SR6.5-3,SMG,6.5,fitted,2.95,0.03517521490735448
SMG+SR6.5-3,SMG,6.5,fitted,3,0.03584989769645526
SMG+SR6.5-3,SMG,6.5,fitted,3.0500000000000003,0.03655556232452985
SMG+SR6.5-3,SMG,6.5,fitted,3.1,0.03729307115006027
SMG+SR6.5-3,SMG,6.5,fitted,3.1500000000000004,0.0380632496166503
SMG+SR6.5-3,SMG,6.5,fitted,3.2,0.03886687849657217
SMG+SR6.5-3,SMG,6.5,fitted,3.25,0.039704685688507435
SMG+SR6.5-3,SMG,6.5,fitted,3.3000000000000003,0.040577337611546846
SMG+SR6.5-3,SMG,6.5,fitted,3.35,0.04148543024977871
SMG+SR6.5-3,SMG,6.5,fitted,3.4000000000000004,0.042429479914845185
SMG+SR6.5-3,SMG,6.5,fitted,3.45,0.04340991380747446
SMG+SR6.5-3,SMG,6.5,fitted,3.5,0.0444270604729388
SMG+SR6.5-3,SMG,6.5,fitted,3.5500000000000003,0.04548114025931778
SMG+SR6.5-3,SMG,6.5,fitted,3.6,0.04657225590097984
SMG+SR6.5-3,SMG,6.5,fitted,3.6500000000000004,0.04770038336239557
SMG+SR6.5-3,SMG,6.5,fitted,3.7,0.048865363088776675
SMG+SR6.5-3,SMG,6.5,fitted,3.75,0.05006689181957666
SMG+SR6.5-3,SMG,6.5,fitted,3.8000000000000003,0.05130451512805112
SMG+SR6.5-3,SMG,6.5,fitted,3.85,0.052577620854318344
SMG+SR6.5-3,SMG,6.5,fitted,3.9000000000000004,0.0538854336001659
SMG+SR6.5-3,SMG,6.5,fitted,3.95,0.055227010450749056
SMG+SR6.5-3,SMG,6.5,fitted,4,0.05660123808093162
SMG+SR6.5-3,SMG,6.5,fitted,4.05,0.05800683139204495
SMG+SR6.5-3,SMG,6.5,fitted,4.1000000000000005,0.05944233380813757
SMG+SR6.5-3,SMG,6.5,fitted,4.15,0.06090611933936599
SMG+SR6.5-3,SMG,6.5,fitted,4.2,0.06239639649422643
SMG+SR6.5-3,SMG,6.5,fitted,4.25,0.06391121409222929
SMG+SR6.5-3,SMG,6.5,fitted,4.3,0.06544846899495287
SMG+SR6.5-3,SMG,6.5,fitted,4.3500000000000005,0.06700591573694935
SMG+SR6.5-3,SMG,6.5,fitted,4.4,0.06858117799965742
SMG+SR6.5-3,SMG,6.5,fitted,4.45,0.07017176183239417
SMG+SR6.5-3,SMG,6.5,fitted,4.5,0.07177507048584492
SMG+SR6.5-3,SMG,6.5,fitted,4.55,0.0733884206865037
SMG+SR6.5-3,SMG,6.5,fitted,4.6000000000000005,0.07500906014649143
SMG+SR6.5-3,SMG,6.5,fitted,4.65,0.07663418607329985
SMG+SR6.5-3,SMG,6.5,fitted,4.7,0.07826096441936473
SMG+SR6.5-3,SMG,6.5,fitted,4.75,0.07988654959287929
SMG+SR6.5-3,SMG,6.5,fitted,4.800000000000001,0.08150810433962186
SMG+SR6.5-3,SMG,6.5,fitted,4.8500000000000005,0.08312281950123675
SMG+SR6.5-3,SMG,6.5,fitted,4.9,0.08472793335854063
SMG+SR6.5-3,SMG,6.5,fitted,4.95,0.08632075027890664
SMG+SR6.5-3,SMG,6.5,fitted,5,0.08789865840420606
SMG+SR6.5-3,SMG,6.5,fitted,5.050000000000001,0.08945914613949513
SMG+SR6.5-3,SMG,6.5,fitted,5.1000000000000005,0.09099981723173825
SMG+SR6.5-3,SMG,6.5,fitted,5.15,0.0925184042612942
SMG+SR6.5-3,SMG,6.5,fitted,5.2,0.09401278040546743
SMG+SR6.5-3,SMG,6.5,fitted,5.25,0.0954809693718935
SMG+SR6.5-3,SMG,6.5,fitted,5.300000000000001,0.09692115343862359
SMG+SR6.5-3,SMG,6.5,fitted,5.3500000000000005,0.09833167957629212
SMG+SR6.5-3,SMG,6.5,fitted,5.4,0.0997110636645825
SMG+SR6.5-3,SMG,6.5,fitted,5.45,0.10105799284937987
SMG+SR6.5-3,SMG,6.5,fitted,5.5,0.10237132611771864
SMG+SR6.5-3,SMG,6.5,fitted,5.550000000000001,0.10365009319428357
SMG+SR6.5-3,SMG,6.5,fitted,5.6000000000000005,0.10489349188539453
SMG+SR6.5-3,SMG,6.5,fitted,5.65,0.10610088401387512
SMG+SR6.5-3,SMG,6.5,fitted,5.7,0.10727179010093808
SMG+SR6.5-3,SMG,6.5,fitted,5.75,0.10840588295933845
SMG+SR6.5-3,SMG,6.5,fitted,5.800000000000001,0.10950298036581557
SMG+SR6.5-3,SMG,6.5,fitted,5.8500000000000005,0.11056303698064018
SMG+SR6.5-3,SMG,6.5,fitted,5.9,0.11158613567836147
SMG+SR6.5-3,SMG,6.5,fitted,5.95,0.11257247844712161
SMG+SR6.5-3,SMG,6.5,fitted,6,0.11352237700471166
SMG+SR6.5-3,SMG,6.5,fitted,6.050000000000001,0.11443624326842199
SMG+SR6.5-3,SMG,6.5,fitted,6.1000000000000005,0.11531457980322021
SMG+SR6.5-3,SMG,6.5,fitted,6.15,0.11615797035935929
SMG+SR6.5-3,SMG,6.5,fitted,6.2,0.1169670705966244
SMG+SR6.5-3,SMG,6.5,fitted,6.25,0.11774259907846545
SMG+SR6.5-3,SMG,6.5,fitted,6.300000000000001,0.11848532860556223
SMG+SR6.5-3,SMG,6.5,fitted,6.3500000000000005,0.11919607794520991
SMG+SR6.5-3,SMG,6.5,fitted,6.4,0.11987570400051122
SMG+SR6.5-3,SMG,6.5,fitted,6.45,0.12052509445187419
SMG+SR6.5-3,SMG,6.5,fitted,6.5,0.12114516089285796
SMG+SR6.5-3,SMG,6.5,fitted,6.550000000000001,0.12173683247304337
SMG+SR6.5-3,SMG,6.5,fitted,6.6000000000000005,0.12230105005235943
SMG+SR6.5-3,SMG,6.5,fitted,6.65,0.12283876086416334
SMG+SR6.5-3,SMG,6.5,fitted,6.7,0.12335091367831798
SMG+SR6.5-3,SMG,6.5,fitted,6.75,0.12383845445048436
SMG+SR6.5-3,SMG,6.5,fitted,6.800000000000001,0.12430232243977705
SMG+SR6.5-3,SMG,6.5,fitted,6.8500000000000005,0.12474344677374191
SMG+SR6.5-3,SMG,6.5,fitted,6.9,0.1251627434372203
SMG+SR6.5-3,SMG,6.5,fitted,6.95,0.12556111265997716
SMG+SR6.5-3,SMG,6.5,fitted,7,0.12593943667690277
SMG+SR6.5-3,SMG,6.5,fitted,7.050000000000001,0.12629857783406592
SMG+SR6.5-3,SMG,6.5,fitted,7.1000000000000005,0.1266393770138187
SMG+SR6.5-3,SMG,6.5,fitted,7.15,0.12696265235245466
SMG+SR6.5-3,SMG,6.5,fitted,7.2,0.12726919822453261
SMG+SR6.5-3,SMG,6.5,fitted,7.25,0.12755978446883742
SMG+SR6.5-3,SMG,6.5,fitted,7.300000000000001,0.1278351558319978
SMG+SR6.5-3,SMG,6.5,fitted,7.3500000000000005,0.1280960316069726
SMG+SR6.5-3,SMG,6.5,fitted,7.4,0.12834310544490682
SMG+SR6.5-3,SMG,6.5,fitted,7.45,0.12857704532021133
SMG+SR6.5-3,SMG,6.5,fitted,7.5,0.12879849363010423
SMG+SR6.5-3,SMG,6.5,fitted,7.550000000000001,0.12900806741124082
SMG+SR6.5-3,SMG,6.5,fitted,7.6000000000000005,0.12920635865743363
SMG+SR6.5-3,SMG,6.5,fitted,7.65,0.12939393472380567
SMG+SR6.5-3,SMG,6.5,fitted,7.7,0.12957133880401625
SMG+SR6.5-3,SMG,6.5,fitted,7.75,0.12973909046843993
SMG+SR6.5-3,SMG,6.5,fitted,7.800000000000001,0.12989768625235823
SMG+SR6.5-3,SMG,6.5,fitted,7.8500000000000005,0.13004760028433374
SMG+SR6.5-3,SMG,6.5,fitted,7.9,0.13018928494597867
SMG+SR6.5-3,SMG,6.5,fitted,7.95,0.13032317155529802
SMG+SR6.5-3,SMG,6.5,fitted,8,0.13044967106668712
SMG+SR6.5-3,SMG,6.5,fitted,8.05,0.13056917478148916
SMG+SR6.5-3,SMG,6.5,fitted,8.1,0.1306820550637801
SMG+SR6.5-3,SMG,6.5,fitted,8.15,0.13078866605673986
SMG+SR6.5-3,SMG,6.5,fitted,8.200000000000001,0.13088934439560101
SMG+SR6.5-3,SMG,6.5,fitted,8.25,0.13098440991373728
SMG+SR6.5-3,SMG,6.5,fitted,8.3,0.13107416633896943
SMG+SR6.5-3,SMG,6.5,fitted,8.35,0.13115890197763075
SMG+SR6.5-3,SMG,6.5,fitted,8.4,0.13123889038434744
SMG+SR6.5-3,SMG,6.5,fitted,8.450000000000001,0.13131439101586143
SMG+SR6.5-3,SMG,6.5,fitted,8.5,0.13138564986754978
SMG+SR6.5-3,SMG,6.5,fitted,8.55,0.13145290009158714
SMG+SR6.5-3,SMG,6.5,fitted,8.6,0.13151636259595315
SMG+SR6.5-3,SMG,6.5,fitted,8.65,0.13157624662371123
SMG+SR6.5-3,SMG,6.5,fitted,8.700000000000001,0.13163275031218186
SMG+SR6.5-3,SMG,6.5,fitted,8.75,0.13168606123180288
SMG+SR6.5-3,SMG,6.5,fitted,8.8,0.13173635690461735
SMG+SR6.5-3,SMG,6.5,fitted,8.85,0.131783805302454
SMG+SR6.5-3,SMG,6.5,fitted,8.9,0.13182856532497483
SMG+SR6.5-3,SMG,6.5,fitted,8.950000000000001,0.1318707872578526
SMG+SR6.5-3,SMG,6.5,fitted,9,0.13191061321141895
SMG+SR6.5-3,SMG,6.5,fitted,9.05,0.13194817754018567
SMG+SR6.5-3,SMG,6.5,fitted,9.1,0.1319836072436918
SMG+SR6.5-3,SMG,6.5,fitted,9.15,0.13201702234917193
SMG+SR6.5-3,SMG,6.5,fitted,9.200000000000001,0.13204853627657132
SMG+SR6.5-3,SMG,6.5,fitted,9.25,0.13207825618645783
SMG+SR6.5-3,SMG,6.5,fitted,9.3,0.13210628331139834
SMG+SR6.5-3,SMG,6.5,fitted,9.35,0.1321327132713774
SMG+SR6.5-3,SMG,6.5,fitted,9.4,0.13215763637384298
SMG+SR6.5-3,SMG,6.5,fitted,9.450000000000001,0.13218113789896543
SMG+SR6.5-3,SMG,6.5,fitted,9.5,0.13220329837069336
SMG+SR6.5-3,SMG,6.5,fitted,9.55,0.13222419381418554
SMG+SR6.5-3,SMG,6.5,fitted,9.600000000000001,0.13224389600018963
SMG+SR6.5-3,SMG,6.5,fitted,9.65,0.13226247267692873
SMG+SR6.5-3,SMG,6.5,fitted,9.700000000000001,0.13227998779004452
SMG+SR6.5-3,SMG,6.5,fitted,9.75,0.13229650169113272
SMG+SR6.5-3,SMG,6.5,fitted,9.8,0.13231207133539208
SMG+SR6.5-3,SMG,6.5,fitted,9.850000000000001,0.13232675046889217
SMG+SR6.5-3,SMG,6.5,fitted,9.9,0.13234058980595026
SMG+SR6.5-3,SMG,6.5,fitted,9.950000000000001,0.13235363719708967
SMG+SR6.5-3,SMG,6.5,fitted,10,0.13236593778803638
SMG+SR6.5-3,SMG,6.5,observed,0,0.036583334
SMG+SR6.5-3,SMG,6.5,observed,1,0.015116666
SMG+SR6.5-3,SMG,6.5,observed,2,0.021383333
SMG+SR6.5-3,SMG,6.5,observed,3,0.034749997
SMG+SR6.5-3,SMG,6.5,observed,4.5,0.076416666
SMG+SR6.5-3,SMG,6.5,observed,6,0.107149999
SMG+SR6.5-3,SMG,6.5,observed,7.5,0.132849995
SMG+SR6.5-3,SMG,6.5,observed,9,0.137816669
SMG+SR6.5-3,SMG,6.5,observed,10,0.126183333
SMG+SR13-1,SMG,13,fitted,0,0.02159921594353289
SMG+SR13-1,SMG,13,fitted,0.05,0.021610233460838513
SMG+SR13-1,SMG,13,fitted,0.1,0.02162209595933436
SMG+SR13-1,SMG,13,fitted,0.15000000000000002,0.02163486805082341
SMG+SR13-1,SMG,13,fitted,0.2,0.021648619256829617
SMG+SR13-1,SMG,13,fitted,0.25,0.02166342437675821
SMG+SR13-1,SMG,13,fitted,0.30000000000000004,0.021679363882876418
SMG+SR13-1,SMG,13,fitted,0.35000000000000003,0.021696524343941988
SMG+SR13-1,SMG,13,fitted,0.4,0.021714998879410367
SMG+SR13-1,SMG,13,fitted,0.45,0.021734887646257577
SMG+SR13-1,SMG,13,fitted,0.5,0.02175629836056333
SMG+SR13-1,SMG,13,fitted,0.55,0.021779346856107298
SMG+SR13-1,SMG,13,fitted,0.6000000000000001,0.021804157682339342
SMG+SR13-1,SMG,13,fitted,0.65,0.021830864744191037
SMG+SR13-1,SMG,13,fitted,0.7000000000000001,0.02185961198629861
SMG+SR13-1,SMG,13,fitted,0.75,0.02189055412430556
SMG+SR13-1,SMG,13,fitted,0.8,0.021923857426003272
SMG+SR13-1,SMG,13,fitted,0.8500000000000001,0.02195970054514818
SMG+SR13-1,SMG,13,fitted,0.9,0.02199827541086027
SMG+SR13-1,SMG,13,fitted,0.9500000000000001,0.022039788175556883
SMG+SR13-1,SMG,13,fitted,1,0.02208446022440256
SMG+SR13-1,SMG,13,fitted,1.05,0.02213252924925554
SMG+SR13-1,SMG,13,fitted,1.1,0.022184250390057683
SMG+SR13-1,SMG,13,fitted,1.1500000000000001,0.02223989744654017
SMG+SR13-1,SMG,13,fitted,1.2000000000000002,0.022299764162994333
SMG+SR13-1,SMG,13,fitted,1.25,0.022364165588675253
SMG+SR13-1,SMG,13,fitted,1.3,0.022433439516155326
SMG+SR13-1,SMG,13,fitted,1.35,0.02250794799961285
SMG+SR13-1,SMG,13,fitted,1.4000000000000001,0.022588078954613088
SMG+SR13-1,SMG,13,fitted,1.4500000000000002,0.02267424784040051
SMG+SR13-1,SMG,13,fitted,1.5,0.022766899425052944
SMG+SR13-1,SMG,13,fitted,1.55,0.02286650963303157
SMG+SR13-1,SMG,13,fitted,1.6,0.022973587473672827
SMG+SR13-1,SMG,13,fitted,1.6500000000000001,0.023088677047985198
SMG+SR13-1,SMG,13,fitted,1.7000000000000002,0.023212359629708343
SMG+SR13-1,SMG,13,fitted,1.75,0.023345255814935753
SMG+SR13-1,SMG,13,fitted,1.8,0.023488027732663126
SMG+SR13-1,SMG,13,fitted,1.85,0.023641381306369863
SMG+SR13-1,SMG,13,fitted,1.9000000000000001,0.023806068554135792
SMG+SR13-1,SMG,13,fitted,1.9500000000000002,0.023982889911802693
SMG+SR13-1,SMG,13,fitted,2,0.024172696560274133
SMG+SR13-1,SMG,13,fitted,2.0500000000000003,0.024376392734171613
SMG+SR13-1,SMG,13,fitted,2.1,0.02459493798469532
SMG+SR13-1,SMG,13,fitted,2.15,0.02482934936464427
SMG+SR13-1,SMG,13,fitted,2.2,0.025080703498107357
SMG+SR13-1,SMG,13,fitted,2.25,0.025350138491328646
SMG+SR13-1,SMG,13,fitted,2.3000000000000003,0.025638855634671845
SMG+SR13-1,SMG,13,fitted,2.35,0.02594812083847176
SMG+SR13-1,SMG,13,fitted,2.4000000000000004,0.026279265737896136
SMG+SR13-1,SMG,13,fitted,2.45,0.026633688393807167
SMG+SR13-1,SMG,13,fitted,2.5,0.02701285350809716
SMG+SR13-1,SMG,13,fitted,2.5500000000000003,0.027418292063205542
SMG+SR13-1,SMG,13,fitted,2.6,0.027851600286679497
SMG+SR13-1,SMG,13,fitted,2.6500000000000004,0.028314437832945953
SMG+SR13-1,SMG,13,fitted,2.7,0.028808525066209605
SMG+SR13-1,SMG,13,fitted,2.75,0.029335639320941014
SMG+SR13-1,SMG,13,fitted,2.8000000000000003,0.029897610010206827
SMG+SR13-1,SMG,13,fitted,2.85,0.03049631244764077
SMG+SR13-1,SMG,13,fitted,2.9000000000000004,0.03113366024676047
SMG+SR13-1,SMG,13,fitted,2.95,0.03181159616228749
SMG+SR13-1,SMG,13,fitted,3,0.03253208124288584
SMG+SR13-1,SMG,13,fitted,3.0500000000000003,0.03329708217412004
SMG+SR13-1,SMG,13,fitted,3.1,0.034108556705310024
SMG+SR13-1,SMG,13,fitted,3.1500000000000004,0.034968437075195785
SMG+SR13-1,SMG,13,fitted,3.2,0.035878611379753456
SMG+SR13-1,SMG,13,fitted,3.25,0.03684090286186795
SMG+SR13-1,SMG,13,fitted,3.3000000000000003,0.03785704714744454
SMG+SR13-1,SMG,13,fitted,3.35,0.03892866750627102
SMG+SR13-1,SMG,13,fitted,3.4000000000000004,0.04005724827852611
SMG+SR13-1,SMG,13,fitted,3.45,0.04124410667884174
SMG+SR13-1,SMG,13,fitted,3.5,0.04249036326830985
SMG+SR13-1,SMG,13,fitted,3.5500000000000003,0.043796911469202594
SMG+SR13-1,SMG,13,fitted,3.6,0.045164386585182195
SMG+SR13-1,SMG,13,fitted,3.6500000000000004,0.046593134878412504
SMG+SR13-1,SMG,13,fitted,3.7,0.048083183340515936
SMG+SR13-1,SMG,13,fitted,3.75,0.049634210872341974
SMG+SR13-1,SMG,13,fitted,3.8000000000000003,0.05124552165306803
SMG+SR13-1,SMG,13,fitted,3.85,0.05291602152694184
SMG+SR13-1,SMG,13,fitted,3.9000000000000004,0.054644198260624305
SMG+SR13-1,SMG,13,fitted,3.95,0.056428106520522776
SMG+SR13-1,SMG,13,fitted,4,0.058265358383334395
SMG+SR13-1,SMG,13,fitted,4.05,0.0601531201210026
SMG+SR13-1,SMG,13,fitted,4.1000000000000005,0.06208811589177015
SMG+SR13-1,SMG,13,fitted,4.15,0.06406663882229983
SMG+SR13-1,SMG,13,fitted,4.2,0.06608456978451466
SMG+SR13-1,SMG,13,fitted,4.25,0.06813740395988598
SMG+SR13-1,SMG,13,fitted,4.3,0.07022028505076976
SMG+SR13-1,SMG,13,fitted,4.3500000000000005,0.07232804675259777
SMG+SR13-1,SMG,13,fitted,4.4,0.07445526085350604
SMG+SR13-1,SMG,13,fitted,4.45,0.07659629109158858
SMG+SR13-1,SMG,13,fitted,4.5,0.07874535168687749
SMG+SR13-1,SMG,13,fitted,4.55,0.08089656928717086
SMG+SR13-1,SMG,13,fitted,4.6000000000000005,0.0830440469341639
SMG+SR13-1,SMG,13,fitted,4.65,0.08518192857678887
SMG+SR13-1,SMG,13,fitted,4.7,0.08730446263699482
SMG+SR13-1,SMG,13,fitted,4.75,0.08940606317069663
SMG+SR13-1,SMG,13,fitted,4.800000000000001,0.09148136726104696
SMG+SR13-1,SMG,13,fitted,4.8500000000000005,0.09352528742690375
SMG+SR13-1,SMG,13,fitted,4.9,0.09553305801786381
SMG+SR13-1,SMG,13,fitted,4.95,0.09750027478778349
SMG+SR13-1,SMG,13,fitted,5,0.09942292707924584
SMG+SR13-1,SMG,13,fitted,5.050000000000001,0.1012974222994482
SMG+SR13-1,SMG,13,fitted,5.1000000000000005,0.10312060261141855
SMG+SR13-1,SMG,13,fitted,5.15,0.10488975399248714
SMG+SR13-1,SMG,13,fitted,5.2,0.10660260801553821
SMG+SR13-1,SMG,13,fitted,5.25,0.10825733688097998
SMG+SR13-1,SMG,13,fitted,5.300000000000001,0.10985254236424531
SMG+SR13-1,SMG,13,fitted,5.3500000000000005,0.11138723944302249
SMG+SR13-1,SMG,13,fitted,5.4,0.11286083543056542
SMG+SR13-1,SMG,13,fitted,5.45,0.11427310546846879
SMG+SR13-1,SMG,13,fitted,5.5,0.11562416522781609
SMG+SR13-1,SMG,13,fitted,5.550000000000001,0.11691444163622143
SMG+SR13-1,SMG,13,fitted,5.6000000000000005,0.11814464239519645
SMG+SR13-1,SMG,13,fitted,5.65,0.11931572498285693
SMG+SR13-1,SMG,13,fitted,5.7,0.12042886575647697
SMG+SR13-1,SMG,13,fitted,5.75,0.12148542968262749
SMG+SR13-1,SMG,13,fitted,5.800000000000001,0.12248694113383032
SMG+SR13-1,SMG,13,fitted,5.8500000000000005,0.1234350561033645
SMG+SR13-1,SMG,13,fitted,5.9,0.12433153610687324
SMG+SR13-1,SMG,13,fitted,5.95,0.12517822396281675
SMG+SR13-1,SMG,13,fitted,6,0.12597702157499785
SMG+SR13-1,SMG,13,fitted,6.050000000000001,0.12672986978016115
SMG+SR13-1,SMG,13,fitted,6.1000000000000005,0.12743873027232927
SMG+SR13-1,SMG,13,fitted,6.15,0.12810556957299696
SMG+SR13-1,SMG,13,fitted,6.2,0.12873234498213504
SMG+SR13-1,SMG,13,fitted,6.25,0.12932099241853928
SMG+SR13-1,SMG,13,fitted,6.300000000000001,0.12987341603861613
SMG+SR13-1,SMG,13,fitted,6.3500000000000005,0.1303914795093805
SMG+SR13-1,SMG,13,fitted,6.4,0.1308769988033845
SMG+SR13-1,SMG,13,fitted,6.45,0.1313317363796367
SMG+SR13-1,SMG,13,fitted,6.5,0.13175739661451022
SMG+SR13-1,SMG,13,fitted,6.550000000000001,0.13215562234942976
SMG+SR13-1,SMG,13,fitted,6.6000000000000005,0.1325279924271086
SMG+SR13-1,SMG,13,fitted,6.65,0.13287602009469934
SMG+SR13-1,SMG,13,fitted,6.7,0.13320115215992767
SMG+SR13-1,SMG,13,fitted,6.75,0.13350476879468287
SMG+SR13-1,SMG,13,fitted,6.800000000000001,0.13378818388929942
SMG+SR13-1,SMG,13,fitted,6.8500000000000005,0.1340526458696078
SMG+SR13-1,SMG,13,fitted,6.9,0.13429933889754805
SMG+SR13-1,SMG,13,fitted,6.95,0.13452938438456194
SMG+SR13-1,SMG,13,fitted,7,0.13474384275499535
SMG+SR13-1,SMG,13,fitted,7.050000000000001,0.1349437154042703
SMG+SR13-1,SMG,13,fitted,7.1000000000000005,0.13512994680357365
SMG+SR13-1,SMG,13,fitted,7.15,0.135303426709237
SMG+SR13-1,SMG,13,fitted,7.2,0.13546499244083612
SMG+SR13-1,SMG,13,fitted,7.25,0.13561543119733246
SMG+SR13-1,SMG,13,fitted,7.300000000000001,0.13575548238532986
SMG+SR13-1,SMG,13,fitted,7.3500000000000005,0.13588583993775227
SMG+SR13-1,SMG,13,fitted,7.4,0.13600715460499765
SMG+SR13-1,SMG,13,fitted,7.45,0.1361200362039217
SMG+SR13-1,SMG,13,fitted,7.5,0.1362250558128899
SMG+SR13-1,SMG,13,fitted,7.550000000000001,0.13632274790364424
SMG+SR13-1,SMG,13,fitted,7.6000000000000005,0.13641361240289684
SMG+SR13-1,SMG,13,fitted,7.65,0.1364981166784239
SMG+SR13-1,SMG,13,fitted,7.7,0.13657669744601758
SMG+SR13-1,SMG,13,fitted,7.75,0.1366497625949977
SMG+SR13-1,SMG,13,fitted,7.800000000000001,0.13671769293111313
SMG+SR13-1,SMG,13,fitted,7.8500000000000005,0.1367808438366017
SMG+SR13-1,SMG,13,fitted,7.9,0.1368395468479523
SMG+SR13-1,SMG,13,fitted,7.95,0.13689411115254574
SMG+SR13-1,SMG,13,fitted,8,0.13694482500585542
SMG+SR13-1,SMG,13,fitted,8.05,0.1369919570712918
SMG+SR13-1,SMG,13,fitted,8.1,0.13703575768508267
SMG+SR13-1,SMG,13,fitted,8.15,0.13707646004881102
SMG+SR13-1,SMG,13,fitted,8.200000000000001,0.13711428135239992
SMG+SR13-1,SMG,13,fitted,8.25,0.1371494238304391
SMG+SR13-1,SMG,13,fitted,8.3,0.13718207575481467
SMG+SR13-1,SMG,13,fitted,8.35,0.1372124123666244
SMG+SR13-1,SMG,13,fitted,8.4,0.13724059675035516
SMG+SR13-1,SMG,13,fitted,8.450000000000001,0.13726678065326486
SMG+SR13-1,SMG,13,fitted,8.5,0.13729110525285787
SMG+SR13-1,SMG,13,fitted,8.55,0.13731370187527156
SMG+SR13-1,SMG,13,fitted,8.6,0.13733469266730938
SMG+SR13-1,SMG,13,fitted,8.65,0.13735419122476306
SMG+SR13-1,SMG,13,fitted,8.700000000000001,0.13737230317956625
SMG+SR13-1,SMG,13,fitted,8.75,0.13738912674821957
SMG+SR13-1,SMG,13,fitted,8.8,0.13740475324381796
SMG+SR13-1,SMG,13,fitted,8.85,0.1374192675539047
SMG+SR13-1,SMG,13,fitted,8.9,0.13743274858626772
SMG+SR13-1,SMG,13,fitted,8.950000000000001,0.13744526968468607
SMG+SR13-1,SMG,13,fitted,9,0.1374568990165298
SMG+SR13-1,SMG,13,fitted,9.05,0.13746769993401287
SMG+SR13-1,SMG,13,fitted,9.1,0.13747773131079916
SMG+SR13-1,SMG,13,fitted,9.15,0.1374870478555643
SMG+SR13-1,SMG,13,fitted,9.200000000000001,0.13749570040402354
SMG+SR13-1,SMG,13,fitted,9.25,0.1375037361908462
SMG+SR13-1,SMG,13,fitted,9.3,0.13751119910279141
SMG+SR13-1,SMG,13,fitted,9.35,0.13751812991431925
SMG+SR13-1,SMG,13,fitted,9.4,0.13752456650685257
SMG+SR13-1,SMG,13,fitted,9.450000000000001,0.13753054407279222
SMG+SR13-1,SMG,13,fitted,9.5,0.1375360953053179
SMG+SR13-1,SMG,13,fitted,9.55,0.13754125057494127
SMG+SR13-1,SMG,13,fitted,9.600000000000001,0.13754603809371518
SMG+SR13-1,SMG,13,fitted,9.65,0.1375504840679443
SMG+SR13-1,SMG,13,fitted,9.700000000000001,0.13755461284018694
SMG+SR13-1,SMG,13,fitted,9.75,0.13755844702128636
SMG+SR13-1,SMG,13,fitted,9.8,0.13756200761311915
SMG+SR13-1,SMG,13,fitted,9.850000000000001,0.13756531412270467
SMG+SR13-1,SMG,13,fitted,9.9,0.13756838466827426
SMG+SR13-1,SMG,13,fitted,9.950000000000001,0.13757123607786004
SMG+SR13-1,SMG,13,fitted,10,0.1375738839809239
SMG+SR13-1,SMG,13,observed,0,0.031733333
SMG+SR13-1,SMG,13,observed,1,0.015
SMG+SR13-1,SMG,13,observed,2,0.0213
SMG+SR13-1,SMG,13,observed,3,0.0316
SMG+SR13-1,SMG,13,observed,4.5,0.080416668
SMG+SR13-1,SMG,13,observed,6,0.123216666
SMG+SR13-1,SMG,13,observed,7.5,0.136266661
SMG+SR13-1,SMG,13,observed,9,0.13906667
SMG+SR13-1,SMG,13,observed,10,0.137766668
SMG+SR13-2,SMG,13,fitted,0,0.023263438130661337
SMG+SR13-2,SMG,13,fitted,0.05,0.02328044789566936
SMG+SR13-2,SMG,13,fitted,0.1,0.023298666020214884
SMG+SR13-2,SMG,13,fitted,0.15000000000000002,0.02331817791276193
SMG+SR13-2,SMG,13,fitted,0.2,0.02333907495483252
SMG+SR13-2,SMG,13,fitted,0.25,0.023361454909334646
SMG+SR13-2,SMG,13,fitted,0.30000000000000004,0.02338542235541249
SMG+SR13-2,SMG,13,fitted,0.35000000000000003,0.023411089151332817
SMG+SR13-2,SMG,13,fitted,0.4,0.023438574926975545
SMG+SR13-2,SMG,13,fitted,0.45,0.02346800760754671
SMG+SR13-2,SMG,13,fitted,0.5,0.023499523970177353
SMG+SR13-2,SMG,13,fitted,0.55,0.023533270235110607
SMG+SR13-2,SMG,13,fitted,0.6000000000000001,0.023569402693209833
SMG+SR13-2,SMG,13,fitted,0.65,0.023608088371540863
SMG+SR13-2,SMG,13,fitted,0.7000000000000001,0.023649505738789007
SMG+SR13-2,SMG,13,fitted,0.75,0.023693845452263742
SMG+SR13-2,SMG,13,fitted,0.8,0.02374131114821772
SMG+SR13-2,SMG,13,fitted,0.8500000000000001,0.023792120277158327
SMG+SR13-2,SMG,13,fitted,0.9,0.023846504985755648
SMG+SR13-2,SMG,13,fitted,0.9500000000000001,0.023904713046845296
SMG+SR13-2,SMG,13,fitted,1,0.02396700883888324
SMG+SR13-2,SMG,13,fitted,1.05,0.024033674376026454
SMG+SR13-2,SMG,13,fitted,1.1,0.02410501038978119
SMG+SR13-2,SMG,13,fitted,1.1500000000000001,0.024181337462872498
SMG+SR13-2,SMG,13,fitted,1.2000000000000002,0.024262997215636063
SMG+SR13-2,SMG,13,fitted,1.25,0.024350353544807073
SMG+SR13-2,SMG,13,fitted,1.3,0.024443793914070536
SMG+SR13-2,SMG,13,fitted,1.35,0.024543730695132014
SMG+SR13-2,SMG,13,fitted,1.4000000000000001,0.024650602557354885
SMG+SR13-2,SMG,13,fitted,1.4500000000000002,0.024764875903176595
SMG+SR13-2,SMG,13,fitted,1.5,0.024887046345547708
SMG+SR13-2,SMG,13,fitted,1.55,0.025017640222518494
SMG+SR13-2,SMG,13,fitted,1.6,0.02515721614281242
SMG+SR13-2,SMG,13,fitted,1.6500000000000001,0.025306366554757088
SMG+SR13-2,SMG,13,fitted,1.7000000000000002,0.02546571932927384
SMG+SR13-2,SMG,13,fitted,1.75,0.02563593934574006
SMG+SR13-2,SMG,13,fitted,1.8,0.025817730067415633
SMG+SR13-2,SMG,13,fitted,1.85,0.026011835090751244
SMG+SR13-2,SMG,13,fitted,1.9000000000000001,0.026219039650256383
SMG+SR13-2,SMG,13,fitted,1.9500000000000002,0.026440172057686184
SMG+SR13-2,SMG,13,fitted,2,0.026676105051100702
SMG+SR13-2,SMG,13,fitted,2.0500000000000003,0.026927757025852872
SMG+SR13-2,SMG,13,fitted,2.1,0.02719609311577526
SMG+SR13-2,SMG,13,fitted,2.15,0.02748212608877058
SMG+SR13-2,SMG,13,fitted,2.2,0.02778691701668802
SMG+SR13-2,SMG,13,fitted,2.25,0.02811157567481923
SMG+SR13-2,SMG,13,fitted,2.3000000000000003,0.028457260621623924
SMG+SR13-2,SMG,13,fitted,2.35,0.02882517890446069
SMG+SR13-2,SMG,13,fitted,2.4000000000000004,0.02921658533224358
SMG+SR13-2,SMG,13,fitted,2.45,0.02963278125118038
SMG+SR13-2,SMG,13,fitted,2.5,0.030075112755215926
SMG+SR13-2,SMG,13,fitted,2.5500000000000003,0.03054496825867436
SMG+SR13-2,SMG,13,fitted,2.6,0.03104377535507341
SMG+SR13-2,SMG,13,fitted,2.6500000000000004,0.031572996883413355
SMG+SR13-2,SMG,13,fitted,2.7,0.03213412612170079
SMG+SR13-2,SMG,13,fitted,2.75,0.03272868102736966
SMG+SR13-2,SMG,13,fitted,2.8000000000000003,0.03335819744595736
SMG+SR13-2,SMG,13,fitted,2.85,0.03402422121326404
SMG+SR13-2,SMG,13,fitted,2.9000000000000004,0.034728299082670396
SMG+SR13-2,SMG,13,fitted,2.95,0.03547196841872792
SMG+SR13-2,SMG,13,fitted,3,0.036256745610976394
SMG+SR13-2,SMG,13,fitted,3.0500000000000003,0.0370841131785726
SMG+SR13-2,SMG,13,fitted,3.1,0.03795550555707134
SMG+SR13-2,SMG,13,fitted,3.1500000000000004,0.0388722935838428
SMG+SR13-2,SMG,13,fitted,3.2,0.039835767728289055
SMG+SR13-2,SMG,13,fitted,3.25,0.040847120147231825
SMG+SR13-2,SMG,13,fitted,3.3000000000000003,0.04190742568439133
SMG+SR13-2,SMG,13,fitted,3.35,0.04301762197533619
SMG+SR13-2,SMG,13,fitted,3.4000000000000004,0.04417848886496285
SMG+SR13-2,SMG,13,fitted,3.45,0.04539062739246529
SMG+SR13-2,SMG,13,fitted,3.5,0.04665443864756498
SMG+SR13-2,SMG,13,fitted,3.5500000000000003,0.04797010284984249
SMG+SR13-2,SMG,13,fitted,3.6,0.049337559048388255
SMG+SR13-2,SMG,13,fitted,3.6500000000000004,0.050756485879437166
SMG+SR13-2,SMG,13,fitted,3.7,0.05222628385272658
SMG+SR13-2,SMG,13,fitted,3.75,0.05374605966046689
SMG+SR13-2,SMG,13,fitted,3.8000000000000003,0.05531461301349519
SMG+SR13-2,SMG,13,fitted,3.85,0.05693042650502343
SMG+SR13-2,SMG,13,fitted,3.9000000000000004,0.05859165898135925
SMG+SR13-2,SMG,13,fitted,3.95,0.060296142859561724
SMG+SR13-2,SMG,13,fitted,4,0.06204138577339499
SMG+SR13-2,SMG,13,fitted,4.05,0.06382457685122633
SMG+SR13-2,SMG,13,fitted,4.1000000000000005,0.06564259783374565
SMG+SR13-2,SMG,13,fitted,4.15,0.06749203912769211
SMG+SR13-2,SMG,13,fitted,4.2,0.06936922076736812
SMG+SR13-2,SMG,13,fitted,4.25,0.07127021812280529
SMG+SR13-2,SMG,13,fitted,4.3,0.07319089205706988
SMG+SR13-2,SMG,13,fitted,4.3500000000000005,0.07512692310100567
SMG+SR13-2,SMG,13,fitted,4.4,0.07707384908765405
SMG+SR13-2,SMG,13,fitted,4.45,0.07902710557654906
SMG+SR13-2,SMG,13,fitted,4.5,0.08098206830550111
SMG+SR13-2,SMG,13,fitted,4.55,0.0829340968389987
SMG+SR13-2,SMG,13,fitted,4.6000000000000005,0.0848785785414741
SMG+SR13-2,SMG,13,fitted,4.65,0.08681097199252154
SMG+SR13-2,SMG,13,fitted,4.7,0.0887268489803084
SMG+SR13-2,SMG,13,fitted,4.75,0.09062193425787687
SMG+SR13-2,SMG,13,fitted,4.800000000000001,0.09249214232229559
SMG+SR13-2,SMG,13,fitted,4.8500000000000005,0.09433361057484659
SMG+SR13-2,SMG,13,fitted,4.9,0.09614272833674223
SMG+SR13-2,SMG,13,fitted,4.95,0.09791616132365928
SMG+SR13-2,SMG,13,fitted,5,0.09965087131772005
SMG+SR13-2,SMG,13,fitted,5.050000000000001,0.10134413091153965
SMG+SR13-2,SMG,13,fitted,5.1000000000000005,0.10299353333008232
SMG+SR13-2,SMG,13,fitted,5.15,0.10459699745747764
SMG+SR13-2,SMG,13,fitted,5.2,0.10615276830369172
SMG+SR13-2,SMG,13,fitted,5.25,0.10765941323710038
SMG+SR13-2,SMG,13,fitted,5.300000000000001,0.10911581438172527
SMG+SR13-2,SMG,13,fitted,5.3500000000000005,0.1105211576313827
SMG+SR13-2,SMG,13,fitted,5.4,0.11187491876743134
SMG+SR13-2,SMG,13,fitted,5.45,0.11317684718319877
SMG+SR13-2,SMG,13,fitted,5.5,0.11442694771818071
SMG+SR13-2,SMG,13,fitted,5.550000000000001,0.11562546109088279
SMG+SR13-2,SMG,13,fitted,5.6000000000000005,0.116772843393146
SMG+SR13-2,SMG,13,fitted,5.65,0.11786974507352435
SMG+SR13-2,SMG,13,fitted,5.7,0.11891698979529895
SMG+SR13-2,SMG,13,fitted,5.75,0.11991555350841743
SMG+SR13-2,SMG,13,fitted,5.800000000000001,0.12086654402620123
SMG+SR13-2,SMG,13,fitted,5.8500000000000005,0.12177118134894825
SMG+SR13-2,SMG,13,fitted,5.9,0.12263077892913003
SMG+SR13-2,SMG,13,fitted,5.95,0.12344672602797231
SMG+SR13-2,SMG,13,fitted,6,0.12422047127172811
SMG+SR13-2,SMG,13,fitted,6.050000000000001,0.12495350747852231
SMG+SR13-2,SMG,13,fitted,6.1000000000000005,0.12564735779362632
SMG+SR13-2,SMG,13,fitted,6.15,0.12630356314255173
SMG+SR13-2,SMG,13,fitted,6.2,0.12692367098738858
SMG+SR13-2,SMG,13,fitted,6.25,0.1275092253521794
SMG+SR13-2,SMG,13,fitted,6.300000000000001,0.1280617580675303
SMG+SR13-2,SMG,13,fitted,6.3500000000000005,0.12858278117275893
SMG+SR13-2,SMG,13,fitted,6.4,0.1290737804052723
SMG+SR13-2,SMG,13,fitted,6.45,0.12953620970114516
SMG+SR13-2,SMG,13,fitted,6.5,0.1299714866276108
SMG+SR13-2,SMG,13,fitted,6.550000000000001,0.13038098866699369
SMG+SR13-2,SMG,13,fitted,6.6000000000000005,0.13076605027212534
SMG+SR13-2,SMG,13,fitted,6.65,0.1311279606151558
SMG+SR13-2,SMG,13,fitted,6.7,0.13146796195459307
SMG+SR13-2,SMG,13,fitted,6.75,0.13178724854910925
SMG+SR13-2,SMG,13,fitted,6.800000000000001,0.13208696605090395
SMG+SR13-2,SMG,13,fitted,6.8500000000000005,0.13236821131602702
SMG+SR13-2,SMG,13,fitted,6.9,0.13263203257386338
SMG+SR13-2,SMG,13,fitted,6.95,0.1328794299028413
SMG+SR13-2,SMG,13,fitted,7,0.133111355964239
SMG+SR13-2,SMG,13,fitted,7.050000000000001,0.13332871695064752
SMG+SR13-2,SMG,13,fitted,7.1000000000000005,0.13353237371014
SMG+SR13-2,SMG,13,fitted,7.15,0.13372314301145496
SMG+SR13-2,SMG,13,fitted,7.2,0.1339017989194942
SMG+SR13-2,SMG,13,fitted,7.25,0.13406907425414596
SMG+SR13-2,SMG,13,fitted,7.300000000000001,0.1342256621088645
SMG+SR13-2,SMG,13,fitted,7.3500000000000005,0.13437221740856484
SMG+SR13-2,SMG,13,fitted,7.4,0.13450935848923765
SMG+SR13-2,SMG,13,fitted,7.45,0.1346376686842547
SMG+SR13-2,SMG,13,fitted,7.5,0.13475769790464295
SMG+SR13-2,SMG,13,fitted,7.550000000000001,0.13486996420266303
SMG+SR13-2,SMG,13,fitted,7.6000000000000005,0.13497495530985576
SMG+SR13-2,SMG,13,fitted,7.65,0.13507313014233552
SMG+SR13-2,SMG,13,fitted,7.7,0.13516492026752663
SMG+SR13-2,SMG,13,fitted,7.75,0.13525073132778007
SMG+SR13-2,SMG,13,fitted,7.800000000000001,0.1353309444173844
SMG+SR13-2,SMG,13,fitted,7.8500000000000005,0.1354059174104168
SMG+SR13-2,SMG,13,fitted,7.9,0.1354759862376802
SMG+SR13-2,SMG,13,fitted,7.95,0.1355414661116561
SMG+SR13-2,SMG,13,fitted,8,0.13560265269898084
SMG+SR13-2,SMG,13,fitted,8.05,0.13565982324044112
SMG+SR13-2,SMG,13,fitted,8.1,0.13571323761888995
SMG+SR13-2,SMG,13,fitted,8.15,0.1357631393758185
SMG+SR13-2,SMG,13,fitted,8.200000000000001,0.13580975667759265
SMG+SR13-2,SMG,13,fitted,8.25,0.13585330323258124
SMG+SR13-2,SMG,13,fitted,8.3,0.13589397916057339
SMG+SR13-2,SMG,13,fitted,8.35,0.13593197181601582
SMG+SR13-2,SMG,13,fitted,8.4,0.13596745656669595
SMG+SR13-2,SMG,13,fitted,8.450000000000001,0.13600059752956367
SMG+SR13-2,SMG,13,fitted,8.5,0.13603154826542846
SMG+SR13-2,SMG,13,fitted,8.55,0.13606045243428755
SMG+SR13-2,SMG,13,fitted,8.6,0.13608744441304577
SMG+SR13-2,SMG,13,fitted,8.65,0.13611264987737548
SMG+SR13-2,SMG,13,fitted,8.700000000000001,0.13613618634944247
SMG+SR13-2,SMG,13,fitted,8.75,0.13615816371319067
SMG+SR13-2,SMG,13,fitted,8.8,0.13617868469883748
SMG+SR13-2,SMG,13,fitted,8.85,0.13619784533818519
SMG+SR13-2,SMG,13,fitted,8.9,0.1362157353923027
SMG+SR13-2,SMG,13,fitted,8.950000000000001,0.13623243875307656
SMG+SR13-2,SMG,13,fitted,9,0.13624803382007308
SMG+SR13-2,SMG,13,fitted,9.05,0.1362625938540959
SMG+SR13-2,SMG,13,fitted,9.1,0.13627618730876234
SMG+SR13-2,SMG,13,fitted,9.15,0.13628887814136378
SMG+SR13-2,SMG,13,fitted,9.200000000000001,0.1363007261042152
SMG+SR13-2,SMG,13,fitted,9.25,0.13631178701764196
SMG+SR13-2,SMG,13,fitted,9.3,0.136322113025693
SMG+SR13-2,SMG,13,fitted,9.35,0.136331752835616
SMG+SR13-2,SMG,13,fitted,9.4,0.13634075194207368
SMG+SR13-2,SMG,13,fitted,9.450000000000001,0.1363491528370299
SMG+SR13-2,SMG,13,fitted,9.5,0.13635699520618216
SMG+SR13-2,SMG,13,fitted,9.55,0.1363643161127698
SMG+SR13-2,SMG,13,fitted,9.600000000000001,0.13637115016953943
SMG+SR13-2,SMG,13,fitted,9.65,0.13637752969960532
SMG+SR13-2,SMG,13,fitted,9.700000000000001,0.13638348488689975
SMG+SR13-2,SMG,13,fitted,9.75,0.1363890439168675
SMG+SR13-2,SMG,13,fitted,9.8,0.13639423310802
SMG+SR13-2,SMG,13,fitted,9.850000000000001,0.136399077034929
SMG+SR13-2,SMG,13,fitted,9.9,0.13640359864320284
SMG+SR13-2,SMG,13,fitted,9.950000000000001,0.13640781935695823
SMG+SR13-2,SMG,13,fitted,10,0.13641175917926615
SMG+SR13-2,SMG,13,observed,0,0.032933333
SMG+SR13-2,SMG,13,observed,1,0.016816665
SMG+SR13-2,SMG,13,observed,2,0.023999998
SMG+SR13-2,SMG,13,observed,3,0.035533333
SMG+SR13-2,SMG,13,observed,4.5,0.083166668
SMG+SR13-2,SMG,13,observed,6,0.119966665
SMG+SR13-2,SMG,13,observed,7.5,0.138833334
SMG+SR13-2,SMG,13,observed,9,0.136433335
SMG+SR13-2,SMG,13,observed,10,0.135099997
SMG+SR13-3,SMG,13,fitted,0,0.023380890499264492
SMG+SR13-3,SMG,13,fitted,0.05,0.023389445098334197
SMG+SR13-3,SMG,13,fitted,0.1,0.023398691314569495
SMG+SR13-3,SMG,13,fitted,0.15000000000000002,0.023408684932767675
SMG+SR13-3,SMG,13,fitted,0.2,0.023419486215246147
SMG+SR13-3,SMG,13,fitted,0.25,0.0234311602575223
SMG+SR13-3,SMG,13,fitted,0.30000000000000004,0.023443777371622444
SMG+SR13-3,SMG,13,fitted,0.35000000000000003,0.023457413499060085
SMG+SR13-3,SMG,13,fitted,0.4,0.023472150655656155
SMG+SR13-3,SMG,13,fitted,0.45,0.023488077410511538
SMG+SR13-3,SMG,13,fitted,0.5,0.02350528940158487
SMG+SR13-3,SMG,13,fitted,0.55,0.02352388989047545
SMG+SR13-3,SMG,13,fitted,0.6000000000000001,0.02354399035916138
SMG+SR13-3,SMG,13,fitted,0.65,0.02356571115159588
SMG+SR13-3,SMG,13,fitted,0.7000000000000001,0.02358918216321819
SMG+SR13-3,SMG,13,fitted,0.75,0.023614543581588595
SMG+SR13-3,SMG,13,fitted,0.8,0.023641946681507164
SMG+SR13-3,SMG,13,fitted,0.8500000000000001,0.02367155467812042
SMG+SR13-3,SMG,13,fitted,0.9,0.02370354364165608
SMG+SR13-3,SMG,13,fitted,0.9500000000000001,0.023738103477549642
SMG+SR13-3,SMG,13,fitted,1,0.023775438975832702
SMG+SR13-3,SMG,13,fitted,1.05,0.02381577093373684
SMG+SR13-3,SMG,13,fitted,1.1,0.023859337355521402
SMG+SR13-3,SMG,13,fitted,1.1500000000000001,0.02390639473355124
SMG+SR13-3,SMG,13,fitted,1.2000000000000002,0.023957219414622397
SMG+SR13-3,SMG,13,fitted,1.25,0.024012109055448993
SMG+SR13-3,SMG,13,fitted,1.3,0.02407138417107135
SMG+SR13-3,SMG,13,fitted,1.35,0.024135389779708777
SMG+SR13-3,SMG,13,fitted,1.4000000000000001,0.02420449714724461
SMG+SR13-3,SMG,13,fitted,1.4500000000000002,0.024279105634076807
SMG+SR13-3,SMG,13,fitted,1.5,0.02435964464647298
SMG+SR13-3,SMG,13,fitted,1.55,0.02444657569380997
SMG+SR13-3,SMG,13,fitted,1.6,0.02454039455212693
SMG+SR13-3,SMG,13,fitted,1.6500000000000001,0.024641633533246155
SMG+SR13-3,SMG,13,fitted,1.7000000000000002,0.024750863857282826
SMG+SR13-3,SMG,13,fitted,1.75,0.024868698124634832
SMG+SR13-3,SMG,13,fitted,1.8,0.024995792881473904
SMG+SR13-3,SMG,13,fitted,1.85,0.025132851270303843
SMG+SR13-3,SMG,13,fitted,1.9000000000000001,0.02528062575425985
SMG+SR13-3,SMG,13,fitted,1.9500000000000002,0.025439920900442455
SMG+SR13-3,SMG,13,fitted,2,0.025611596203653872
SMG+SR13-3,SMG,13,fitted,2.0500000000000003,0.025796568927377427
SMG+SR13-3,SMG,13,fitted,2.1,0.02599581693365406
SMG+SR13-3,SMG,13,fitted,2.15,0.026210381467609133
SMG+SR13-3,SMG,13,fitted,2.2,0.026441369855717163
SMG+SR13-3,SMG,13,fitted,2.25,0.026689958069418963
SMG+SR13-3,SMG,13,fitted,2.3000000000000003,0.026957393097395463
SMG+SR13-3,SMG,13,fitted,2.35,0.02724499506064191
SMG+SR13-3,SMG,13,fitted,2.4000000000000004,0.027554158994488393
SMG+SR13-3,SMG,13,fitted,2.45,0.027886356210920612
SMG+SR13-3,SMG,13,fitted,2.5,0.028243135143054706
SMG+SR13-3,SMG,13,fitted,2.5500000000000003,0.028626121561548677
SMG+SR13-3,SMG,13,fitted,2.6,0.02903701804029139
SMG+SR13-3,SMG,13,fitted,2.6500000000000004,0.02947760253617608
SMG+SR13-3,SMG,13,fitted,2.7,0.029949725935506148
SMG+SR13-3,SMG,13,fitted,2.75,0.030455308408069176
SMG+SR13-3,SMG,13,fitted,2.8000000000000003,0.030996334399739058
SMG+SR13-3,SMG,13,fitted,2.85,0.03157484608634337
SMG+SR13-3,SMG,13,fitted,2.9000000000000004,0.032192935106316684
SMG+SR13-3,SMG,13,fitted,2.95,0.03285273238834133
SMG+SR13-3,SMG,13,fitted,3,0.03355639589387868
SMG+SR13-3,SMG,13,fitted,3.0500000000000003,0.034306096104455404
SMG+SR13-3,SMG,13,fitted,3.1,0.03510399910111504
SMG+SR13-3,SMG,13,fitted,3.1500000000000004,0.03595224710994002
SMG+SR13-3,SMG,13,fitted,3.2,0.0368529364243272
SMG+SR13-3,SMG,13,fitted,3.25,0.03780809266298158
SMG+SR13-3,SMG,13,fitted,3.3000000000000003,0.03881964338336638
SMG+SR13-3,SMG,13,fitted,3.35,0.039889388144239285
SMG+SR13-3,SMG,13,fitted,3.4000000000000004,0.04101896619802298
SMG+SR13-3,SMG,13,fitted,3.45,0.04220982209352345
SMG+SR13-3,SMG,13,fitted,3.5,0.04346316958049201
SMG+SR13-3,SMG,13,fitted,3.5500000000000003,0.04477995432727952
SMG+SR13-3,SMG,13,fitted,3.6,0.04616081608777457
SMG+SR13-3,SMG,13,fitted,3.6500000000000004,0.04760605107916015
SMG+SR13-3,SMG,13,fitted,3.7,0.04911557545177868
SMG+SR13-3,SMG,13,fitted,3.75,0.050688890839492406
SMG+SR13-3,SMG,13,fitted,3.8000000000000003,0.05232505306544871
SMG+SR13-3,SMG,13,fitted,3.85,0.054022645135735264
SMG+SR13-3,SMG,13,fitted,3.9000000000000004,0.05577975567372122
SMG+SR13-3,SMG,13,fitted,3.95,0.0575939639233216
SMG+SR13-3,SMG,13,fitted,4,0.05946233237383676
SMG+SR13-3,SMG,13,fitted,4.05,0.061381407928462875
SMG+SR13-3,SMG,13,fitted,4.1000000000000005,0.06334723235205238
SMG+SR13-3,SMG,13,fitted,4.15,0.06535536249377497
SMG+SR13-3,SMG,13,fitted,4.2,0.0674009004934601
SMG+SR13-3,SMG,13,fitted,4.25,0.06947853385703741
SMG+SR13-3,SMG,13,fitted,4.3,0.07158258494076382
SMG+SR13-3,SMG,13,fitted,4.3500000000000005,0.0737070690329305
SMG+SR13-3,SMG,13,fitted,4.4,0.07584575988449258
SMG+SR13-3,SMG,13,fitted,4.45,0.07799226123610037
SMG+SR13-3,SMG,13,fitted,4.5,0.08014008263686978
SMG+SR13-3,SMG,13,fitted,4.55,0.08228271766587893
SMG+SR13-3,SMG,13,fitted,4.6000000000000005,0.084413722562795293
SMG+SR13-3,SMG,13,fitted,4.65,0.08652679325613374
SMG+SR13-3,SMG,13,fitted,4.7,0.08861583884760929
SMG+SR13-3,SMG,13,fitted,4.75,0.09067504976423972
SMG+SR13-3,SMG,13,fitted,4.800000000000001,0.09269895901624305
SMG+SR13-3,SMG,13,fitted,4.8500000000000005,0.09468249528385278
SMG+SR13-3,SMG,13,fitted,4.9,0.09662102688226669
SMG+SR13-3,SMG,13,fitted,4.95,0.09851039600172064
SMG+SR13-3,SMG,13,fitted,5,0.10034694296974114
SMG+SR13-3,SMG,13,fitted,5.050000000000001,0.10212752061694959
SMG+SR13-3,SMG,13,fitted,5.1000000000000005,0.10384949913093289
SMG+SR13-3,SMG,13,fitted,5.15,0.10551076204266063
SMG+SR13-3,SMG,13,fitted,5.2,0.10710969419861985
SMG+SR13-3,SMG,13,fitted,5.25,0.10864516272514924
SMG+SR13-3,SMG,13,fitted,5.300000000000001,0.11011649208900041
SMG+SR13-3,SMG,13,fitted,5.3500000000000005,0.11152343440276284
SMG+SR13-3,SMG,13,fitted,5.4,0.11286613612081542
SMG+SR13-3,SMG,13,fitted,5.45,0.11414510222802039
SMG+SR13-3,SMG,13,fitted,5.5,0.11536115894756842
SMG+SR13-3,SMG,13,fitted,5.550000000000001,0.11651541589463624
SMG+SR13-3,SMG,13,fitted,5.6000000000000005,0.11760922848698853
SMG+SR13-3,SMG,13,fitted,5.65,0.11864416129979054
SMG+SR13-3,SMG,13,fitted,5.7,0.11962195292614666
SMG+SR13-3,SMG,13,fitted,5.75,0.12054448278252505
SMG+SR13-3,SMG,13,fitted,5.800000000000001,0.12141374018333295
SMG+SR13-3,SMG,13,fitted,5.8500000000000005,0.1222317959043701
SMG+SR13-3,SMG,13,fitted,5.9,0.12300077636252628
SMG+SR13-3,SMG,13,fitted,5.95,0.12372284045981576
SMG+SR13-3,SMG,13,fitted,6,0.12440015907379813
SMG+SR13-3,SMG,13,fitted,6.050000000000001,0.12503489712319268
SMG+SR13-3,SMG,13,fitted,6.1000000000000005,0.12562919809618828
SMG+SR13-3,SMG,13,fitted,6.15,0.12618517089844428
SMG+SR13-3,SMG,13,fitted,6.2,0.12670487885676865
SMG+SR13-3,SMG,13,fitted,6.25,0.1271903307015869
SMG+SR13-3,SMG,13,fitted,6.300000000000001,0.12764347334523102
SMG+SR13-3,SMG,13,fitted,6.3500000000000005,0.1280661862725042
SMG+SR13-3,SMG,13,fitted,6.4,0.12846027736374055
SMG+SR13-3,SMG,13,fitted,6.45,0.1288274799776345
SMG+SR13-3,SMG,13,fitted,6.5,0.12916945113055192
SMG+SR13-3,SMG,13,fitted,6.550000000000001,0.12948777062008418
SMG+SR13-3,SMG,13,fitted,6.6000000000000005,0.129783940952624
SMG+SR13-3,SMG,13,fitted,6.65,0.1300593879472169
SMG+SR13-3,SMG,13,fitted,6.7,0.13031546190045715
SMG+SR13-3,SMG,13,fitted,6.75,0.13055343920944795
SMG+SR13-3,SMG,13,fitted,6.800000000000001,0.1307745243615969
SMG+SR13-3,SMG,13,fitted,6.8500000000000005,0.13097985221110933
SMG+SR13-3,SMG,13,fitted,6.9,0.1311704904723702
SMG+SR13-3,SMG,13,fitted,6.95,0.13134744236990692
SMG+SR13-3,SMG,13,fitted,7,0.13151164939328167
SMG+SR13-3,SMG,13,fitted,7.050000000000001,0.13166399411307025
SMG+SR13-3,SMG,13,fitted,7.1000000000000005,0.13180530302107332
SMG+SR13-3,SMG,13,fitted,7.15,0.13193634936411158
SMG+SR13-3,SMG,13,fitted,7.2,0.13205785594622485
SMG+SR13-3,SMG,13,fitted,7.25,0.13217049787888432
SMG+SR13-3,SMG,13,fitted,7.300000000000001,0.13227490526298805
SMG+SR13-3,SMG,13,fitted,7.3500000000000005,0.13237166579000603
SMG+SR13-3,SMG,13,fitted,7.4,0.13246132725272367
SMG+SR13-3,SMG,13,fitted,7.45,0.13254439995865835
SMG+SR13-3,SMG,13,fitted,7.5,0.1326213590414454
SMG+SR13-3,SMG,13,fitted,7.550000000000001,0.13269264666735064
SMG+SR13-3,SMG,13,fitted,7.6000000000000005,0.13275867413561662
SMG+SR13-3,SMG,13,fitted,7.65,0.1328198238726237
SMG+SR13-3,SMG,13,fitted,7.7,0.1328764513208858
SMG+SR13-3,SMG,13,fitted,7.75,0.13292888672473296
SMG+SR13-3,SMG,13,fitted,7.800000000000001,0.1329774368151918
SMG+SR13-3,SMG,13,fitted,7.8500000000000005,0.13302238639708203
SMG+SR13-3,SMG,13,fitted,7.9,0.1330639998417299
SMG+SR13-3,SMG,13,fitted,7.95,0.13310252248897353
SMG+SR13-3,SMG,13,fitted,8,0.13313818196231966
SMG+SR13-3,SMG,13,fitted,8.05,0.13317118940122405
SMG+SR13-3,SMG,13,fitted,8.1,0.13320174061451504
SMG+SR13-3,SMG,13,fitted,8.15,0.1332300171589819
SMG+SR13-3,SMG,13,fitted,8.200000000000001,0.13325618734710679
SMG+SR13-3,SMG,13,fitted,8.25,0.13328040718784812
SMG+SR13-3,SMG,13,fitted,8.3,0.13330282126428383
SMG+SR13-3,SMG,13,fitted,8.35,0.1333235635518071
SMG+SR13-3,SMG,13,fitted,8.4,0.13334275818043467
SMG+SR13-3,SMG,13,fitted,8.450000000000001,0.13336052014464717
SMG+SR13-3,SMG,13,fitted,8.5,0.1333769559640317
SMG+SR13-3,SMG,13,fitted,8.55,0.13339216429784642
SMG+SR13-3,SMG,13,fitted,8.6,0.13340623651647088
SMG+SR13-3,SMG,13,fitted,8.65,0.13341925723255516
SMG+SR13-3,SMG,13,fitted,8.700000000000001,0.13343130479452758
SMG+SR13-3,SMG,13,fitted,8.75,0.13344245174497324
SMG+SR13-3,SMG,13,fitted,8.8,0.13345276524625072
SMG+SR13-3,SMG,13,fitted,8.85,0.13346230747557516
SMG+SR13-3,SMG,13,fitted,8.9,0.1334711359916609
SMG+SR13-3,SMG,13,fitted,8.950000000000001,0.13347930407488726
SMG+SR13-3,SMG,13,fitted,9,0.13348686104282925
SMG+SR13-3,SMG,13,fitted,9.05,0.13349385254287535
SMG+SR13-3,SMG,13,fitted,9.1,0.1335003208235451
SMG+SR13-3,SMG,13,fitted,9.15,0.13350630498601207
SMG+SR13-3,SMG,13,fitted,9.200000000000001,0.13351184121723786
SMG+SR13-3,SMG,13,fitted,9.25,0.1335169630060299
SMG+SR13-3,SMG,13,fitted,9.3,0.13352170134324495
SMG+SR13-3,SMG,13,fitted,9.35,0.13352608490727866
SMG+SR13-3,SMG,13,fitted,9.4,0.13353014023590148
SMG+SR13-3,SMG,13,fitted,9.450000000000001,0.13353389188542902
SMG+SR13-3,SMG,13,fitted,9.5,0.13353736257814522
SMG+SR13-3,SMG,13,fitted,9.55,0.13354057333883246
SMG+SR13-3,SMG,13,fitted,9.600000000000001,0.13354354362120283
SMG+SR13-3,SMG,13,fitted,9.65,0.13354629142496796
SMG+SR13-3,SMG,13,fitted,9.700000000000001,0.13354883340423251
SMG+SR13-3,SMG,13,fitted,9.75,0.13355118496784774
SMG+SR13-3,SMG,13,fitted,9.8,0.13355336037231558
SMG+SR13-3,SMG,13,fitted,9.850000000000001,0.13355537280779087
SMG+SR13-3,SMG,13,fitted,9.9,0.1335572344776908
SMG+SR13-3,SMG,13,fitted,9.950000000000001,0.13355895667238246
SMG+SR13-3,SMG,13,fitted,10,0.13356054983738638
SMG+SR13-3,SMG,13,observed,0,0.034899999
SMG+SR13-3,SMG,13,observed,1,0.016100001
SMG+SR13-3,SMG,13,observed,2,0.021133333
SMG+SR13-3,SMG,13,observed,3,0.033700001
SMG+SR13-3,SMG,13,observed,4.5,0.081433332
SMG+SR13-3,SMG,13,observed,6,0.121166667
SMG+SR13-3,SMG,13,observed,7.5,0.135833337
SMG+SR13-3,SMG,13,observed,9,0.134266665
SMG+SR13-3,SMG,13,observed,10,0.131999998
SMG+SR19.5-1,SMG,19.5,fitted,0,0.019936263712883942
SMG+SR19.5-1,SMG,19.5,fitted,0.05,0.0199493849435255
SMG+SR19.5-1,SMG,19.5,fitted,0.1,0.019963436958000427
SMG+SR19.5-1,SMG,19.5,fitted,0.15000000000000002,0.019978485512439727
SMG+SR19.5-1,SMG,19.5,fitted,0.2,0.019994600968497252
SMG+SR19.5-1,SMG,19.5,fitted,0.25,0.02001185861004706
SMG+SR19.5-1,SMG,19.5,fitted,0.30000000000000004,0.02003033898079133
SMG+SR19.5-1,SMG,19.5,fitted,0.35000000000000003,0.020050128244030282
SMG+SR19.5-1,SMG,19.5,fitted,0.4,0.020071318565900418
SMG+SR19.5-1,SMG,19.5,fitted,0.45,0.020094008523441606
SMG+SR19.5-1,SMG,19.5,fitted,0.5,0.020118303538906188
SMG+SR19.5-1,SMG,19.5,fitted,0.55,0.020144316341773185
SMG+SR19.5-1,SMG,19.5,fitted,0.6000000000000001,0.020172167459977523
SMG+SR19.5-1,SMG,19.5,fitted,0.65,0.02020198574190588
SMG+SR19.5-1,SMG,19.5,fitted,0.7000000000000001,0.020233908910746914
SMG+SR19.5-1,SMG,19.5,fitted,0.75,0.020268084152811557
SMG+SR19.5-1,SMG,19.5,fitted,0.8,0.020304668741457754
SMG+SR19.5-1,SMG,19.5,fitted,0.8500000000000001,0.020343830698260797
SMG+SR19.5-1,SMG,19.5,fitted,0.9,0.020385749493062794
SMG+SR19.5-1,SMG,19.5,fitted,0.9500000000000001,0.020430616784510133
SMG+SR19.5-1,SMG,19.5,fitted,1,0.02047863720264241
SMG+SR19.5-1,SMG,19.5,fitted,1.05,0.02053002917502673
SMG+SR19.5-1,SMG,19.5,fitted,1.1,0.02058502579783294
SMG+SR19.5-1,SMG,19.5,fitted,1.1500000000000001,0.02064387575311362
SMG+SR19.5-1,SMG,19.5,fitted,1.2000000000000002,0.020706844273381875
SMG+SR19.5-1,SMG,19.5,fitted,1.25,0.020774214154363882
SMG+SR19.5-1,SMG,19.5,fitted,1.3,0.020846286816535164
SMG+SR19.5-1,SMG,19.5,fitted,1.35,0.020923383415721527
SMG+SR19.5-1,SMG,19.5,fitted,1.4000000000000001,0.021005846002649278
SMG+SR19.5-1,SMG,19.5,fitted,1.4500000000000002,0.02109403873085514
SMG+SR19.5-1,SMG,19.5,fitted,1.5,0.021188349111803742
SMG+SR19.5-1,SMG,19.5,fitted,1.55,0.021289189315398582
SMG+SR19.5-1,SMG,19.5,fitted,1.6,0.021396997513298273
SMG+SR19.5-1,SMG,19.5,fitted,1.6500000000000001,0.021512239261550777
SMG+SR19.5-1,SMG,19.5,fitted,1.7000000000000002,0.02163540891801987
SMG+SR19.5-1,SMG,19.5,fitted,1.75,0.021767031088885457
SMG+SR19.5-1,SMG,19.5,fitted,1.8,0.021907662097136776
SMG+SR19.5-1,SMG,19.5,fitted,1.85,0.022057891464429488
SMG+SR19.5-1,SMG,19.5,fitted,1.9000000000000001,0.022218343395927317
SMG+SR19.5-1,SMG,19.5,fitted,1.9500000000000002,0.022389678255781125
SMG+SR19.5-1,SMG,19.5,fitted,2,0.02257259401869737
SMG+SR19.5-1,SMG,19.5,fitted,2.0500000000000003,0.022767827680600504
SMG+SR19.5-1,SMG,19.5,fitted,2.1,0.02297615660868832
SMG+SR19.5-1,SMG,19.5,fitted,2.15,0.023198399808207336
SMG+SR19.5-1,SMG,19.5,fitted,2.2,0.02343541908003288
SMG+SR19.5-1,SMG,19.5,fitted,2.25,0.023688120039627766
SMG+SR19.5-1,SMG,19.5,fitted,2.3000000000000003,0.02395745296418352
SMG+SR19.5-1,SMG,19.5,fitted,2.35,0.02424441343073719
SMG+SR19.5-1,SMG,19.5,fitted,2.4000000000000004,0.024550042703836213
SMG+SR19.5-1,SMG,19.5,fitted,2.45,0.024875427826936344
SMG+SR19.5-1,SMG,19.5,fitted,2.5,0.025221701367225506
SMG+SR19.5-1,SMG,19.5,fitted,2.5500000000000003,0.025590040759049096
SMG+SR19.5-1,SMG,19.5,fitted,2.6,0.02598166718667337
SMG+SR19.5-1,SMG,19.5,fitted,2.6500000000000004,0.026397843942891394
SMG+SR19.5-1,SMG,19.5,fitted,2.7,0.02683987419610791
SMG+SR19.5-1,SMG,19.5,fitted,2.75,0.027309098095223753
SMG+SR19.5-1,SMG,19.5,fitted,2.8000000000000003,0.027806889139098137
SMG+SR19.5-1,SMG,19.5,fitted,2.85,0.02833464973585457
SMG+SR19.5-1,SMG,19.5,fitted,2.9000000000000004,0.028893805877102274
SMG+SR19.5-1,SMG,19.5,fitted,2.95,0.02948580085359244
SMG+SR19.5-1,SMG,19.5,fitted,3,0.0301120879422678
SMG+SR19.5-1,SMG,19.5,fitted,3.0500000000000003,0.0307741220004659
SMG+SR19.5-1,SMG,19.5,fitted,3.1,0.031473349911585596
SMG+SR19.5-1,SMG,19.5,fitted,3.1500000000000004,0.0322111998382027
SMG+SR19.5-1,SMG,19.5,fitted,3.2,0.03298906925378533
SMG+SR19.5-1,SMG,19.5,fitted,3.25,0.033808311743130856
SMG+SR19.5-1,SMG,19.5,fitted,3.3000000000000003,0.03467022258467114
SMG+SR19.5-1,SMG,19.5,fitted,3.35,0.035576023155019704
SMG+SR19.5-1,SMG,19.5,fitted,3.4000000000000004,0.03652684422757284
SMG+SR19.5-1,SMG,19.5,fitted,3.45,0.03752370827246608
SMG+SR19.5-1,SMG,19.5,fitted,3.5,0.0385675109043552
SMG+SR19.5-1,SMG,19.5,fitted,3.5500000000000003,0.039659001666718915
SMG+SR19.5-1,SMG,19.5,fitted,3.6,0.04079876438577682
SMG+SR19.5-1,SMG,19.5,fitted,3.6500000000000004,0.0419871973724909
SMG+SR19.5-1,SMG,19.5,fitted,3.7,0.04322449379598044
SMG+SR19.5-1,SMG,19.5,fitted,3.75,0.04451062259424457
SMG+SR19.5-1,SMG,19.5,fitted,3.8000000000000003,0.045845310326310465
SMG+SR19.5-1,SMG,19.5,fitted,3.85,0.04722802440156271
SMG+SR19.5-1,SMG,19.5,fitted,3.9000000000000004,0.04865795814470393
SMG+SR19.5-1,SMG,19.5,fitted,3.95,0.050134018166183236
SMG+SR19.5-1,SMG,19.5,fitted,4,0.05165481450578814
SMG+SR19.5-1,SMG,19.5,fitted,4.05,0.05321865399949473
SMG+SR19.5-1,SMG,19.5,fitted,4.1000000000000005,0.05482353728514944
SMG+SR19.5-1,SMG,19.5,fitted,4.15,0.05646715981028101
SMG+SR19.5-1,SMG,19.5,fitted,4.2,0.05814691713526975
SMG+SR19.5-1,SMG,19.5,fitted,4.25,0.05985991473809435
SMG+SR19.5-1,SMG,19.5,fitted,4.3,0.061602982424782286
SMG+SR19.5-1,SMG,19.5,fitted,4.3500000000000005,0.06337269333534716
SMG+SR19.5-1,SMG,19.5,fitted,4.4,0.0651653874121842
SMG+SR19.5-1,SMG,19.5,fitted,4.45,0.06697719907119518
SMG+SR19.5-1,SMG,19.5,fitted,4.5,0.06880408869049227
SMG+SR19.5-1,SMG,19.5,fitted,4.55,0.07064187741287825
SMG+SR19.5-1,SMG,19.5,fitted,4.6000000000000005,0.07248628465188958
SMG+SR19.5-1,SMG,19.5,fitted,4.65,0.07433296760214489
SMG+SR19.5-1,SMG,19.5,fitted,4.7,0.07617756198748514
SMG+SR19.5-1,SMG,19.5,fitted,4.75,0.07801572323834433
SMG+SR19.5-1,SMG,19.5,fitted,4.800000000000001,0.07984316727511774
SMG+SR19.5-1,SMG,19.5,fitted,4.8500000000000005,0.0816557100877644
SMG+SR19.5-1,SMG,19.5,fitted,4.9,0.08344930534278777
SMG+SR19.5-1,SMG,19.5,fitted,4.95,0.08522007931497483
SMG+SR19.5-1,SMG,19.5,fitted,5,0.08696436252946776
SMG+SR19.5-1,SMG,19.5,fitted,5.050000000000001,0.08867871760550924
SMG+SR19.5-1,SMG,19.5,fitted,5.1000000000000005,0.09035996291144024
SMG+SR19.5-1,SMG,19.5,fitted,5.15,0.09200519176577476
SMG+SR19.5-1,SMG,19.5,fitted,5.2,0.09361178704592898
SMG+SR19.5-1,SMG,19.5,fitted,5.25,0.09517743118926286
SMG+SR19.5-1,SMG,19.5,fitted,5.300000000000001,0.09670011168587955
SMG+SR19.5-1,SMG,19.5,fitted,5.3500000000000005,0.09817812226531525
SMG+SR19.5-1,SMG,19.5,fitted,5.4,0.099610060066951
SMG+SR19.5-1,SMG,19.5,fitted,5.45,0.10099481915479974
SMG+SR19.5-1,SMG,19.5,fitted,5.5,0.10233158079036717
SMG+SR19.5-1,SMG,19.5,fitted,5.550000000000001,0.10361980091255507
SMG+SR19.5-1,SMG,19.5,fitted,5.6000000000000005,0.10485919529187765
SMG+SR19.5-1,SMG,19.5,fitted,5.65,0.10604972282902825
SMG+SR19.5-1,SMG,19.5,fitted,5.7,0.10719156745698366
SMG+SR19.5-1,SMG,19.5,fitted,5.75,0.10828511908357674
SMG+SR19.5-1,SMG,19.5,fitted,5.800000000000001,0.10933095398016457
SMG+SR19.5-1,SMG,19.5,fitted,5.8500000000000005,0.11032981498403133
SMG+SR19.5-1,SMG,19.5,fitted,5.9,0.11128259183974357
SMG+SR19.5-1,SMG,19.5,fitted,5.95,0.11219030195987334
SMG+SR19.5-1,SMG,19.5,fitted,6,0.11305407184011995
SMG+SR19.5-1,SMG,19.5,fitted,6.050000000000001,0.11387511931939528
SMG+SR19.5-1,SMG,19.5,fitted,6.1000000000000005,0.11465473683309668
SMG+SR19.5-1,SMG,19.5,fitted,6.15,0.1153942757684781
SMG+SR19.5-1,SMG,19.5,fitted,6.2,0.11609513199537261
SMG+SR19.5-1,SMG,19.5,fitted,6.25,0.11675873261390324
SMG+SR19.5-1,SMG,19.5,fitted,6.300000000000001,0.11738652393341112
SMG+SR19.5-1,SMG,19.5,fitted,6.3500000000000005,0.11797996067362507
SMG+SR19.5-1,SMG,19.5,fitted,6.4,0.11854049635995784
SMG+SR19.5-1,SMG,19.5,fitted,6.45,0.11906957486949166
SMG+SR19.5-1,SMG,19.5,fitted,6.5,0.11956862307239652
SMG+SR19.5-1,SMG,19.5,fitted,6.550000000000001,0.12003904450484934
SMG+SR19.5-1,SMG,19.5,fitted,6.6000000000000005,0.12048221400361034
SMG+SR19.5-1,SMG,19.5,fitted,6.65,0.12089947322888023
SMG+SR19.5-1,SMG,19.5,fitted,6.7,0.1212921270005356
SMG+SR19.5-1,SMG,19.5,fitted,6.75,0.12166144037297108
SMG+SR19.5-1,SMG,19.5,fitted,6.800000000000001,0.12200863637523865
SMG+SR19.5-1,SMG,19.5,fitted,6.8500000000000005,0.12233489434567751
SMG+SR19.5-1,SMG,19.5,fitted,6.9,0.12264134879351629
SMG+SR19.5-1,SMG,19.5,fitted,6.95,0.12292908872377742
SMG+SR19.5-1,SMG,19.5,fitted,7,0.12319915736603257
SMG+SR19.5-1,SMG,19.5,fitted,7.050000000000001,0.12345255225199317
SMG+SR19.5-1,SMG,19.5,fitted,7.1000000000000005,0.1236902255914332
SMG+SR19.5-1,SMG,19.5,fitted,7.15,0.12391308490043973
SMG+SR19.5-1,SMG,19.5,fitted,7.2,0.12412199384037725
SMG+SR19.5-1,SMG,19.5,fitted,7.25,0.12431777323018234
SMG+SR19.5-1,SMG,19.5,fitted,7.300000000000001,0.1245012021986252
SMG+SR19.5-1,SMG,19.5,fitted,7.3500000000000005,0.12467301944695519
SMG+SR19.5-1,SMG,19.5,fitted,7.4,0.12483392459587006
SMG+SR19.5-1,SMG,19.5,fitted,7.45,0.12498457959400228
SMG+SR19.5-1,SMG,19.5,fitted,7.5,0.12512561016809937
SMG+SR19.5-1,SMG,19.5,fitted,7.550000000000001,0.1252576072977923
SMG+SR19.5-1,SMG,19.5,fitted,7.6000000000000005,0.12538112870030374
SMG+SR19.5-1,SMG,19.5,fitted,7.65,0.12549670031265964
SMG+SR19.5-1,SMG,19.5,fitted,7.7,0.1256048177609449
SMG+SR19.5-1,SMG,19.5,fitted,7.75,0.1257059478079034
SMG+SR19.5-1,SMG,19.5,fitted,7.800000000000001,0.1258005297717387
SMG+SR19.5-1,SMG,19.5,fitted,7.8500000000000005,0.12588897691034215
SMG+SR19.5-1,SMG,19.5,fitted,7.9,0.12597167776637527
SMG+SR19.5-1,SMG,19.5,fitted,7.95,0.12604899746967654
SMG+SR19.5-1,SMG,19.5,fitted,8,0.12612127899436948
SMG+SR19.5-1,SMG,19.5,fitted,8.05,0.12618884436882657
SMG+SR19.5-1,SMG,19.5,fitted,8.1,0.1262519958373104
SMG+SR19.5-1,SMG,19.5,fitted,8.15,0.126311016972681
SMG+SR19.5-1,SMG,19.5,fitted,8.200000000000001,0.12636617374003437
SMG+SR19.5-1,SMG,19.5,fitted,8.25,0.12641771551153833
SMG+SR19.5-1,SMG,19.5,fitted,8.3,0.12646587603306128
SMG+SR19.5-1,SMG,19.5,fitted,8.35,0.12651087434346114
SMG+SR19.5-1,SMG,19.5,fitted,8.4,0.1265529156476183
SMG+SR19.5-1,SMG,19.5,fitted,8.450000000000001,0.1265921921444711
SMG+SR19.5-1,SMG,19.5,fitted,8.5,0.126628883811443
SMG+SR19.5-1,SMG,19.5,fitted,8.55,0.12666315914675327
SMG+SR19.5-1,SMG,19.5,fitted,8.6,0.1266951758711713
SMG+SR19.5-1,SMG,19.5,fitted,8.65,0.1267250815908216
SMG+SR19.5-1,SMG,19.5,fitted,8.700000000000001,0.12675301442267367
SMG+SR19.5-1,SMG,19.5,fitted,8.75,0.12677910358435637
SMG+SR19.5-1,SMG,19.5,fitted,8.8,0.1268034699499326
SMG+SR19.5-1,SMG,19.5,fitted,8.85,0.12682622657325102
SMG+SR19.5-1,SMG,19.5,fitted,8.9,0.1268474791804633
SMG+SR19.5-1,SMG,19.5,fitted,8.950000000000001,0.12686732663326072
SMG+SR19.5-1,SMG,19.5,fitted,9,0.12688586136434213
SMG+SR19.5-1,SMG,19.5,fitted,9.05,0.12690316978657748
SMG+SR19.5-1,SMG,19.5,fitted,9.1,0.1269193326772835
SMG+SR19.5-1,SMG,19.5,fitted,9.15,0.12693442553897352
SMG+SR19.5-1,SMG,19.5,fitted,9.200000000000001,0.12694851893789028
SMG+SR19.5-1,SMG,19.5,fitted,9.25,0.12696167882157583
SMG+SR19.5-1,SMG,19.5,fitted,9.3,0.12697396681667636
SMG+SR19.5-1,SMG,19.5,fitted,9.35,0.12698544050812585
SMG+SR19.5-1,SMG,19.5,fitted,9.4,0.12699615370079664
SMG+SR19.5-1,SMG,19.5,fitted,9.450000000000001,0.1270061566646526
SMG+SR19.5-1,SMG,19.5,fitted,9.5,0.12701549636438778
SMG+SR19.5-1,SMG,19.5,fitted,9.55,0.12702421667448174
SMG+SR19.5-1,SMG,19.5,fitted,9.600000000000001,0.1270323585805551
SMG+SR19.5-1,SMG,19.5,fitted,9.65,0.12703996036785936
SMG+SR19.5-1,SMG,19.5,fitted,9.700000000000001,0.12704705779769052
SMG+SR19.5-1,SMG,19.5,fitted,9.75,0.12705368427247085
SMG+SR19.5-1,SMG,19.5,fitted,9.8,0.12705987099020255
SMG+SR19.5-1,SMG,19.5,fitted,9.850000000000001,0.12706564708895474
SMG+SR19.5-1,SMG,19.5,fitted,9.9,0.12707103978200837
SMG+SR19.5-1,SMG,19.5,fitted,9.950000000000001,0.12707607448424682
SMG+SR19.5-1,SMG,19.5,fitted,10,0.127080774930344
SMG+SR19.5-1,SMG,19.5,observed,0,0.029366665
SMG+SR19.5-1,SMG,19.5,observed,1,0.014766666
SMG+SR19.5-1,SMG,19.5,observed,2,0.017716665
SMG+SR19.5-1,SMG,19.5,observed,3,0.030716666
SMG+SR19.5-1,SMG,19.5,observed,4.5,0.070116666
SMG+SR19.5-1,SMG,19.5,observed,6,0.110699996
SMG+SR19.5-1,SMG,19.5,observed,7.5,0.127066664
SMG+SR19.5-1,SMG,19.5,observed,9,0.127316669
SMG+SR19.5-1,SMG,19.5,observed,10,0.126283333
SMG+SR19.5-2,SMG,19.5,fitted,0,0.021791658169659306
SMG+SR19.5-2,SMG,19.5,fitted,0.05,0.021805426873859286
SMG+SR19.5-2,SMG,19.5,fitted,0.1,0.021820094239598034
SMG+SR19.5-2,SMG,19.5,fitted,0.15000000000000002,0.02183571866511198
SMG+SR19.5-2,SMG,19.5,fitted,0.2,0.02185236230900434
SMG+SR19.5-2,SMG,19.5,fitted,0.25,0.021870091327712927
SMG+SR19.5-2,SMG,19.5,fitted,0.30000000000000004,0.021888976127341177
SMG+SR19.5-2,SMG,19.5,fitted,0.35000000000000003,0.02190909163063435
SMG+SR19.5-2,SMG,19.5,fitted,0.4,0.021930517559913272
SMG+SR19.5-2,SMG,19.5,fitted,0.45,0.021953338736807614
SMG+SR19.5-2,SMG,19.5,fitted,0.5,0.021977645399659074
SMG+SR19.5-2,SMG,19.5,fitted,0.55,0.022003533539491995
SMG+SR19.5-2,SMG,19.5,fitted,0.6000000000000001,0.022031105255473665
SMG+SR19.5-2,SMG,19.5,fitted,0.65,0.022060469130808842
SMG+SR19.5-2,SMG,19.5,fitted,0.7000000000000001,0.022091740630031872
SMG+SR19.5-2,SMG,19.5,fitted,0.75,0.02212504251867428
SMG+SR19.5-2,SMG,19.5,fitted,0.8,0.022160505306295368
SMG+SR19.5-2,SMG,19.5,fitted,0.8500000000000001,0.02219826771386649
SMG+SR19.5-2,SMG,19.5,fitted,0.9,0.022238477166495765
SMG+SR19.5-2,SMG,19.5,fitted,0.9500000000000001,0.022281290312466905
SMG+SR19.5-2,SMG,19.5,fitted,1,0.022326873569542886
SMG+SR19.5-2,SMG,19.5,fitted,1.05,0.02237540369944969
SMG+SR19.5-2,SMG,19.5,fitted,1.1,0.022427068411406213
SMG+SR19.5-2,SMG,19.5,fitted,1.1500000000000001,0.02248206699550054
SMG+SR19.5-2,SMG,19.5,fitted,1.2000000000000002,0.02254061098662872
SMG+SR19.5-2,SMG,19.5,fitted,1.25,0.022602924859605824
SMG+SR19.5-2,SMG,19.5,fitted,1.3,0.022669246755928785
SMG+SR19.5-2,SMG,19.5,fitted,1.35,0.02273982924251167
SMG+SR19.5-2,SMG,19.5,fitted,1.4000000000000001,0.022814940102523537
SMG+SR19.5-2,SMG,19.5,fitted,1.4500000000000002,0.022894863158232616
SMG+SR19.5-2,SMG,19.5,fitted,1.5,0.022979899125493388
SMG+SR19.5-2,SMG,19.5,fitted,1.55,0.023070366499200645
SMG+SR19.5-2,SMG,19.5,fitted,1.6,0.023166602468671152
SMG+SR19.5-2,SMG,19.5,fitted,1.6500000000000001,0.023268963861493425
SMG+SR19.5-2,SMG,19.5,fitted,1.7000000000000002,0.023377828113903078
SMG+SR19.5-2,SMG,19.5,fitted,1.75,0.02349359426518874
SMG+SR19.5-2,SMG,19.5,fitted,1.8,0.023616683973004482
SMG+SR19.5-2,SMG,19.5,fitted,1.85,0.023747542545752006
SMG+SR19.5-2,SMG,19.5,fitted,1.9000000000000001,0.02388663998739181
SMG+SR19.5-2,SMG,19.5,fitted,1.9500000000000002,0.024034472049139624
SMG+SR19.5-2,SMG,19.5,fitted,2,0.02419156128149504
SMG+SR19.5-2,SMG,19.5,fitted,2.0500000000000003,0.024358458078925647
SMG+SR19.5-2,SMG,19.5,fitted,2.1,0.024535741708285548
SMG+SR19.5-2,SMG,19.5,fitted,2.15,0.02472402131067511
SMG+SR19.5-2,SMG,19.5,fitted,2.2,0.024923936864943767
SMG+SR19.5-2,SMG,19.5,fitted,2.25,0.025136160099396104
SMG+SR19.5-2,SMG,19.5,fitted,2.3000000000000003,0.025361395336480554
SMG+SR19.5-2,SMG,19.5,fitted,2.35,0.025600380253320634
SMG+SR19.5-2,SMG,19.5,fitted,2.4000000000000004,0.025853886538894075
SMG+SR19.5-2,SMG,19.5,fitted,2.45,0.026122720426482338
SMG+SR19.5-2,SMG,19.5,fitted,2.5,0.026407723077714634
SMG+SR19.5-2,SMG,19.5,fitted,2.5500000000000003,0.026709770792133106
SMG+SR19.5-2,SMG,19.5,fitted,2.6,0.027029775013734797
SMG+SR19.5-2,SMG,19.5,fitted,2.6500000000000004,0.02736868210343248
SMG+SR19.5-2,SMG,19.5,fitted,2.7,0.027727472843862077
SMG+SR19.5-2,SMG,19.5,fitted,2.75,0.02810716164050019
SMG+SR19.5-2,SMG,19.5,fitted,2.8000000000000003,0.02850879538070407
SMG+SR19.5-2,SMG,19.5,fitted,2.85,0.028933451910123566
SMG+SR19.5-2,SMG,19.5,fitted,2.9000000000000004,0.02938223808404909
SMG+SR19.5-2,SMG,19.5,fitted,2.95,0.029856287349754904
SMG+SR19.5-2,SMG,19.5,fitted,3,0.030356756814891882
SMG+SR19.5-2,SMG,19.5,fitted,3.0500000000000003,0.030884823756611113
SMG+SR19.5-2,SMG,19.5,fitted,3.1,0.03144168152650839
SMG+SR19.5-2,SMG,19.5,fitted,3.1500000000000004,0.03202853480782984
SMG+SR19.5-2,SMG,19.5,fitted,3.2,0.03264659418384373
SMG+SR19.5-2,SMG,19.5,fitted,3.25,0.03329706998004267
SMG+SR19.5-2,SMG,19.5,fitted,3.3000000000000003,0.03398116534807536
SMG+SR19.5-2,SMG,19.5,fitted,3.35,0.03470006856619955
SMG+SR19.5-2,SMG,19.5,fitted,3.4000000000000004,0.035454944539763764
SMG+SR19.5-2,SMG,19.5,fitted,3.45,0.03624692549591404
SMG+SR19.5-2,SMG,19.5,fitted,3.5,0.0370771008794997
SMG+SR19.5-2,SMG,19.5,fitted,3.5500000000000003,0.03794650647208887
SMG+SR19.5-2,SMG,19.5,fitted,3.6,0.03885611277311616
SMG+SR19.5-2,SMG,19.5,fitted,3.6500000000000004,0.039806812701408636
SMG+SR19.5-2,SMG,19.5,fitted,3.7,0.04079940869652476
SMG+SR19.5-2,SMG,19.5,fitted,3.75,0.0418345993222417
SMG+SR19.5-2,SMG,19.5,fitted,3.8000000000000003,0.042912965498770245
SMG+SR19.5-2,SMG,19.5,fitted,3.85,0.04403495651536937
SMG+SR19.5-2,SMG,19.5,fitted,3.9000000000000004,0.045200876000346266
SMG+SR19.5-2,SMG,19.5,fitted,3.95,0.04641086805020275
SMG+SR19.5-2,SMG,19.5,fitted,4,0.04766490374304129
SMG+SR19.5-2,SMG,19.5,fitted,4.05,0.04896276828227855
SMG+SR19.5-2,SMG,19.5,fitted,4.1000000000000005,0.050304049034156216
SMG+SR19.5-2,SMG,19.5,fitted,4.15,0.05168812473536172
SMG+SR19.5-2,SMG,19.5,fitted,4.2,0.0531141561541539
SMG+SR19.5-2,SMG,19.5,fitted,4.25,0.05458107848865809
SMG+SR19.5-2,SMG,19.5,fitted,4.3,0.05608759577850562
SMG+SR19.5-2,SMG,19.5,fitted,4.3500000000000005,0.05763217758997895
SMG+SR19.5-2,SMG,19.5,fitted,4.4,0.059213058209779956
SMG+SR19.5-2,SMG,19.5,fitted,4.45,0.06082823854828137
SMG+SR19.5-2,SMG,19.5,fitted,4.5,0.06247549090983911
SMG+SR19.5-2,SMG,19.5,fitted,4.55,0.06415236673604896
SMG+SR19.5-2,SMG,19.5,fitted,4.6000000000000005,0.06585620736876843
SMG+SR19.5-2,SMG,19.5,fitted,4.65,0.06758415781477539
SMG+SR19.5-2,SMG,19.5,fitted,4.7,0.06933318342498214
SMG+SR19.5-2,SMG,19.5,fitted,4.75,0.07110008933038278
SMG+SR19.5-2,SMG,19.5,fitted,4.800000000000001,0.07288154240686176
SMG+SR19.5-2,SMG,19.5,fitted,4.8500000000000005,0.07467409547423443
SMG+SR19.5-2,SMG,19.5,fitted,4.9,0.07647421337404711
SMG+SR19.5-2,SMG,19.5,fitted,4.95,0.07827830051821177
SMG+SR19.5-2,SMG,19.5,fitted,5,0.08008272945869996
SMG+SR19.5-2,SMG,19.5,fitted,5.050000000000001,0.0818838699990715
SMG+SR19.5-2,SMG,19.5,fitted,5.1000000000000005,0.0836781183528579
SMG+SR19.5-2,SMG,19.5,fitted,5.15,0.08546192585245367
SMG+SR19.5-2,SMG,19.5,fitted,5.2,0.08723182672525152
SMG+SR19.5-2,SMG,19.5,fitted,5.25,0.08898446448071284
SMG+SR19.5-2,SMG,19.5,fitted,5.300000000000001,0.09071661649170493
SMG+SR19.5-2,SMG,19.5,fitted,5.3500000000000005,0.09242521640405295
SMG+SR19.5-2,SMG,19.5,fitted,5.4,0.0941073740677027
SMG+SR19.5-2,SMG,19.5,fitted,5.45,0.09576039274873088
SMG+SR19.5-2,SMG,19.5,fitted,5.5,0.0973817834510742
SMG+SR19.5-2,SMG,19.5,fitted,5.550000000000001,0.09896927624765119
SMG+SR19.5-2,SMG,19.5,fitted,5.6000000000000005,0.10052082859002016
SMG+SR19.5-2,SMG,19.5,fitted,5.65,0.10203463063157399
SMG+SR19.5-2,SMG,19.5,fitted,5.7,0.10350910765956702
SMG+SR19.5-2,SMG,19.5,fitted,5.75,0.10494291978444463
SMG+SR19.5-2,SMG,19.5,fitted,5.800000000000001,0.10633495907986955
SMG+SR19.5-2,SMG,19.5,fitted,5.8500000000000005,0.10768434440282085
SMG+SR19.5-2,SMG,19.5,fitted,5.9,0.10899041414991617
SMG+SR19.5-2,SMG,19.5,fitted,5.95,0.11025271722378897
SMG+SR19.5-2,SMG,19.5,fitted,6,0.11147100249239567
SMG+SR19.5-2,SMG,19.5,fitted,6.050000000000001,0.11264520702524901
SMG+SR19.5-2,SMG,19.5,fitted,6.1000000000000005,0.11377544338469466
SMG+SR19.5-2,SMG,19.5,fitted,6.15,0.11486198623852
SMG+SR19.5-2,SMG,19.5,fitted,6.2,0.11590525854352451
SMG+SR19.5-2,SMG,19.5,fitted,6.25,0.11690581752931967
SMG+SR19.5-2,SMG,19.5,fitted,6.300000000000001,0.11786434068864926
SMG+SR19.5-2,SMG,19.5,fitted,6.3500000000000005,0.11878161195594367
SMG+SR19.5-2,SMG,19.5,fitted,6.4,0.11965850823054563
SMG+SR19.5-2,SMG,19.5,fitted,6.45,0.12049598637586025
SMG+SR19.5-2,SMG,19.5,fitted,6.5,0.12129507080123571
SMG+SR19.5-2,SMG,19.5,fitted,6.550000000000001,0.12205684171019628
SMG+SR19.5-2,SMG,19.5,fitted,6.6000000000000005,0.12278242407711588
SMG+SR19.5-2,SMG,19.5,fitted,6.65,0.12347297739481299
SMG+SR19.5-2,SMG,19.5,fitted,6.7,0.12412968621803112
SMG+SR19.5-2,SMG,19.5,fitted,6.75,0.12475375151242292
SMG+SR19.5-2,SMG,19.5,fitted,6.800000000000001,0.1253463828054751
SMG+SR19.5-2,SMG,19.5,fitted,6.8500000000000005,0.12590879112473857
SMG+SR19.5-2,SMG,19.5,fitted,6.9,0.12644218269965007
SMG+SR19.5-2,SMG,19.5,fitted,6.95,0.12694775339601017
SMG+SR19.5-2,SMG,19.5,fitted,7,0.12742668384664751
SMG+SR19.5-2,SMG,19.5,fitted,7.050000000000001,0.12788013523777825
SMG+SR19.5-2,SMG,19.5,fitted,7.1000000000000005,0.1283092457078729
SMG+SR19.5-2,SMG,19.5,fitted,7.15,0.1287151273142986
SMG+SR19.5-2,SMG,19.5,fitted,7.2,0.12909886352243055
SMG+SR19.5-2,SMG,19.5,fitted,7.25,0.12946150717216343
SMG+SR19.5-2,SMG,19.5,fitted,7.300000000000001,0.12980407887765164
SMG+SR19.5-2,SMG,19.5,fitted,7.3500000000000005,0.13012756581752705
SMG+SR19.5-2,SMG,19.5,fitted,7.4,0.13043292087466402
SMG+SR19.5-2,SMG,19.5,fitted,7.45,0.1307210620866815
SMG+SR19.5-2,SMG,19.5,fitted,7.5,0.1309928723706916
SMG+SR19.5-2,SMG,19.5,fitted,7.550000000000001,0.13124919948825403
SMG+SR19.5-2,SMG,19.5,fitted,7.6000000000000005,0.13149085621900378
SMG+SR19.5-2,SMG,19.5,fitted,7.65,0.13171862071393664
SMG+SR19.5-2,SMG,19.5,fitted,7.7,0.13193323700182008
SMG+SR19.5-2,SMG,19.5,fitted,7.75,0.13213541562460837
SMG+SR19.5-2,SMG,19.5,fitted,7.800000000000001,0.13232583438006124
SMG+SR19.5-2,SMG,19.5,fitted,7.8500000000000005,0.13250513915196996
SMG+SR19.5-2,SMG,19.5,fitted,7.9,0.13267394481047456
SMG+SR19.5-2,SMG,19.5,fitted,7.95,0.13283283616690084
SMG+SR19.5-2,SMG,19.5,fitted,8,0.132982368969353
SMG+SR19.5-2,SMG,19.5,fitted,8.05,0.13312307092696568
SMG+SR19.5-2,SMG,19.5,fitted,8.1,0.13325544275224915
SMG+SR19.5-2,SMG,19.5,fitted,8.15,0.13337995921235843
SMG+SR19.5-2,SMG,19.5,fitted,8.200000000000001,0.13349707018138507
SMG+SR19.5-2,SMG,19.5,fitted,8.25,0.13360720168691584
SMG+SR19.5-2,SMG,19.5,fitted,8.3,0.1337107569451336
SMG+SR19.5-2,SMG,19.5,fitted,8.35,0.1338081173796567
SMG+SR19.5-2,SMG,19.5,fitted,8.4,0.1338996436201369
SMG+SR19.5-2,SMG,19.5,fitted,8.450000000000001,0.13398567647736398
SMG+SR19.5-2,SMG,19.5,fitted,8.5,0.13406653789226936
SMG+SR19.5-2,SMG,19.5,fitted,8.55,0.13414253185678862
SMG+SR19.5-2,SMG,19.5,fitted,8.6,0.1342139453050366
SMG+SR19.5-2,SMG,19.5,fitted,8.65,0.13428104897368226
SMG+SR19.5-2,SMG,19.5,fitted,8.700000000000001,0.1343440982307818
SMG+SR19.5-2,SMG,19.5,fitted,8.75,0.13440333387265263
SMG+SR19.5-2,SMG,19.5,fitted,8.8,0.1344589828886442
SMG+SR19.5-2,SMG,19.5,fitted,8.85,0.13451125919389623
SMG+SR19.5-2,SMG,19.5,fitted,8.9,0.1345603643303721
SMG+SR19.5-2,SMG,19.5,fitted,8.950000000000001,0.1346064881366188
SMG+SR19.5-2,SMG,19.5,fitted,9,0.13464980938684068
SMG+SR19.5-2,SMG,19.5,fitted,9.05,0.1346904963999856
SMG+SR19.5-2,SMG,19.5,fitted,9.1,0.13472870761962819
SMG+SR19.5-2,SMG,19.5,fitted,9.15,0.1347645921655064
SMG+SR19.5-2,SMG,19.5,fitted,9.200000000000001,0.13479829035761764
SMG+SR19.5-2,SMG,19.5,fitted,9.25,0.13482993421381984
SMG+SR19.5-2,SMG,19.5,fitted,9.3,0.13485964792190802
SMG+SR19.5-2,SMG,19.5,fitted,9.35,0.13488754828715024
SMG+SR19.5-2,SMG,19.5,fitted,9.4,0.1349137451562752
SMG+SR19.5-2,SMG,19.5,fitted,9.450000000000001,0.13493834181889808
SMG+SR19.5-2,SMG,19.5,fitted,9.5,0.1349614353873669
SMG+SR19.5-2,SMG,19.5,fitted,9.55,0.1349831171559937
SMG+SR19.5-2,SMG,19.5,fitted,9.600000000000001,0.13500347294062076
SMG+SR19.5-2,SMG,19.5,fitted,9.65,0.13502258339944717
SMG+SR19.5-2,SMG,19.5,fitted,9.700000000000001,0.1350405243360192
SMG+SR19.5-2,SMG,19.5,fitted,9.75,0.1350573669852589
SMG+SR19.5-2,SMG,19.5,fitted,9.8,0.13507317828337945
SMG+SR19.5-2,SMG,19.5,fitted,9.850000000000001,0.13508802112250462
SMG+SR19.5-2,SMG,19.5,fitted,9.9,0.13510195459078048
SMG+SR19.5-2,SMG,19.5,fitted,9.950000000000001,0.13511503419873588
SMG+SR19.5-2,SMG,19.5,fitted,10,0.1351273120926187
SMG+SR19.5-2,SMG,19.5,observed,0,0.037916669
SMG+SR19.5-2,SMG,19.5,observed,1,0.013666668
SMG+SR19.5-2,SMG,19.5,observed,2,0.017116666
SMG+SR19.5-2,SMG,19.5,observed,3,0.027516664
SMG+SR19.5-2,SMG,19.5,observed,4.5,0.06701667
SMG+SR19.5-2,SMG,19.5,observed,6,0.106600001
SMG+SR19.5-2,SMG,19.5,observed,7.5,0.134966663
SMG+SR19.5-2,SMG,19.5,observed,9,0.135966671
SMG+SR19.5-2,SMG,19.5,observed,10,0.132616665
SMG+SR19.5-3,SMG,19.5,fitted,0,0.024067748103461285
SMG+SR19.5-3,SMG,19.5,fitted,0.05,0.024098622896994402
SMG+SR19.5-3,SMG,19.5,fitted,0.1,0.02413095923624011
SMG+SR19.5-3,SMG,19.5,fitted,0.15000000000000002,0.02416482540675336
SMG+SR19.5-3,SMG,19.5,fitted,0.2,0.02420029279673317
SMG+SR19.5-3,SMG,19.5,fitted,0.25,0.02423743602942425
SMG+SR19.5-3,SMG,19.5,fitted,0.30000000000000004,0.024276333100321457
SMG+SR19.5-3,SMG,19.5,fitted,0.35000000000000003,0.024317065519264155
SMG+SR19.5-3,SMG,19.5,fitted,0.4,0.02435971845749886
SMG+SR19.5-3,SMG,19.5,fitted,0.45,0.024404380899778498
SMG+SR19.5-3,SMG,19.5,fitted,0.5,0.024451145801554594
SMG+SR19.5-3,SMG,19.5,fitted,0.55,0.02450011025130529
SMG+SR19.5-3,SMG,19.5,fitted,0.6000000000000001,0.024551375638026285
SMG+SR19.5-3,SMG,19.5,fitted,0.65,0.024605047823894024
SMG+SR19.5-3,SMG,19.5,fitted,0.7000000000000001,0.024661237322090294
SMG+SR19.5-3,SMG,19.5,fitted,0.75,0.024720059479754447
SMG+SR19.5-3,SMG,19.5,fitted,0.8,0.02478163466600386
SMG+SR19.5-3,SMG,19.5,fitted,0.8500000000000001,0.024846088464934447
SMG+SR19.5-3,SMG,19.5,fitted,0.9,0.0249135518734809
SMG+SR19.5-3,SMG,19.5,fitted,0.9500000000000001,0.024984161503980543
SMG+SR19.5-3,SMG,19.5,fitted,1,0.02505805979124502
SMG+SR19.5-3,SMG,19.5,fitted,1.05,0.025135395203900082
SMG+SR19.5-3,SMG,19.5,fitted,1.1,0.025216322459705207
SMG+SR19.5-3,SMG,19.5,fitted,1.1500000000000001,0.025301002744511494
SMG+SR19.5-3,SMG,19.5,fitted,1.2000000000000002,0.025389603934457564
SMG+SR19.5-3,SMG,19.5,fitted,1.25,0.025482300820939056
SMG+SR19.5-3,SMG,19.5,fitted,1.3,0.025579275337817176
SMG+SR19.5-3,SMG,19.5,fitted,1.35,0.0256807167902552
SMG+SR19.5-3,SMG,19.5,fitted,1.4000000000000001,0.02578682208448886
SMG+SR19.5-3,SMG,19.5,fitted,1.4500000000000002,0.02589779595774616
SMG+SR19.5-3,SMG,19.5,fitted,1.5,0.026013851207434834
SMG+SR19.5-3,SMG,19.5,fitted,1.55,0.026135208918610126
SMG+SR19.5-3,SMG,19.5,fitted,1.6,0.02626209868862237
SMG+SR19.5-3,SMG,19.5,fitted,1.6500000000000001,0.026394758847722036
SMG+SR19.5-3,SMG,19.5,fitted,1.7000000000000002,0.026533436674269738
SMG+SR19.5-3,SMG,19.5,fitted,1.75,0.026678388603059357
SMG+SR19.5-3,SMG,19.5,fitted,1.8,0.026829880425114725
SMG+SR19.5-3,SMG,19.5,fitted,1.85,0.02698818747716287
SMG+SR19.5-3,SMG,19.5,fitted,1.9000000000000001,0.027153594818821097
SMG+SR19.5-3,SMG,19.5,fitted,1.9500000000000002,0.0273263973953601
SMG+SR19.5-3,SMG,19.5,fitted,2,0.0275069001837218
SMG+SR19.5-3,SMG,19.5,fitted,2.0500000000000003,0.027695418319278933
SMG+SR19.5-3,SMG,19.5,fitted,2.1,0.027892277200624038
SMG+SR19.5-3,SMG,19.5,fitted,2.15,0.028097812569469315
SMG+SR19.5-3,SMG,19.5,fitted,2.2,0.028312370562526612
SMG+SR19.5-3,SMG,19.5,fitted,2.25,0.02853630773202025
SMG+SR19.5-3,SMG,19.5,fitted,2.3000000000000003,0.02876999103126539
SMG+SR19.5-3,SMG,19.5,fitted,2.35,0.02901379776152348
SMG+SR19.5-3,SMG,19.5,fitted,2.4000000000000004,0.029268115476126073
SMG+SR19.5-3,SMG,19.5,fitted,2.45,0.029533341837641364
SMG+SR19.5-3,SMG,19.5,fitted,2.5,0.02980988442364717
SMG+SR19.5-3,SMG,19.5,fitted,2.5500000000000003,0.030098160476473287
SMG+SR19.5-3,SMG,19.5,fitted,2.6,0.03039859659208883
SMG+SR19.5-3,SMG,19.5,fitted,2.6500000000000004,0.03071162834314086
SMG+SR19.5-3,SMG,19.5,fitted,2.7,0.03103769983100379
SMG+SR19.5-3,SMG,19.5,fitted,2.75,0.03137726316158079
SMG+SR19.5-3,SMG,19.5,fitted,2.8000000000000003,0.03173077783951375
SMG+SR19.5-3,SMG,19.5,fitted,2.85,0.032098710075414406
SMG+SR19.5-3,SMG,19.5,fitted,2.9000000000000004,0.03248153200073269
SMG+SR19.5-3,SMG,19.5,fitted,2.95,0.032879720784936575
SMG+SR19.5-3,SMG,19.5,fitted,3,0.03329375764979868
SMG+SR19.5-3,SMG,19.5,fitted,3.0500000000000003,0.03372412677577698
SMG+SR19.5-3,SMG,19.5,fitted,3.1,0.03417131409574844
SMG+SR19.5-3,SMG,19.5,fitted,3.1500000000000004,0.034635805971714104
SMG+SR19.5-3,SMG,19.5,fitted,3.2,0.035118087750551086
SMG+SR19.5-3,SMG,19.5,fitted,3.25,0.03561864219544914
SMG+SR19.5-3,SMG,19.5,fitted,3.3000000000000003,0.036137947790345834
SMG+SR19.5-3,SMG,19.5,fitted,3.35,0.036676476915471976
SMG+SR19.5-3,SMG,19.5,fitted,3.4000000000000004,0.037234693893045484
SMG+SR19.5-3,SMG,19.5,fitted,3.45,0.03781305290321198
SMG+SR19.5-3,SMG,19.5,fitted,3.5,0.038411995771529366
SMG+SR19.5-3,SMG,19.5,fitted,3.5500000000000003,0.03903194963063333
SMG+SR19.5-3,SMG,19.5,fitted,3.6,0.0396733244602012
SMG+SR19.5-3,SMG,19.5,fitted,3.6500000000000004,0.040336510510951426
SMG+SR19.5-3,SMG,19.5,fitted,3.7,0.04102187562016821
SMG+SR19.5-3,SMG,19.5,fitted,3.75,0.041729762428118676
SMG+SR19.5-3,SMG,19.5,fitted,3.8000000000000003,0.042460485506719006
SMG+SR19.5-3,SMG,19.5,fitted,3.85,0.043214328413891105
SMG+SR19.5-3,SMG,19.5,fitted,3.9000000000000004,0.04399154068921077
SMG+SR19.5-3,SMG,19.5,fitted,3.95,0.04479233480865634
SMG+SR19.5-3,SMG,19.5,fitted,4,0.04561688311849406
SMG+SR19.5-3,SMG,19.5,fitted,4.05,0.046465314770546516
SMG+SR19.5-3,SMG,19.5,fitted,4.1000000000000005,0.04733771268324522
SMG+SR19.5-3,SMG,19.5,fitted,4.15,0.04823411055492279
SMG+SR19.5-3,SMG,19.5,fitted,4.2,0.049154489957707964
SMG+SR19.5-3,SMG,19.5,fitted,4.25,0.05009877754209509
SMG+SR19.5-3,SMG,19.5,fitted,4.3,0.051066842383718156
SMG+SR19.5-3,SMG,19.5,fitted,4.3500000000000005,0.052058493505011946
SMG+SR19.5-3,SMG,19.5,fitted,4.4,0.0530734776052358
SMG+SR19.5-3,SMG,19.5,fitted,4.45,0.054111477032717376
SMG+SR19.5-3,SMG,19.5,fitted,4.5,0.05517210803309315
SMG+SR19.5-3,SMG,19.5,fitted,4.55,0.056254919306737025
SMG+SR19.5-3,SMG,19.5,fitted,4.6000000000000005,0.057359390907439134
SMG+SR19.5-3,SMG,19.5,fitted,4.65,0.058484933512694126
SMG+SR19.5-3,SMG,19.5,fitted,4.7,0.05963088809366503
SMG+SR19.5-3,SMG,19.5,fitted,4.75,0.060796526009994314
SMG+SR19.5-3,SMG,19.5,fitted,4.800000000000001,0.061981049551149026
SMG+SR19.5-3,SMG,19.5,fitted,4.8500000000000005,0.06318359294192716
SMG+SR19.5-3,SMG,19.5,fitted,4.9,0.06440322382515981
SMG+SR19.5-3,SMG,19.5,fitted,4.95,0.06563894522956226
SMG+SR19.5-3,SMG,19.5,fitted,5,0.06688969802519233
SMG+SR19.5-3,SMG,19.5,fitted,5.050000000000001,0.0681543638631403
SMG+SR19.5-3,SMG,19.5,fitted,5.1000000000000005,0.06943176859000148
SMG+SR19.5-3,SMG,19.5,fitted,5.15,0.07072068612147583
SMG+SR19.5-3,SMG,19.5,fitted,5.2,0.07201984275321348
SMG+SR19.5-3,SMG,19.5,fitted,5.25,0.07332792188090666
SMG+SR19.5-3,SMG,19.5,fitted,5.300000000000001,0.07464356909574
SMG+SR19.5-3,SMG,19.5,fitted,5.3500000000000005,0.07596539761578122
SMG+SR19.5-3,SMG,19.5,fitted,5.4,0.07729199400884296
SMG+SR19.5-3,SMG,19.5,fitted,5.45,0.07862192415788853
SMG+SR19.5-3,SMG,19.5,fitted,5.5,0.07995373941629376
SMG+SR19.5-3,SMG,19.5,fitted,5.550000000000001,0.08128598289730078
SMG+SR19.5-3,SMG,19.5,fitted,5.6000000000000005,0.08261719583987936
SMG+SR19.5-3,SMG,19.5,fitted,5.65,0.08394592399199852
SMG+SR19.5-3,SMG,19.5,fitted,5.7,0.08527072395203306
SMG+SR19.5-3,SMG,19.5,fitted,5.75,0.08659016940969695
SMG+SR19.5-3,SMG,19.5,fitted,5.800000000000001,0.08790285722948694
SMG+SR19.5-3,SMG,19.5,fitted,5.8500000000000005,0.08920741332210141
SMG+SR19.5-3,SMG,19.5,fitted,5.9,0.09050249825260982
SMG+SR19.5-3,SMG,19.5,fitted,5.95,0.0917868125382073
SMG+SR19.5-3,SMG,19.5,fitted,6,0.09305910159310622
SMG+SR19.5-3,SMG,19.5,fitted,6.050000000000001,0.0943181602833794
SMG+SR19.5-3,SMG,19.5,fitted,6.1000000000000005,0.09556283706026243
SMG+SR19.5-3,SMG,19.5,fitted,6.15,0.09679203764642258
SMG+SR19.5-3,SMG,19.5,fitted,6.2,0.09800472825587796
SMG+SR19.5-3,SMG,19.5,fitted,6.25,0.09919993833448414
SMG+SR19.5-3,SMG,19.5,fitted,6.300000000000001,0.10037676281407046
SMG+SR19.5-3,SMG,19.5,fitted,6.3500000000000005,0.10153436387929417
SMG+SR19.5-3,SMG,19.5,fitted,6.4,0.10267197225198656
SMG+SR19.5-3,SMG,19.5,fitted,6.45,0.10378888800309738
SMG+SR19.5-3,SMG,19.5,fitted,6.5,0.10488448090723113
SMG+SR19.5-3,SMG,19.5,fitted,6.550000000000001,0.10595819035914647
SMG+SR19.5-3,SMG,19.5,fitted,6.6000000000000005,0.1070095248754157
SMG+SR19.5-3,SMG,19.5,fitted,6.65,0.10803806120768432
SMG+SR19.5-3,SMG,19.5,fitted,6.7,0.10904344309661579
SMG+SR19.5-3,SMG,19.5,fitted,6.75,0.11002537969765554
SMG+SR19.5-3,SMG,19.5,fitted,6.800000000000001,0.11098364371121039
SMG+SR19.5-3,SMG,19.5,fitted,6.8500000000000005,0.11191806925074053
SMG+SR19.5-3,SMG,19.5,fitted,6.9,0.11282854948263311
SMG+SR19.5-3,SMG,19.5,fitted,6.95,0.11371503407161
SMG+SR19.5-3,SMG,19.5,fitted,7,0.11457752646486509
SMG+SR19.5-3,SMG,19.5,fitted,7.050000000000001,0.11541608104717788
SMG+SR19.5-3,SMG,19.5,fitted,7.1000000000000005,0.11623080019796493
SMG+SR19.5-3,SMG,19.5,fitted,7.15,0.11702183127966327
SMG+SR19.5-3,SMG,19.5,fitted,7.2,0.11778936358504087
SMG+SR19.5-3,SMG,19.5,fitted,7.25,0.11853362526905747
SMG+SR19.5-3,SMG,19.5,fitted,7.300000000000001,0.11925488028879558
SMG+SR19.5-3,SMG,19.5,fitted,7.3500000000000005,0.11995342537279992
SMG+SR19.5-3,SMG,19.5,fitted,7.4,0.12062958703894149
SMG+SR19.5-3,SMG,19.5,fitted,7.45,0.12128371867769917
SMG+SR19.5-3,SMG,19.5,fitted,7.5,0.12191619771556053
SMG+SR19.5-3,SMG,19.5,fitted,7.550000000000001,0.12252742287111161
SMG+SR19.5-3,SMG,19.5,fitted,7.6000000000000005,0.12311781151433841
SMG+SR19.5-3,SMG,19.5,fitted,7.65,0.12368779713771719
SMG+SR19.5-3,SMG,19.5,fitted,7.7,0.12423782694584355
SMG+SR19.5-3,SMG,19.5,fitted,7.75,0.12476835956865268
SMG+SR19.5-3,SMG,19.5,fitted,7.800000000000001,0.12527986290171866
SMG+SR19.5-3,SMG,19.5,fitted,7.8500000000000005,0.1257728120757004
SMG+SR19.5-3,SMG,19.5,fitted,7.9,0.12624768755571852
SMG+SR19.5-3,SMG,19.5,fitted,7.95,0.12670497337030728
SMG+SR19.5-3,SMG,19.5,fitted,8,0.1271451554685814
SMG+SR19.5-3,SMG,19.5,fitted,8.05,0.12756872020338414
SMG+SR19.5-3,SMG,19.5,fitted,8.1,0.12797615293743758
SMG+SR19.5-3,SMG,19.5,fitted,8.15,0.1283679367688872
SMG+SR19.5-3,SMG,19.5,fitted,8.200000000000001,0.12874455137211463
SMG+SR19.5-3,SMG,19.5,fitted,8.25,0.12910647194927785
SMG+SR19.5-3,SMG,19.5,fitted,8.3,0.1294541682877152
SMG+SR19.5-3,SMG,19.5,fitted,8.35,0.12978810391811174
SMG+SR19.5-3,SMG,19.5,fitted,8.4,0.13010873536816583
SMG+SR19.5-3,SMG,19.5,fitted,8.450000000000001,0.130416511506398
SMG+SR19.5-3,SMG,19.5,fitted,8.5,0.13071187297071146
SMG+SR19.5-3,SMG,19.5,fitted,8.55,0.13099525167632942
SMG+SR19.5-3,SMG,19.5,fitted,8.6,0.13126707039779562
SMG+SR19.5-3,SMG,19.5,fitted,8.65,0.13152774241982526
SMG+SR19.5-3,SMG,19.5,fitted,8.700000000000001,0.13177767125192297
SMG+SR19.5-3,SMG,19.5,fitted,8.75,0.13201725040184115
SMG+SR19.5-3,SMG,19.5,fitted,8.8,0.13224686320313067
SMG+SR19.5-3,SMG,19.5,fitted,8.85,0.13246688269222745
SMG+SR19.5-3,SMG,19.5,fitted,8.9,0.13267767153072543
SMG+SR19.5-3,SMG,19.5,fitted,8.950000000000001,0.13287958196869876
SMG+SR19.5-3,SMG,19.5,fitted,9,0.13307295584515516
SMG+SR19.5-3,SMG,19.5,fitted,9.05,0.1332581246219242
SMG+SR19.5-3,SMG,19.5,fitted,9.1,0.13343540944750318
SMG+SR19.5-3,SMG,19.5,fitted,9.15,0.13360512124760385
SMG+SR19.5-3,SMG,19.5,fitted,9.200000000000001,0.1337675608393578
SMG+SR19.5-3,SMG,19.5,fitted,9.25,0.13392301906634727
SMG+SR19.5-3,SMG,19.5,fitted,9.3,0.1340717769518325
SMG+SR19.5-3,SMG,19.5,fitted,9.35,0.13421410586774307
SMG+SR19.5-3,SMG,19.5,fitted,9.4,0.13435026771718836
SMG+SR19.5-3,SMG,19.5,fitted,9.450000000000001,0.13448051512842282
SMG+SR19.5-3,SMG,19.5,fitted,9.5,0.13460509165837284
SMG+SR19.5-3,SMG,19.5,fitted,9.55,0.13472423200399442
SMG+SR19.5-3,SMG,19.5,fitted,9.600000000000001,0.13483816221988418
SMG+SR19.5-3,SMG,19.5,fitted,9.65,0.13494709994071036
SMG+SR19.5-3,SMG,19.5,fitted,9.700000000000001,0.1350512546071661
SMG+SR19.5-3,SMG,19.5,fitted,9.75,0.13515082769427444
SMG+SR19.5-3,SMG,19.5,fitted,9.8,0.13524601294099153
SMG+SR19.5-3,SMG,19.5,fitted,9.850000000000001,0.13533699658016599
SMG+SR19.5-3,SMG,19.5,fitted,9.9,0.1354239575680134
SMG+SR19.5-3,SMG,19.5,fitted,9.950000000000001,0.13550706781235958
SMG+SR19.5-3,SMG,19.5,fitted,10,0.13558649239899384
SMG+SR19.5-3,SMG,19.5,observed,0,0.036416667
SMG+SR19.5-3,SMG,19.5,observed,1,0.015266665
SMG+SR19.5-3,SMG,19.5,observed,2,0.022516665
SMG+SR19.5-3,SMG,19.5,observed,3,0.031266668
SMG+SR19.5-3,SMG,19.5,observed,4.5,0.065166666
SMG+SR19.5-3,SMG,19.5,observed,6,0.081416667
SMG+SR19.5-3,SMG,19.5,observed,7.5,0.132466664
SMG+SR19.5-3,SMG,19.5,observed,9,0.132666665
SMG+SR19.5-3,SMG,19.5,observed,10,0.131549994
