time_min,rep,relative_OD,group,treatment,time_h
0,Ctrl-1,0,1g+0,DDAC,0
0,Ctrl-2,0,1g+0,DDAC,0
0,Ctrl-3,0,1g+0,DDAC,0
20,Ctrl-1,-0.13981474640829875,1g+0,DDAC,0.3333333333333333
20,Ctrl-2,-0.15302240053773036,1g+0,DDAC,0.3333333333333333
20,Ctrl-3,-0.1680551224347332,1g+0,DDAC,0.3333333333333333
40,Ctrl-1,-0.26088808188945545,1g+0,DDAC,0.6666666666666666
40,Ctrl-2,-0.26200960236089765,1g+0,DDAC,0.6666666666666666
40,Ctrl-3,-0.27779491870246326,1g+0,DDAC,0.6666666666666666
60,Ctrl-1,-0.3350016413332658,1g+0,DDAC,1
60,Ctrl-2,-0.33877098465896216,1g+0,DDAC,1
60,Ctrl-3,-0.35328604399807356,1g+0,DDAC,1
80,Ctrl-1,-0.4013417169539198,1g+0,DDAC,1.3333333333333333
80,Ctrl-2,-0.39171335558048526,1g+0,DDAC,1.3333333333333333
80,Ctrl-3,-0.40635606330291574,1g+0,DDAC,1.3333333333333333
100,Ctrl-1,-0.4471302182782837,1g+0,DDAC,1.6666666666666667
100,Ctrl-2,-0.42023619474207374,1g+0,DDAC,1.6666666666666667
100,Ctrl-3,-0.457574801438922,1g+0,DDAC,1.6666666666666667
120,Ctrl-1,-0.48482591839133604,1g+0,DDAC,2
120,Ctrl-2,-0.49109288744540813,1g+0,DDAC,2
120,Ctrl-3,-0.4901779232069268,1g+0,DDAC,2
140,Ctrl-1,-0.5187945987568523,1g+0,DDAC,2.3333333333333335
140,Ctrl-2,-0.49179344484906024,1g+0,DDAC,2.3333333333333335
140,Ctrl-3,-0.5194898546126046,1g+0,DDAC,2.3333333333333335
160,Ctrl-1,-0.5215632220501764,1g+0,DDAC,2.6666666666666665
160,Ctrl-2,-0.5024019025764698,1g+0,DDAC,2.6666666666666665
160,Ctrl-3,-0.5409852893675869,1g+0,DDAC,2.6666666666666665
180,Ctrl-1,-0.5388137869963244,1g+0,DDAC,3
180,Ctrl-2,-0.5249199256445172,1g+0,DDAC,3
180,Ctrl-3,-0.5508587991518396,1g+0,DDAC,3
200,Ctrl-1,-0.5609626464029921,1g+0,DDAC,3.3333333333333335
200,Ctrl-2,-0.5362289706017631,1g+0,DDAC,3.3333333333333335
200,Ctrl-3,-0.5656690178511711,1g+0,DDAC,3.3333333333333335
220,Ctrl-1,-0.5577680761822358,1g+0,DDAC,3.6666666666666665
220,Ctrl-2,-0.5391312968889976,1g+0,DDAC,3.6666666666666665
220,Ctrl-3,-0.5762624669064871,1g+0,DDAC,3.6666666666666665
240,Ctrl-1,-0.5706527644596637,1g+0,DDAC,4
240,Ctrl-2,-0.5600480416306711,1g+0,DDAC,4
240,Ctrl-3,-0.5865473486660865,1g+0,DDAC,4
260,Ctrl-1,-0.5655414965354292,1g+0,DDAC,4.333333333333333
260,Ctrl-2,-0.5579463395935308,1g+0,DDAC,4.333333333333333
260,Ctrl-3,-0.5847989334796099,1g+0,DDAC,4.333333333333333
280,Ctrl-1,-0.5651155496079971,1g+0,DDAC,4.666666666666667
280,Ctrl-2,-0.5464371311172161,1g+0,DDAC,4.666666666666667
280,Ctrl-3,-0.5916897895458856,1g+0,DDAC,4.666666666666667
300,Ctrl-1,-0.6018528532668376,1g+0,DDAC,5
300,Ctrl-2,-0.5640512225335153,1g+0,DDAC,5
300,Ctrl-3,-0.611539644445387,1g+0,DDAC,5
320,Ctrl-1,-0.6097327444843971,1g+0,DDAC,5.333333333333333
320,Ctrl-2,-0.5664531549361678,1g+0,DDAC,5.333333333333333
320,Ctrl-3,-0.6023861045835621,1g+0,DDAC,5.333333333333333
340,Ctrl-1,-0.6033436357778662,1g+0,DDAC,5.666666666666667
340,Ctrl-2,-0.5695556447424732,1g+0,DDAC,5.666666666666667
340,Ctrl-3,-0.6067057402099383,1g+0,DDAC,5.666666666666667
360,Ctrl-1,-0.6111170243960772,1g+0,DDAC,6
360,Ctrl-2,-0.5596477145925324,1g+0,DDAC,6
360,Ctrl-3,-0.6015632993301391,1g+0,DDAC,6
380,Ctrl-1,-0.6104781357399115,1g+0,DDAC,6.333333333333333
380,Ctrl-2,-0.5740592493560828,1g+0,DDAC,6.333333333333333
380,Ctrl-3,-0.6035174158299706,1g+0,DDAC,6.333333333333333
400,Ctrl-1,-0.6284740919415739,1g+0,DDAC,6.666666666666667
400,Ctrl-2,-0.5670536454933774,1g+0,DDAC,6.666666666666667
400,Ctrl-3,-0.6068086061922988,1g+0,DDAC,6.666666666666667
420,Ctrl-1,-0.5880098002701791,1g+0,DDAC,7
420,Ctrl-2,-0.5749599702788045,1g+0,DDAC,7
420,Ctrl-3,-0.6290239495669788,1g+0,DDAC,7
440,Ctrl-1,-0.6325205242822117,1g+0,DDAC,7.333333333333333
440,Ctrl-2,-0.6003802898079044,1g+0,DDAC,7.333333333333333
440,Ctrl-3,-0.6066029048789428,1g+0,DDAC,7.333333333333333
460,Ctrl-1,-0.6023852710586358,1g+0,DDAC,7.666666666666667
460,Ctrl-2,-0.5799639687769962,1g+0,DDAC,7.666666666666667
460,Ctrl-3,-0.6075285454633612,1g+0,DDAC,7.666666666666667
480,Ctrl-1,-0.626344389039397,1g+0,DDAC,8
480,Ctrl-2,-0.6151921516095944,1g+0,DDAC,8
480,Ctrl-3,-0.6311837980315324,1g+0,DDAC,8
500,Ctrl-1,-0.6008944885476071,1g+0,DDAC,8.333333333333334
500,Ctrl-2,-0.5999799925959478,1g+0,DDAC,8.333333333333334
500,Ctrl-3,-0.6248071492715981,1g+0,DDAC,8.333333333333334
520,Ctrl-1,-0.6297519009888877,1g+0,DDAC,8.666666666666666
520,Ctrl-2,-0.5850680341216321,1g+0,DDAC,8.666666666666666
520,Ctrl-3,-0.6228530327717654,1g+0,DDAC,8.666666666666666
540,Ctrl-1,-0.6013204354750381,1g+0,DDAC,9
540,Ctrl-2,-0.5994795688851824,1g+0,DDAC,9
540,Ctrl-3,-0.6264527291270792,1g+0,DDAC,9
560,Ctrl-1,-0.5889681649894096,1g+0,DDAC,9.333333333333334
560,Ctrl-2,-0.5849679672751886,1g+0,DDAC,9.333333333333334
560,Ctrl-3,-0.6336521524890715,1g+0,DDAC,9.333333333333334
580,Ctrl-1,-0.6085614063014506,1g+0,DDAC,9.666666666666666
580,Ctrl-2,-0.5869695726397024,1g+0,DDAC,9.666666666666666
580,Ctrl-3,-0.6297438888380413,1g+0,DDAC,9.666666666666666
600,Ctrl-1,-0.6424236158025997,1g+0,DDAC,10
600,Ctrl-2,-0.6024819918450446,1g+0,DDAC,10
600,Ctrl-3,-0.613390925614224,1g+0,DDAC,10
620,Ctrl-1,-0.623788739209789,1g+0,DDAC,10.333333333333334
620,Ctrl-2,-0.6061849423823744,1g+0,DDAC,10.333333333333334
620,Ctrl-3,-0.6261441924827276,1g+0,DDAC,10.333333333333334
640,Ctrl-1,-0.6191034182129855,1g+0,DDAC,10.666666666666666
640,Ctrl-2,-0.6048838944215138,1g+0,DDAC,10.666666666666666
640,Ctrl-3,-0.6361205375979766,1g+0,DDAC,10.666666666666666
660,Ctrl-1,-0.6218720097713281,1g+0,DDAC,11
660,Ctrl-2,-0.582265804507023,1g+0,DDAC,11
660,Ctrl-3,-0.6367376415380437,1g+0,DDAC,11
680,Ctrl-1,-0.6134597007619701,1g+0,DDAC,11.333333333333334
680,Ctrl-2,-0.5948758974251297,1g+0,DDAC,11.333333333333334
680,Ctrl-3,-0.625629954525021,1g+0,DDAC,11.333333333333334
700,Ctrl-1,-0.6119689182509402,1g+0,DDAC,11.666666666666666
700,Ctrl-2,-0.5836669193143271,1g+0,DDAC,11.666666666666666
700,Ctrl-3,-0.64887380446648,1g+0,DDAC,11.666666666666666
720,Ctrl-1,-0.6498775600927271,1g+0,DDAC,12
720,Ctrl-2,-0.6171937569741072,1g+0,DDAC,12
720,Ctrl-3,-0.64352566227332475,1g+0,DDAC,12
740,Ctrl-1,-0.6252795217208178,1g+0,DDAC,12.333333333333334
740,Ctrl-2,-0.5648518766097937,1g+0,DDAC,12.333333333333334
740,Ctrl-3,-0.6390002946822265,1g+0,DDAC,12.333333333333334
760,Ctrl-1,-0.6389096012537601,1g+0,DDAC,12.666666666666666
760,Ctrl-2,-0.6240992641641868,1g+0,DDAC,12.666666666666666
760,Ctrl-3,-0.6302581574471138,1g+0,DDAC,12.666666666666666
780,Ctrl-1,-0.6088808506295329,1g+0,DDAC,13
780,Ctrl-2,-0.6007806168460431,1g+0,DDAC,13
780,Ctrl-3,-0.645582644755518,1g+0,DDAC,13
800,Ctrl-1,-0.6429560335943979,1g+0,DDAC,13.333333333333334
800,Ctrl-2,-0.6207966406649948,1g+0,DDAC,13.333333333333334
800,Ctrl-3,-0.6593643875394356,1g+0,DDAC,13.333333333333334
820,Ctrl-1,-0.6461505720801726,1g+0,DDAC,13.666666666666666
820,Ctrl-2,-0.6269015236049792,1g+0,DDAC,13.666666666666666
820,Ctrl-3,-0.6361205375979766,1g+0,DDAC,13.666666666666666
840,Ctrl-1,-0.6485997193104318,1g+0,DDAC,14
840,Ctrl-2,-0.5723578743570822,1g+0,DDAC,14
840,Ctrl-3,-0.6442456015443874,1g+0,DDAC,14
860,Ctrl-1,-0.6335853598658095,1g+0,DDAC,14.333333333333334
860,Ctrl-2,-0.6039831734987918,1g+0,DDAC,14.333333333333334
860,Ctrl-3,-0.6320065726335903,1g+0,DDAC,14.333333333333334
880,Ctrl-1,-0.6158023771278621,1g+0,DDAC,14.666666666666666
880,Ctrl-2,-0.6022818283259747,1g+0,DDAC,14.666666666666666
880,Ctrl-3,-0.6589529849127235,1g+0,DDAC,14.666666666666666
900,Ctrl-1,-0.6274092246229948,1g+0,DDAC,15
900,Ctrl-2,-0.6004803864805308,1g+0,DDAC,15
900,Ctrl-3,-0.6561760631594677,1g+0,DDAC,15
920,Ctrl-1,-0.6358215336323527,1g+0,DDAC,15.333333333333334
920,Ctrl-2,-0.6268014269323525,1g+0,DDAC,15.333333333333334
920,Ctrl-3,-0.6295382181760514,1g+0,DDAC,15.333333333333334
940,Ctrl-1,-0.6187839421499207,1g+0,DDAC,15.666666666666666
940,Ctrl-2,-0.5772618060088305,1g+0,DDAC,15.666666666666666
940,Ctrl-3,-0.6352977323445524,1g+0,DDAC,15.666666666666666
960,Ctrl-1,-0.635182644976187,1g+0,DDAC,16
960,Ctrl-2,-0.6296036863731449,1g+0,DDAC,16
960,Ctrl-3,-0.6523706654907981,1g+0,DDAC,16
980,Ctrl-1,-0.6438078957142797,1g+0,DDAC,16.333333333333332
980,Ctrl-2,-0.5857686213514673,1g+0,DDAC,16.333333333333332
980,Ctrl-3,-0.6388974593512321,1g+0,DDAC,16.333333333333332
1000,Ctrl-1,-0.6569055574554236,1g+0,DDAC,16.666666666666668
1000,Ctrl-2,-0.6282025715658398,1g+0,DDAC,16.666666666666668
1000,Ctrl-3,-0.6517535615507313,1g+0,DDAC,16.666666666666668
1020,Ctrl-1,-0.6607390163323453,1g+0,DDAC,17
1020,Ctrl-2,-0.6267013600859092,1g+0,DDAC,17
1020,Ctrl-3,-0.6495937437375426,1g+0,DDAC,17
1040,Ctrl-1,-0.6276221980867108,1g+0,DDAC,17.333333333333332
1040,Ctrl-2,-0.6279023113741434,1g+0,DDAC,17.333333333333332
1040,Ctrl-3,-0.62398437466954,1g+0,DDAC,17.333333333333332
1060,Ctrl-1,-0.6438078957142797,1g+0,DDAC,17.666666666666668
1060,Ctrl-2,-0.6232986399140915,1g+0,DDAC,17.666666666666668
1060,Ctrl-3,-0.6611128333772771,1g+0,DDAC,17.666666666666668
1080,Ctrl-1,-0.659993625076831,1g+0,DDAC,18
1080,Ctrl-2,-0.6225980825104386,1g+0,DDAC,18
1080,Ctrl-3,-0.6629641145461141,1g+0,DDAC,18
1100,Ctrl-1,-0.6597806516131149,1g+0,DDAC,18.333333333333332
1100,Ctrl-2,-0.601481174249696,1g+0,DDAC,18.333333333333332
1100,Ctrl-3,-0.6607014307505651,1g+0,DDAC,18.333333333333332
1120,Ctrl-1,-0.6433819805218302,1g+0,DDAC,18.666666666666668
1120,Ctrl-2,-0.5742594128751526,1g+0,DDAC,18.666666666666668
1120,Ctrl-3,-0.6466111206709311,1g+0,DDAC,18.666666666666668
1140,Ctrl-1,-0.6669151515751591,1g+0,DDAC,19
1140,Ctrl-2,-0.62179742843416,1g+0,DDAC,19
1140,Ctrl-3,-0.6439370649000359,1g+0,DDAC,19
1160,Ctrl-1,-0.6684059340861891,1g+0,DDAC,19.333333333333332
1160,Ctrl-2,-0.6323058491413106,1g+0,DDAC,19.333333333333332
1160,Ctrl-3,-0.6540162453462793,1g+0,DDAC,19.333333333333332
1180,Ctrl-1,-0.6525396807867025,1g+0,DDAC,19.666666666666668
1180,Ctrl-2,-0.593374685945198,1g+0,DDAC,19.666666666666668
1180,Ctrl-3,-0.6491823411108306,1g+0,DDAC,19.666666666666668
1200,Ctrl-1,-0.6653178664647815,1g+0,DDAC,20
1200,Ctrl-2,-0.6008807135186698,1g+0,DDAC,20
1200,Ctrl-3,-0.6659467069613597,1g+0,DDAC,20
1220,Ctrl-1,-0.6622297988433742,1g+0,DDAC,20.333333333333332
1220,Ctrl-2,-0.6267013600859092,1g+0,DDAC,20.333333333333332
1220,Ctrl-3,-0.6696492692990339,1g+0,DDAC,20.333333333333332
0,SR（6.5 Gy）-1,0,1g+6.5,DDAC,0
0,SR（6.5 Gy）-2,0,1g+6.5,DDAC,0
0,SR（6.5 Gy）-3,0,1g+6.5,DDAC,0
20,SR（6.5 Gy）-1,-0.10512099674666489,1g+6.5,DDAC,0.3333333333333333
20,SR（6.5 Gy）-2,-0.13630768713979186,1g+6.5,DDAC,0.3333333333333333
20,SR（6.5 Gy）-3,-0.1340349385478027,1g+6.5,DDAC,0.3333333333333333
40,SR（6.5 Gy）-1,-0.2119040139242187,1g+6.5,DDAC,0.6666666666666666
40,SR（6.5 Gy）-2,-0.27183270922743596,1g+6.5,DDAC,0.6666666666666666
40,SR（6.5 Gy）-3,-0.2643963680461359,1g+6.5,DDAC,0.6666666666666666
60,SR（6.5 Gy）-1,-0.2903292873335142,1g+6.5,DDAC,1
60,SR（6.5 Gy）-2,-0.37135187309082535,1g+6.5,DDAC,1
60,SR（6.5 Gy）-3,-0.39386420130368094,1g+6.5,DDAC,1
80,SR（6.5 Gy）-1,-0.37716836891058414,1g+6.5,DDAC,1.3333333333333333
80,SR（6.5 Gy）-2,-0.47545565595635886,1g+6.5,DDAC,1.3333333333333333
80,SR（6.5 Gy）-3,-0.4774622600575748,1g+6.5,DDAC,1.3333333333333333
100,SR（6.5 Gy）-1,-0.41871819862840587,1g+6.5,DDAC,1.6666666666666667
100,SR（6.5 Gy）-2,-0.5145924076624523,1g+6.5,DDAC,1.6666666666666667
100,SR（6.5 Gy）-3,-0.544579030953464,1g+6.5,DDAC,1.6666666666666667
120,SR（6.5 Gy）-1,-0.47387555748947463,1g+6.5,DDAC,2
120,SR（6.5 Gy）-2,-0.5674829497254836,1g+6.5,DDAC,2
120,SR（6.5 Gy）-3,-0.5739674288312745,1g+6.5,DDAC,2
140,SR（6.5 Gy）-1,-0.49652021437611726,1g+6.5,DDAC,2.3333333333333335
140,SR（6.5 Gy）-2,-0.6038242215471956,1g+6.5,DDAC,2.3333333333333335
140,SR（6.5 Gy）-3,-0.6024622600575745,1g+6.5,DDAC,2.3333333333333335
160,SR（6.5 Gy）-1,-0.5068037955286421,1g+6.5,DDAC,2.6666666666666665
160,SR（6.5 Gy）-2,-0.6106451977970468,1g+6.5,DDAC,2.6666666666666665
160,SR（6.5 Gy）-3,-0.6336378208276819,1g+6.5,DDAC,2.6666666666666665
180,SR（6.5 Gy）-1,-0.49381946213294103,1g+6.5,DDAC,3
180,SR（6.5 Gy）-2,-0.6498937540356274,1g+6.5,DDAC,3
180,SR（6.5 Gy）-3,-0.6622319240866916,1g+6.5,DDAC,3
200,SR（6.5 Gy）-1,-0.5369273895691932,1g+6.5,DDAC,3.3333333333333335
200,SR（6.5 Gy）-2,-0.6542547306480521,1g+6.5,DDAC,3.3333333333333335
200,SR（6.5 Gy）-3,-0.6555798398060084,1g+6.5,DDAC,3.3333333333333335
220,SR（6.5 Gy）-1,-0.5462760997078522,1g+6.5,DDAC,3.6666666666666665
220,SR（6.5 Gy）-2,-0.6692385041613284,1g+6.5,DDAC,3.6666666666666665
220,SR（6.5 Gy）-3,-0.6758339975140273,1g+6.5,DDAC,3.6666666666666665
240,SR（6.5 Gy）-1,-0.5338111631753139,1g+6.5,DDAC,4
240,SR（6.5 Gy）-2,-0.6648775608736521,1g+6.5,DDAC,4
240,SR（6.5 Gy）-3,-0.687450363983646,1g+6.5,DDAC,4
260,SR（6.5 Gy）-1,-0.57463384347611135,1g+6.5,DDAC,4.333333333333333
260,SR（6.5 Gy）-2,-0.6746058215403707,1g+6.5,DDAC,4.333333333333333
260,SR（6.5 Gy）-3,-0.6662033380021276,1g+6.5,DDAC,4.333333333333333
280,SR（6.5 Gy）-1,-0.544198605126259,1g+6.5,DDAC,4.666666666666667
280,SR（6.5 Gy）-2,-0.693167839964425,1g+6.5,DDAC,4.666666666666667
280,SR（6.5 Gy）-3,-0.6970810234955457,1g+6.5,DDAC,4.666666666666667
300,SR（6.5 Gy）-1,-0.563934757215864,1g+6.5,DDAC,5
300,SR（6.5 Gy）-2,-0.6962987667710132,1g+6.5,DDAC,5
300,SR（6.5 Gy）-3,-0.6921167708958902,1g+6.5,DDAC,5
320,SR（6.5 Gy）-1,-0.5511582073310428,1g+6.5,DDAC,5.333333333333333
320,SR（6.5 Gy）-2,-0.7058034183727598,1g+6.5,DDAC,5.333333333333333
320,SR（6.5 Gy）-3,-0.7194201897832719,1g+6.5,DDAC,5.333333333333333
340,SR（6.5 Gy）-1,-0.5539628203726406,1g+6.5,DDAC,5.666666666666667
340,SR（6.5 Gy）-2,-0.6997651738245555,1g+6.5,DDAC,5.666666666666667
340,SR（6.5 Gy）-3,-0.6833796780354995,1g+6.5,DDAC,5.666666666666667
360,SR（6.5 Gy）-1,-0.5565596808603768,1g+6.5,DDAC,6
360,SR（6.5 Gy）-2,-0.7108352888295979,1g+6.5,DDAC,6
360,SR（6.5 Gy）-3,-0.6987688551765743,1g+6.5,DDAC,6
380,SR（6.5 Gy）-1,-0.5624805202958549,1g+6.5,DDAC,6.333333333333333
380,SR（6.5 Gy）-2,-0.7066979546068927,1g+6.5,DDAC,6.333333333333333
380,SR（6.5 Gy）-3,-0.7067116830074452,1g+6.5,DDAC,6.333333333333333
400,SR（6.5 Gy）-1,-0.6040303500136766,1g+6.5,DDAC,6.666666666666667
400,SR（6.5 Gy）-2,-0.7112825736090379,1g+6.5,DDAC,6.666666666666667
400,SR（6.5 Gy）-3,-0.6850675097165281,1g+6.5,DDAC,6.666666666666667
420,SR（6.5 Gy）-1,-0.5657006384451753,1g+6.5,DDAC,7
420,SR（6.5 Gy）-2,-0.7230235824584914,1g+6.5,DDAC,7
420,SR（6.5 Gy）-3,-0.6572676714870371,1g+6.5,DDAC,7
440,SR（6.5 Gy）-1,-0.5734912199083841,1g+6.5,DDAC,7.333333333333333
440,SR（6.5 Gy）-2,-0.7217935826397788,1g+6.5,DDAC,7.333333333333333
440,SR（6.5 Gy）-3,-0.7427521947552177,1g+6.5,DDAC,7.333333333333333
460,SR（6.5 Gy）-1,-0.5444063576801204,1g+6.5,DDAC,7.666666666666667
460,SR（6.5 Gy）-2,-0.7205635661586909,1g+6.5,DDAC,7.666666666666667
460,SR（6.5 Gy）-3,-0.747220028012763,1g+6.5,DDAC,7.666666666666667
480,SR（6.5 Gy）-1,-0.5763997247054218,1g+6.5,DDAC,8
480,SR（6.5 Gy）-2,-0.7285027376947696,1g+6.5,DDAC,8
480,SR（6.5 Gy）-3,-0.7374900668788739,1g+6.5,DDAC,8
500,SR（6.5 Gy）-1,-0.5762958329499819,1g+6.5,DDAC,8.333333333333334
500,SR（6.5 Gy）-2,-0.7402437632065973,1g+6.5,DDAC,8.333333333333334
500,SR（6.5 Gy）-3,-0.7059173883886466,1g+6.5,DDAC,8.333333333333334
520,SR（6.5 Gy）-1,-0.5519891865894689,1g+6.5,DDAC,8.666666666666666
520,SR（6.5 Gy）-2,-0.7359946244514084,1g+6.5,DDAC,8.666666666666666
520,SR（6.5 Gy）-3,-0.7114773619524009,1g+6.5,DDAC,8.666666666666666
540,SR（6.5 Gy）-1,-0.5575984126726641,1g+6.5,DDAC,9
540,SR（6.5 Gy）-2,-0.7440456171823474,1g+6.5,DDAC,9
540,SR（6.5 Gy）-3,-0.7114773619524009,1g+6.5,DDAC,9
560,SR（6.5 Gy）-1,-0.5732834673545228,1g+6.5,DDAC,9.333333333333334
560,SR（6.5 Gy）-2,-0.7348764291651806,1g+6.5,DDAC,9.333333333333334
560,SR（6.5 Gy）-3,-0.7168387618614551,1g+6.5,DDAC,9.333333333333334
580,SR（6.5 Gy）-1,-0.5747377352315515,1g+6.5,DDAC,9.666666666666666
580,SR（6.5 Gy）-2,-0.74303924309098,1g+6.5,DDAC,9.666666666666666
580,SR（6.5 Gy）-3,-0.7433478861300373,1g+6.5,DDAC,9.666666666666666
600,SR（6.5 Gy）-1,-0.5688168648390548,1g+6.5,DDAC,10
600,SR（6.5 Gy）-2,-0.7410264949082452,1g+6.5,DDAC,10
600,SR（6.5 Gy）-3,-0.7038324093982182,1g+6.5,DDAC,10
620,SR（6.5 Gy）-1,-0.5565596808603768,1g+6.5,DDAC,10.333333333333334
620,SR（6.5 Gy）-2,-0.7523202523030071,1g+6.5,DDAC,10.333333333333334
620,SR（6.5 Gy）-3,-0.7139594882522281,1g+6.5,DDAC,10.333333333333334
640,SR（6.5 Gy）-1,-0.5804508221131682,1g+6.5,DDAC,10.666666666666666
640,SR（6.5 Gy）-2,-0.7396846572322969,1g+6.5,DDAC,10.666666666666666
640,SR（6.5 Gy）-3,-0.7445393280582357,1g+6.5,DDAC,10.666666666666666
660,SR（6.5 Gy）-1,-0.5854367905347804,1g+6.5,DDAC,11
660,SR（6.5 Gy）-2,-0.7442692595720679,1g+6.5,DDAC,11
660,SR（6.5 Gy）-3,-0.7283558267090834,1g+6.5,DDAC,11
680,SR（6.5 Gy）-1,-0.5784771883299964,1g+6.5,DDAC,11.333333333333334
680,SR（6.5 Gy）-2,-0.759923960254505,1g+6.5,DDAC,11.333333333333334
680,SR（6.5 Gy）-3,-0.7373907948461634,1g+6.5,DDAC,11.333333333333334
700,SR（6.5 Gy）-1,-0.6180533842646464,1g+6.5,DDAC,11.666666666666666
700,SR（6.5 Gy）-2,-0.7572403015649837,1g+6.5,DDAC,11.666666666666666
700,SR（6.5 Gy）-3,-0.7009531357889912,1g+6.5,DDAC,11.666666666666666
720,SR（6.5 Gy）-1,-0.5740105858145284,1g+6.5,DDAC,12
720,SR（6.5 Gy）-2,-0.7431510642858403,1g+6.5,DDAC,12
720,SR（6.5 Gy）-3,-0.7357029335758557,1g+6.5,DDAC,12
740,SR（6.5 Gy）-1,-0.594266134767295,1g+6.5,DDAC,12.333333333333334
740,SR（6.5 Gy）-2,-0.756569374395822,1g+6.5,DDAC,12.333333333333334
740,SR（6.5 Gy）-3,-0.7267672670607651,1g+6.5,DDAC,12.333333333333334
760,SR（6.5 Gy）-1,-0.5878258984686553,1g+6.5,DDAC,12.666666666666666
760,SR（6.5 Gy）-2,-0.7592530497477185,1g+6.5,DDAC,12.666666666666666
760,SR（6.5 Gy）-3,-0.7324265422465089,1g+6.5,DDAC,12.666666666666666
780,SR（6.5 Gy）-1,-0.5794120593438622,1g+6.5,DDAC,13
780,SR（6.5 Gy）-2,-0.7486302028597431,1g+6.5,DDAC,13
780,SR（6.5 Gy）-3,-0.7150516285584372,1g+6.5,DDAC,13
800,SR（6.5 Gy）-1,-0.5881375427779565,1g+6.5,DDAC,13.333333333333334
800,SR（6.5 Gy）-2,-0.751537503938985,1g+6.5,DDAC,13.333333333333334
800,SR（6.5 Gy）-3,-0.711080214643001,1g+6.5,DDAC,13.333333333333334
820,SR（6.5 Gy）-1,-0.5952010057811609,1g+6.5,DDAC,13.666666666666666
820,SR（6.5 Gy）-2,-0.7626076189440262,1g+6.5,DDAC,13.666666666666666
820,SR（6.5 Gy）-3,-0.7227958827346082,1g+6.5,DDAC,13.666666666666666
840,SR（6.5 Gy）-1,-0.5826321774931827,1g+6.5,DDAC,14
840,SR（6.5 Gy）-2,-0.754892089797668,1g+6.5,DDAC,14
840,SR（6.5 Gy）-3,-0.7241858687282275,1g+6.5,DDAC,14
860,SR（6.5 Gy）-1,-0.5712059727729307,1g+6.5,DDAC,14.333333333333334
860,SR（6.5 Gy）-2,-0.7497483981459708,1g+6.5,DDAC,14.333333333333334
860,SR（6.5 Gy）-3,-0.7333201088980179,1g+6.5,DDAC,14.333333333333334
880,SR（6.5 Gy）-1,-0.5896956404963871,1g+6.5,DDAC,14.666666666666666
880,SR（6.5 Gy）-2,-0.7669685788940767,1g+6.5,DDAC,14.666666666666666
880,SR（6.5 Gy）-3,-0.7176330564802538,1g+6.5,DDAC,14.666666666666666
900,SR（6.5 Gy）-1,-0.576919090611566,1g+6.5,DDAC,15
900,SR（6.5 Gy）-2,-0.7695404163887386,1g+6.5,DDAC,15
900,SR（6.5 Gy）-3,-0.7198173075033917,1g+6.5,DDAC,15
920,SR（6.5 Gy）-1,-0.6319725886742134,1g+6.5,DDAC,15.333333333333334
920,SR（6.5 Gy）-2,-0.7613776024629393,1g+6.5,DDAC,15.333333333333334
920,SR（6.5 Gy）-3,-0.7224980074579188,1g+6.5,DDAC,15.333333333333334
940,SR（6.5 Gy）-1,-0.5923963927395632,1g+6.5,DDAC,15.666666666666666
940,SR（6.5 Gy）-2,-0.7683103999076507,1g+6.5,DDAC,15.666666666666666
940,SR（6.5 Gy）-3,-0.7641977795967955,1g+6.5,DDAC,15.666666666666666
960,SR（6.5 Gy）-1,-0.5950971140257211,1g+6.5,DDAC,16
960,SR（6.5 Gy）-2,-0.7651794731010625,1g+6.5,DDAC,16
960,SR（6.5 Gy）-3,-0.7274622600575743,1g+6.5,DDAC,16
980,SR（6.5 Gy）-1,-0.617845631710785,1g+6.5,DDAC,16.333333333333332
980,SR（6.5 Gy）-2,-0.767639489400863,1g+6.5,DDAC,16.333333333333332
980,SR（6.5 Gy）-3,-0.7307386809762001,1g+6.5,DDAC,16.333333333333332
1000,SR（6.5 Gy）-1,-0.59810947962118,1g+6.5,DDAC,16.666666666666668
1000,SR（6.5 Gy）-2,-0.767974952985444,1g+6.5,DDAC,16.666666666666668
1000,SR（6.5 Gy）-3,-0.7489078596937915,1g+6.5,DDAC,16.666666666666668
1020,SR（6.5 Gy）-1,-0.6022644687843663,1g+6.5,DDAC,17
1020,SR（6.5 Gy）-2,-0.7735659127542083,1g+6.5,DDAC,17
1020,SR（6.5 Gy）-3,-0.7776012645747916,1g+6.5,DDAC,17
1040,SR（6.5 Gy）-1,-0.6274020944033053,1g+6.5,DDAC,17.333333333333332
1040,SR（6.5 Gy）-2,-0.7636139930353936,1g+6.5,DDAC,17.333333333333332
1040,SR（6.5 Gy）-3,-0.7305401073215013,1g+6.5,DDAC,17.333333333333332
1060,SR（6.5 Gy）-1,-0.5636231438635823,1g+6.5,DDAC,17.666666666666668
1060,SR（6.5 Gy）-2,-0.7583584801888361,1g+6.5,DDAC,17.666666666666668
1060,SR（6.5 Gy）-3,-0.7304408352887909,1g+6.5,DDAC,17.666666666666668
1080,SR（6.5 Gy）-1,-0.6155604155323501,1g+6.5,DDAC,18
1080,SR（6.5 Gy）-2,-0.7688695058819511,1g+6.5,DDAC,18
1080,SR（6.5 Gy）-3,-0.7417593264817192,1g+6.5,DDAC,18
1100,SR（6.5 Gy）-1,-0.627817599511028,1g+6.5,DDAC,18.333333333333332
1100,SR（6.5 Gy）-2,-0.7673040258162833,1g+6.5,DDAC,18.333333333333332
1100,SR（6.5 Gy）-3,-0.749007161315781,1g+6.5,DDAC,18.333333333333332
1120,SR（6.5 Gy）-1,-0.6276098469571667,1g+6.5,DDAC,18.666666666666668
1120,SR（6.5 Gy）-2,-0.7750195716250157,1g+6.5,DDAC,18.666666666666668
1120,SR（6.5 Gy）-3,-0.7798848320145595,1g+6.5,DDAC,18.666666666666668
1140,SR（6.5 Gy）-1,-0.640074783489705,1g+6.5,DDAC,19
1140,SR（6.5 Gy）-2,-0.7732304491696274,1g+6.5,DDAC,19
1140,SR（6.5 Gy）-3,-0.7756155724117142,1g+6.5,DDAC,19
1160,SR（6.5 Gy）-1,-0.6207541365078226,1g+6.5,DDAC,19.333333333333332
1160,SR（6.5 Gy）-2,-0.7651794731010625,1g+6.5,DDAC,19.333333333333332
1160,SR（6.5 Gy）-3,-0.7624106462937773,1g+6.5,DDAC,19.333333333333332
1180,SR（6.5 Gy）-1,-0.6028877264459493,1g+6.5,DDAC,19.666666666666668
1180,SR（6.5 Gy）-2,-0.7711058964544064,1g+6.5,DDAC,19.666666666666668
1180,SR（6.5 Gy）-3,-0.76985702519326,1g+6.5,DDAC,19.666666666666668
1200,SR（6.5 Gy）-1,-0.636231438635821,1g+6.5,DDAC,20
1200,SR（6.5 Gy）-2,-0.7768086774180298,1g+6.5,DDAC,20
1200,SR（6.5 Gy）-3,-0.76995631202061,1g+6.5,DDAC,20
1220,SR（6.5 Gy）-1,-0.6495273853838047,1g+6.5,DDAC,20.333333333333332
1220,SR（6.5 Gy）-2,-0.7769204986128901,1g+6.5,DDAC,20.333333333333332
1220,SR（6.5 Gy）-3,-0.773034159284536,1g+6.5,DDAC,20.333333333333332
0,SR（13 Gy）-1,0,1g+13,DDAC,0
0,SR（13 Gy）-2,0,1g+13,DDAC,0
0,SR（13 Gy）-3,0,1g+13,DDAC,0
20,SR（13 Gy）-1,-0.1568924271595707,1g+13,DDAC,0.3333333333333333
20,SR（13 Gy）-2,-0.14757063549309427,1g+13,DDAC,0.3333333333333333
20,SR（13 Gy）-3,-0.179360680411115,1g+13,DDAC,0.3333333333333333
40,SR（13 Gy）-1,-0.2698550314685051,1g+13,DDAC,0.6666666666666666
40,SR（13 Gy）-2,-0.24363742435498245,1g+13,DDAC,0.6666666666666666
40,SR（13 Gy）-3,-0.26357004706158144,1g+13,DDAC,0.6666666666666666
60,SR（13 Gy）-1,-0.35944599797891086,1g+13,DDAC,1
60,SR（13 Gy）-2,-0.29403479865669196,1g+13,DDAC,1
60,SR（13 Gy）-3,-0.321390260094793,1g+13,DDAC,1
80,SR（13 Gy）-1,-0.4250162023121725,1g+13,DDAC,1.3333333333333333
80,SR（13 Gy）-2,-0.3647520150519567,1g+13,DDAC,1.3333333333333333
80,SR（13 Gy）-3,-0.3794250549610188,1g+13,DDAC,1.3333333333333333
100,SR（13 Gy）-1,-0.4663492696754175,1g+13,DDAC,1.6666666666666667
100,SR（13 Gy）-2,-0.3929181933574484,1g+13,DDAC,1.6666666666666667
100,SR（13 Gy）-3,-0.43724520405447154,1g+13,DDAC,1.6666666666666667
120,SR（13 Gy）-1,-0.5114693796131602,1g+13,DDAC,2
120,SR（13 Gy）-2,-0.4441202693571201,1g+13,DDAC,2
120,SR（13 Gy）-3,-0.46685260561873243,1g+13,DDAC,2
140,SR（13 Gy）-1,-0.5339753247605057,1g+13,DDAC,2.3333333333333335
140,SR（13 Gy）-2,-0.44059951205853387,1g+13,DDAC,2.3333333333333335
140,SR（13 Gy）-3,-0.5157691431963523,1g+13,DDAC,2.3333333333333335
160,SR（13 Gy）-1,-0.5596191236105011,1g+13,DDAC,2.6666666666666665
160,SR（13 Gy）-2,-0.4501559218214405,1g+13,DDAC,2.6666666666666665
160,SR（13 Gy）-3,-0.5034327338703806,1g+13,DDAC,2.6666666666666665
180,SR（13 Gy）-1,-0.574550951362236,1g+13,DDAC,3
180,SR（13 Gy）-2,-0.4938134921991126,1g+13,DDAC,3
180,SR（13 Gy）-3,-0.5356146698524867,1g+13,DDAC,3
200,SR（13 Gy）-1,-0.594027262449983,1g+13,DDAC,3.3333333333333335
200,SR（13 Gy）-2,-0.4903932851387706,1g+13,DDAC,3.3333333333333335
200,SR（13 Gy）-3,-0.5272473850396696,1g+13,DDAC,3.3333333333333335
220,SR（13 Gy）-1,-0.5977061176280445,1g+13,DDAC,3.6666666666666665
220,SR（13 Gy）-2,-0.5007544265788397,1g+13,DDAC,3.6666666666666665
220,SR（13 Gy）-3,-0.5519202036916129,1g+13,DDAC,3.6666666666666665
240,SR（13 Gy）-1,-0.5996537487368191,1g+13,DDAC,4
240,SR（13 Gy）-2,-0.490695115728707,1g+13,DDAC,4
240,SR（13 Gy）-3,-0.5520274626382402,1g+13,DDAC,4
260,SR（13 Gy）-1,-0.6107985339140563,1g+13,DDAC,4.333333333333333
260,SR（13 Gy）-2,-0.49844078178559664,1g+13,DDAC,4.333333333333333
260,SR（13 Gy）-3,-0.548272919958099,1g+13,DDAC,4.333333333333333
280,SR（13 Gy）-1,-0.6219432868446776,1g+13,DDAC,4.666666666666667
280,SR（13 Gy）-2,-0.5155416971705031,1g+13,DDAC,4.666666666666667
280,SR（13 Gy）-3,-0.5655438802265078,1g+13,DDAC,4.666666666666667
300,SR（13 Gy）-1,-0.6291928098043641,1g+13,DDAC,5
300,SR（13 Gy）-2,-0.5128256715490793,1g+13,DDAC,5
300,SR（13 Gy）-3,-0.5751984642181275,1g+13,DDAC,5
320,SR（13 Gy）-1,-0.6353602975666126,1g+13,DDAC,5.333333333333333
320,SR（13 Gy）-2,-0.5309324790460381,1g+13,DDAC,5.333333333333333
320,SR（13 Gy）-3,-0.5727311887469094,1g+13,DDAC,5.333333333333333
340,SR（13 Gy）-1,-0.6294092168438522,1g+13,DDAC,5.666666666666667
340,SR（13 Gy）-2,-0.5248968865401188,1g+13,DDAC,5.666666666666667
340,SR（13 Gy）-3,-0.5829221314114232,1g+13,DDAC,5.666666666666667
360,SR（13 Gy）-1,-0.6413114105359884,1g+13,DDAC,6
360,SR（13 Gy）-2,-0.5421989623599142,1g+13,DDAC,6
360,SR（13 Gy）-3,-0.5805621148868325,1g+13,DDAC,6
380,SR（13 Gy）-1,-0.6491019349710874,1g+13,DDAC,6.333333333333333
380,SR（13 Gy）-2,-0.535257998000987,1g+13,DDAC,6.333333333333333
380,SR（13 Gy）-3,-0.582385772738529,1g+13,DDAC,6.333333333333333
400,SR（13 Gy）-1,-0.6562432382877231,1g+13,DDAC,6.666666666666667
400,SR（13 Gy）-2,-0.5442108365216209,1g+13,DDAC,6.666666666666667
400,SR（13 Gy）-3,-0.5771293810164514,1g+13,DDAC,6.666666666666667
420,SR（13 Gy）-1,-0.653538198664049,1g+13,DDAC,7
420,SR（13 Gy）-2,-0.5308318988285926,1g+13,DDAC,7
420,SR（13 Gy）-3,-0.5821712228753951,1g+13,DDAC,7
440,SR（13 Gy）-1,-0.6577580553175217,1g+13,DDAC,7.333333333333333
440,SR（13 Gy）-2,-0.5220802507220484,1g+13,DDAC,7.333333333333333
440,SR（13 Gy）-3,-0.5987985335544032,1g+13,DDAC,7.333333333333333
460,SR（13 Gy）-1,-0.6507249393973222,1g+13,DDAC,7.666666666666667
460,SR（13 Gy）-2,-0.5129262517665247,1g+13,DDAC,7.666666666666667
460,SR（13 Gy）-3,-0.580669405803339,1g+13,DDAC,7.666666666666667
480,SR（13 Gy）-1,-0.6470460842192609,1g+13,DDAC,8
480,SR（13 Gy）-2,-0.5618146829729534,1g+13,DDAC,8
480,SR（13 Gy）-3,-0.6056640332650437,1g+13,DDAC,8
500,SR（13 Gy）-1,-0.658299056792933,1g+13,DDAC,8.333333333333334
500,SR（13 Gy）-2,-0.5516547619261752,1g+13,DDAC,8.333333333333334
500,SR（13 Gy）-3,-0.6077022090099948,1g+13,DDAC,8.333333333333334
520,SR（13 Gy）-1,-0.6493183420105755,1g+13,DDAC,8.666666666666666
520,SR（13 Gy）-2,-0.5342520759097334,1g+13,DDAC,8.666666666666666
520,SR（13 Gy）-3,-0.6155331671197973,1g+13,DDAC,8.666666666666666
540,SR（13 Gy）-1,-0.6607877216237356,1g+13,DDAC,9
540,SR（13 Gy）-2,-0.5599034190078922,1g+13,DDAC,9
540,SR（13 Gy）-3,-0.6049131247290156,1g+13,DDAC,9
560,SR（13 Gy）-1,-0.666738802346496,1g+13,DDAC,9.333333333333334
560,SR（13 Gy）-2,-0.5155416971705031,1g+13,DDAC,9.333333333333334
560,SR（13 Gy）-3,-0.6157476850130508,1g+13,DDAC,9.333333333333334
580,SR（13 Gy）-1,-0.6580826497534461,1g+13,DDAC,9.666666666666666
580,SR（13 Gy）-2,-0.5471280525571356,1g+13,DDAC,9.666666666666666
580,SR（13 Gy）-3,-0.5910748983309868,1g+13,DDAC,9.666666666666666
600,SR（13 Gy）-1,-0.6720406941974089,1g+13,DDAC,10
600,SR（13 Gy）-2,-0.5275123019648962,1g+13,DDAC,10
600,SR（13 Gy）-3,-0.6271186359398615,1g+13,DDAC,10
620,SR（13 Gy）-1,-0.6570006468026225,1g+13,DDAC,10.333333333333334
620,SR（13 Gy）-2,-0.557992155042831,1g+13,DDAC,10.333333333333334
620,SR（13 Gy）-3,-0.590431248741586,1g+13,DDAC,10.333333333333334
640,SR（13 Gy）-1,-0.6831854471280293,1g+13,DDAC,10.666666666666666
640,SR（13 Gy）-2,-0.5388793654962186,1g+13,DDAC,10.666666666666666
640,SR（13 Gy）-3,-0.6009440002158611,1g+13,DDAC,10.666666666666666
660,SR（13 Gy）-1,-0.6735555112272075,1g+13,DDAC,11
660,SR（13 Gy）-2,-0.5757971919082544,1g+13,DDAC,11
660,SR（13 Gy）-3,-0.6258313687309384,1g+13,DDAC,11
680,SR（13 Gy）-1,-0.6611123160596598,1g+13,DDAC,11.333333333333334
680,SR（13 Gy）-2,-0.5249974667575633,1g+13,DDAC,11.333333333333334
680,SR（13 Gy）-3,-0.6184295423172832,1g+13,DDAC,11.333333333333334
700,SR（13 Gy）-1,-0.6573252412385456,1g+13,DDAC,11.666666666666666
700,SR（13 Gy）-2,-0.5285182540353506,1g+13,DDAC,11.666666666666666
700,SR（13 Gy）-3,-0.59579489941029,1g+13,DDAC,11.666666666666666
720,SR（13 Gy）-1,-0.674421107138543,1g+13,DDAC,12
720,SR（13 Gy）-2,-0.5289206048843313,1g+13,DDAC,12
720,SR（13 Gy）-3,-0.6269041180466068,1g+13,DDAC,12
740,SR（13 Gy）-1,-0.6572170538421105,1g+13,DDAC,12.333333333333334
740,SR（13 Gy）-2,-0.5243939254944916,1g+13,DDAC,12.333333333333334
740,SR（13 Gy）-3,-0.629585943380959,1g+13,DDAC,12.333333333333334
760,SR（13 Gy）-1,-0.6874053360281185,1g+13,DDAC,12.666666666666666
760,SR（13 Gy）-2,-0.5574891640180046,1g+13,DDAC,12.666666666666666
760,SR（13 Gy）-3,-0.6416005119272911,1g+13,DDAC,12.666666666666666
780,SR（13 Gy）-1,-0.6742047323456716,1g+13,DDAC,13
780,SR（13 Gy）-2,-0.5390805559103096,1g+13,DDAC,13
780,SR（13 Gy）-3,-0.6326968364716995,1g+13,DDAC,13
800,SR（13 Gy）-1,-0.6867561149096555,1g+13,DDAC,13.333333333333334
800,SR（13 Gy）-2,-0.5610099512957911,1g+13,DDAC,13.333333333333334
800,SR（13 Gy）-3,-0.6449259868510437,1g+13,DDAC,13.333333333333334
820,SR（13 Gy）-1,-0.664682983841285,1g+13,DDAC,13.666666666666666
820,SR（13 Gy）-2,-0.583744078358435,1g+13,DDAC,13.666666666666666
820,SR（13 Gy）-3,-0.6409568943077697,1g+13,DDAC,13.666666666666666
840,SR（13 Gy）-1,-0.6769097719693455,1g+13,DDAC,14
840,SR（13 Gy）-2,-0.5758977721256989,1g+13,DDAC,14
840,SR（13 Gy）-3,-0.6465350948396076,1g+13,DDAC,14
860,SR（13 Gy）-1,-0.668578213812219,1g+13,DDAC,14.333333333333334
860,SR（13 Gy）-2,-0.5874660260711122,1g+13,DDAC,14.333333333333334
860,SR（13 Gy）-3,-0.641815061790425,1g+13,DDAC,14.333333333333334
880,SR（13 Gy）-1,-0.6882709319394541,1g+13,DDAC,14.666666666666666
880,SR（13 Gy）-2,-0.598430738753453,1g+13,DDAC,14.666666666666666
880,SR（13 Gy）-3,-0.6060931329913115,1g+13,DDAC,14.666666666666666
900,SR（13 Gy）-1,-0.6758277367719066,1g+13,DDAC,15
900,SR（13 Gy）-2,-0.5121214901101613,1g+13,DDAC,15
900,SR（13 Gy）-3,-0.6364514111217199,1g+13,DDAC,15
920,SR（13 Gy）-1,-0.671716067514869,1g+13,DDAC,15.333333333333334
920,SR（13 Gy）-2,-0.5978271675111804,1g+13,DDAC,15.333333333333334
920,SR（13 Gy）-3,-0.6510405460557769,1g+13,DDAC,15.333333333333334
940,SR（13 Gy）-1,-0.6798312186325077,1g+13,DDAC,15.666666666666666
940,SR（13 Gy）-2,-0.5730811662868306,1g+13,DDAC,15.666666666666666
940,SR（13 Gy）-3,-0.6271186359398615,1g+13,DDAC,15.666666666666666
960,SR（13 Gy）-1,-0.6786409960386324,1g+13,DDAC,16
960,SR（13 Gy）-2,-0.600040232086978,1g+13,DDAC,16
960,SR（13 Gy）-3,-0.6577987548499106,1g+13,DDAC,16
980,SR（13 Gy）-1,-0.6887037460184302,1g+13,DDAC,16.333333333333332
980,SR（13 Gy）-2,-0.5953123323038474,1g+13,DDAC,16.333333333333332
980,SR（13 Gy）-3,-0.607487659146861,1g+13,DDAC,16.333333333333332
1000,SR（13 Gy）-1,-0.6713914730789446,1g+13,DDAC,16.666666666666668
1000,SR（13 Gy）-2,-0.5643295481594865,1g+13,DDAC,16.666666666666668
1000,SR（13 Gy）-3,-0.6527569129909668,1g+13,DDAC,16.666666666666668
1020,SR（13 Gy）-1,-0.7030945722947525,1g+13,DDAC,17
1020,SR（13 Gy）-2,-0.5935016485562314,1g+13,DDAC,17
1020,SR（13 Gy）-3,-0.6618751383096924,1g+13,DDAC,17
1040,SR（13 Gy）-1,-0.6974680860079164,1g+13,DDAC,17.333333333333332
1040,SR（13 Gy）-2,-0.6025550672943109,1g+13,DDAC,17.333333333333332
1040,SR（13 Gy）-3,-0.6565114876409884,1g+13,DDAC,17.333333333333332
1060,SR（13 Gy）-1,-0.6991993100772032,1g+13,DDAC,17.666666666666668
1060,SR（13 Gy）-2,-0.6056734737439164,1g+13,DDAC,17.666666666666668
1060,SR（13 Gy）-3,-0.6484660116379314,1g+13,DDAC,17.666666666666668
1080,SR（13 Gy）-1,-0.6922744138000554,1g+13,DDAC,18
1080,SR（13 Gy）-2,-0.6106025339619369,1g+13,DDAC,18
1080,SR（13 Gy）-3,-0.6634842462982551,1g+13,DDAC,18
1100,SR（13 Gy）-1,-0.7113179108088274,1g+13,DDAC,18.333333333333332
1100,SR（13 Gy）-2,-0.5825369658530908,1g+13,DDAC,18.333333333333332
1100,SR（13 Gy）-3,-0.6175713428647485,1g+13,DDAC,18.333333333333332
1120,SR（13 Gy）-1,-0.712616320799138,1g+13,DDAC,18.666666666666668
1120,SR（13 Gy）-2,-0.576601953564617,1g+13,DDAC,18.666666666666668
1120,SR（13 Gy）-3,-0.6751770060348261,1g+13,DDAC,18.666666666666668
1140,SR（13 Gy）-1,-0.7079636500666893,1g+13,DDAC,19
1140,SR（13 Gy）-2,-0.557086813169023,1g+13,DDAC,19
1140,SR（13 Gy）-3,-0.6288350348449309,1g+13,DDAC,19
1160,SR（13 Gy）-1,-0.6959532689781167,1g+13,DDAC,19.333333333333332
1160,SR（13 Gy）-2,-0.6253898045536003,1g+13,DDAC,19.333333333333332
1160,SR（13 Gy）-3,-0.6621969471194535,1g+13,DDAC,19.333333333333332
1180,SR（13 Gy）-1,-0.6987664959982269,1g+13,DDAC,19.666666666666668
1180,SR（13 Gy）-2,-0.5494416973503786,1g+13,DDAC,19.666666666666668
1180,SR（13 Gy）-3,-0.6260459185940723,1g+13,DDAC,19.666666666666668
1200,SR（13 Gy）-1,-0.7042847948886278,1g+13,DDAC,20
1200,SR（13 Gy）-2,-0.580525091691384,1g+13,DDAC,20
1200,SR（13 Gy）-3,-0.6116713335231494,1g+13,DDAC,20
1220,SR（13 Gy）-1,-0.7130491348781142,1g+13,DDAC,20.333333333333332
1220,SR（13 Gy）-2,-0.6090936508250574,1g+13,DDAC,20.333333333333332
1220,SR（13 Gy）-3,-0.6333404860611002,1g+13,DDAC,20.333333333333332
0,SR（19.5 Gy）-1,0,1g+19.5,DDAC,0
0,SR（19.5 Gy）-2,0,1g+19.5,DDAC,0
0,SR（19.5 Gy）-3,0,1g+19.5,DDAC,0
20,SR（19.5 Gy）-1,-0.17383303882842516,1g+19.5,DDAC,0.3333333333333333
20,SR（19.5 Gy）-2,-0.13266168203312426,1g+19.5,DDAC,0.3333333333333333
20,SR（19.5 Gy）-3,-0.1408957627040204,1g+19.5,DDAC,0.3333333333333333
40,SR（19.5 Gy）-1,-0.2906964208293085,1g+19.5,DDAC,0.6666666666666666
40,SR（19.5 Gy）-2,-0.2318242363964098,1g+19.5,DDAC,0.6666666666666666
40,SR（19.5 Gy）-3,-0.24341662466526848,1g+19.5,DDAC,0.6666666666666666
60,SR（19.5 Gy）-1,-0.3884978080623328,1g+19.5,DDAC,1
60,SR（19.5 Gy）-2,-0.314115760484095,1g+19.5,DDAC,1
60,SR（19.5 Gy）-3,-0.30992570951059684,1g+19.5,DDAC,1
80,SR（19.5 Gy）-1,-0.4277049843244885,1g+19.5,DDAC,1.3333333333333333
80,SR（19.5 Gy）-2,-0.3868187425539402,1g+19.5,DDAC,1.3333333333333333
80,SR（19.5 Gy）-3,-0.3706954827781754,1g+19.5,DDAC,1.3333333333333333
100,SR（19.5 Gy）-1,-0.48034228158284326,1g+19.5,DDAC,1.6666666666666667
100,SR（19.5 Gy）-2,-0.4314843908027547,1g+19.5,DDAC,1.6666666666666667
100,SR（19.5 Gy）-3,-0.4071573467387219,1g+19.5,DDAC,1.6666666666666667
120,SR（19.5 Gy）-1,-0.506335987105307,1g+19.5,DDAC,2
120,SR（19.5 Gy）-2,-0.4714164289184756,1g+19.5,DDAC,2
120,SR（19.5 Gy）-3,-0.4255007668916381,1g+19.5,DDAC,2
140,SR（19.5 Gy）-1,-0.536878605619324,1g+19.5,DDAC,2.3333333333333335
140,SR（19.5 Gy）-2,-0.5051583809529044,1g+19.5,DDAC,2.3333333333333335
140,SR（19.5 Gy）-3,-0.4668017016636578,1g+19.5,DDAC,2.3333333333333335
160,SR（19.5 Gy）-1,-0.5557240469648178,1g+19.5,DDAC,2.6666666666666665
160,SR（19.5 Gy）-2,-0.5329530350983754,1g+19.5,DDAC,2.6666666666666665
160,SR（19.5 Gy）-3,-0.46972766861588,1g+19.5,DDAC,2.6666666666666665
180,SR（19.5 Gy）-1,-0.557673576492905,1g+19.5,DDAC,3
180,SR（19.5 Gy）-2,-0.5526155870019479,1g+19.5,DDAC,3
180,SR（19.5 Gy）-3,-0.49864957177355823,1g+19.5,DDAC,3
200,SR（19.5 Gy）-1,-0.5804180768945733,1g+19.5,DDAC,3.3333333333333335
200,SR（19.5 Gy）-2,-0.5801674891273428,1g+19.5,DDAC,3.3333333333333335
200,SR（19.5 Gy）-3,-0.5121539546535161,1g+19.5,DDAC,3.3333333333333335
220,SR（19.5 Gy）-1,-0.58258422440112,1g+19.5,DDAC,3.6666666666666665
220,SR（19.5 Gy）-2,-0.5733705410819903,1g+19.5,DDAC,3.6666666666666665
220,SR（19.5 Gy）-3,-0.5127166302863236,1g+19.5,DDAC,3.6666666666666665
240,SR（19.5 Gy）-1,-0.6126936069582177,1g+19.5,DDAC,4
240,SR（19.5 Gy）-2,-0.5931544870817294,1g+19.5,DDAC,4
240,SR（19.5 Gy）-3,-0.5246455079790132,1g+19.5,DDAC,4
260,SR（19.5 Gy）-1,-0.60673672552375,1g+19.5,DDAC,4.333333333333333
260,SR（19.5 Gy）-2,-0.602743029099568,1g+19.5,DDAC,4.333333333333333
260,SR（19.5 Gy）-3,-0.5148548111063996,1g+19.5,DDAC,4.333333333333333
280,SR（19.5 Gy）-1,-0.6165926660143921,1g+19.5,DDAC,4.666666666666667
280,SR（19.5 Gy）-2,-0.6134239371216195,1g+19.5,DDAC,4.666666666666667
280,SR（19.5 Gy）-3,-0.5391627204134306,1g+19.5,DDAC,4.666666666666667
300,SR（19.5 Gy）-1,-0.6338135209385108,1g+19.5,DDAC,5
300,SR（19.5 Gy）-2,-0.6248331012038991,1g+19.5,DDAC,5
300,SR（19.5 Gy）-3,-0.5310600839777536,1g+19.5,DDAC,5
320,SR（19.5 Gy）-1,-0.6267735496117472,1g+19.5,DDAC,5.333333333333333
320,SR（19.5 Gy）-2,-0.6290812072968418,1g+19.5,DDAC,5.333333333333333
320,SR（19.5 Gy）-3,-0.545802373372996,1g+19.5,DDAC,5.333333333333333
340,SR（19.5 Gy）-1,-0.6491931069067013,1g+19.5,DDAC,5.666666666666667
340,SR（19.5 Gy）-2,-0.6344216432217379,1g+19.5,DDAC,5.666666666666667
340,SR（19.5 Gy）-3,-0.5513166750669461,1g+19.5,DDAC,5.666666666666667
360,SR（19.5 Gy）-1,-0.6395537843945188,1g+19.5,DDAC,6
360,SR（19.5 Gy）-2,-0.6276246951763865,1g+19.5,DDAC,6
360,SR（19.5 Gy）-3,-0.5498536915908356,1g+19.5,DDAC,6
380,SR（19.5 Gy）-1,-0.6570995501473046,1g+19.5,DDAC,6.333333333333333
380,SR（19.5 Gy）-2,-0.6353926513020423,1g+19.5,DDAC,6.333333333333333
380,SR（19.5 Gy）-3,-0.5560432241672626,1g+19.5,DDAC,6.333333333333333
400,SR（19.5 Gy）-1,-0.6364128721239296,1g+19.5,DDAC,6.666666666666667
400,SR（19.5 Gy）-2,-0.6464376692680794,1g+19.5,DDAC,6.666666666666667
400,SR（19.5 Gy）-3,-0.5438892695137472,1g+19.5,DDAC,6.666666666666667
420,SR（19.5 Gy）-1,-0.6303476655612085,1g+19.5,DDAC,7
420,SR（19.5 Gy）-2,-0.6690132092403045,1g+19.5,DDAC,7
420,SR（19.5 Gy）-3,-0.5523295046214057,1g+19.5,DDAC,7
440,SR（19.5 Gy）-1,-0.6431279326220286,1g+19.5,DDAC,7.333333333333333
440,SR（19.5 Gy）-2,-0.6583323012182531,1g+19.5,DDAC,7.333333333333333
440,SR（19.5 Gy）-3,-0.5687598544535858,1g+19.5,DDAC,7.333333333333333
460,SR（19.5 Gy）-1,-0.6357630504665981,1g+19.5,DDAC,7.666666666666667
460,SR（19.5 Gy）-2,-0.6699842173206076,1g+19.5,DDAC,7.666666666666667
460,SR（19.5 Gy）-3,-0.5732612930545624,1g+19.5,DDAC,7.666666666666667
480,SR（19.5 Gy）-1,-0.638037490823351,1g+19.5,DDAC,8
480,SR（19.5 Gy）-2,-0.6790872552982954,1g+19.5,DDAC,8
480,SR（19.5 Gy）-3,-0.5704478813520096,1g+19.5,DDAC,8
500,SR（19.5 Gy）-1,-0.6484349601211173,1g+19.5,DDAC,8.333333333333334
500,SR（19.5 Gy）-2,-0.6765384133458843,1g+19.5,DDAC,8.333333333333334
500,SR（19.5 Gy）-3,-0.5614449706115423,1g+19.5,DDAC,8.333333333333334
520,SR（19.5 Gy）-1,-0.6402036383298978,1g+19.5,DDAC,8.666666666666666
520,SR（19.5 Gy）-2,-0.686126955363724,1g+19.5,DDAC,8.666666666666666
520,SR（19.5 Gy）-3,-0.5820391603727174,1g+19.5,DDAC,8.666666666666666
540,SR（19.5 Gy）-1,-0.6458356089356997,1g+19.5,DDAC,9
540,SR（19.5 Gy）-2,-0.6846704794155257,1g+19.5,DDAC,9
540,SR（19.5 Gy）-3,-0.5886788133322829,1g+19.5,DDAC,9
560,SR（19.5 Gy）-1,-0.6450774621501156,1g+19.5,DDAC,9.333333333333334
560,SR（19.5 Gy）-2,-0.6771452753099461,1g+19.5,DDAC,9.333333333333334
560,SR（19.5 Gy）-3,-0.6036461796883522,1g+19.5,DDAC,9.333333333333334
580,SR（19.5 Gy）-1,-0.6523340191772917,1g+19.5,DDAC,9.666666666666666
580,SR（19.5 Gy）-2,-0.6900109153404228,1g+19.5,DDAC,9.666666666666666
580,SR（19.5 Gy）-3,-0.5892414889650915,1g+19.5,DDAC,9.666666666666666
600,SR（19.5 Gy）-1,-0.6557998745545952,1g+19.5,DDAC,10
600,SR（19.5 Gy）-2,-0.6947444893012595,1g+19.5,DDAC,10
600,SR（19.5 Gy）-3,-0.6136619199832792,1g+19.5,DDAC,10
620,SR（19.5 Gy）-1,-0.673562226007792,1g+19.5,DDAC,10.333333333333334
620,SR（19.5 Gy）-2,-0.6770239173860365,1g+19.5,DDAC,10.333333333333334
620,SR（19.5 Gy）-3,-0.593067730222104,1g+19.5,DDAC,10.333333333333334
640,SR（19.5 Gy）-1,-0.6647893431313998,1g+19.5,DDAC,10.666666666666666
640,SR（19.5 Gy）-2,-0.6787231453543098,1g+19.5,DDAC,10.666666666666666
640,SR（19.5 Gy）-3,-0.6096106353039534,1g+19.5,DDAC,10.666666666666666
660,SR（19.5 Gy）-1,-0.6419365498795254,1g+19.5,DDAC,11
660,SR（19.5 Gy）-2,-0.66476513931962,1g+19.5,DDAC,11
660,SR（19.5 Gy）-3,-0.6276164567848881,1g+19.5,DDAC,11
680,SR（19.5 Gy）-1,-0.6880754046182397,1g+19.5,DDAC,11.333333333333334
680,SR（19.5 Gy）-2,-0.7000849613984137,1g+19.5,DDAC,11.333333333333334
680,SR（19.5 Gy）-3,-0.6339185110724718,1g+19.5,DDAC,11.333333333333334
700,SR（19.5 Gy）-1,-0.6710711676725795,1g+19.5,DDAC,11.666666666666666
700,SR（19.5 Gy）-2,-0.6918315374048627,1g+19.5,DDAC,11.666666666666666
700,SR（19.5 Gy）-3,-0.6340310663221411,1g+19.5,DDAC,11.666666666666666
720,SR（19.5 Gy）-1,-0.6808188153130152,1g+19.5,DDAC,12
720,SR（19.5 Gy）-2,-0.7004490713423982,1g+19.5,DDAC,12
720,SR（19.5 Gy）-3,-0.6444969605387201,1g+19.5,DDAC,12
740,SR（19.5 Gy）-1,-0.7011805502296782,1g+19.5,DDAC,12.333333333333334
740,SR（19.5 Gy）-2,-0.6850345893595113,1g+19.5,DDAC,12.333333333333334
740,SR（19.5 Gy）-3,-0.6246905233711785,1g+19.5,DDAC,12.333333333333334
760,SR（19.5 Gy）-1,-0.6782194318495504,1g+19.5,DDAC,12.666666666666666
760,SR（19.5 Gy）-2,-0.707610147417865,1g+19.5,DDAC,12.666666666666666
760,SR（19.5 Gy）-3,-0.6318928519635525,1g+19.5,DDAC,12.666666666666666
780,SR（19.5 Gy）-1,-0.6791941966135939,1g+19.5,DDAC,13
780,SR（19.5 Gy）-2,-0.686126955363724,1g+19.5,DDAC,13
780,SR（19.5 Gy）-3,-0.6271663364017497,1g+19.5,DDAC,13
800,SR（19.5 Gy）-1,-0.6574244609759693,1g+19.5,DDAC,13.333333333333334
800,SR（19.5 Gy）-2,-0.7012987034126645,1g+19.5,DDAC,13.333333333333334
800,SR（19.5 Gy）-3,-0.6447220374995459,1g+19.5,DDAC,13.333333333333334
820,SR（19.5 Gy）-1,-0.7045380804787271,1g+19.5,DDAC,13.666666666666666
820,SR（19.5 Gy）-2,-0.7036047933449996,1g+19.5,DDAC,13.666666666666666
820,SR（19.5 Gy）-3,-0.6366194010638692,1g+19.5,DDAC,13.666666666666666
840,SR（19.5 Gy）-1,-0.696198433559254,1g+19.5,DDAC,14
840,SR（19.5 Gy）-2,-0.69644375344179,1g+19.5,DDAC,14
840,SR（19.5 Gy）-3,-0.642133702757818,1g+19.5,DDAC,14
860,SR（19.5 Gy）-1,-0.6976064342802158,1g+19.5,DDAC,14.333333333333334
860,SR（19.5 Gy）-2,-0.6982643393339726,1g+19.5,DDAC,14.333333333333334
860,SR（19.5 Gy）-3,-0.660477156449248,1g+19.5,DDAC,14.333333333333334
880,SR（19.5 Gy）-1,-0.6931658141388699,1g+19.5,DDAC,14.666666666666666
880,SR（19.5 Gy）-2,-0.6891613013562862,1g+19.5,DDAC,14.666666666666666
880,SR（19.5 Gy）-3,-0.660477156449248,1g+19.5,DDAC,14.666666666666666
900,SR（19.5 Gy）-1,-0.7070291388139397,1g+19.5,DDAC,15
900,SR（19.5 Gy）-2,-0.707488771407827,1g+19.5,DDAC,15
900,SR（19.5 Gy）-3,-0.6359441701813909,1g+19.5,DDAC,15
920,SR（19.5 Gy）-1,-0.6573161681257631,1g+19.5,DDAC,15.333333333333334
920,SR（19.5 Gy）-2,-0.7170773134256655,1g+19.5,DDAC,15.333333333333334
920,SR（19.5 Gy）-3,-0.6539500252008382,1g+19.5,DDAC,15.333333333333334
940,SR（19.5 Gy）-1,-0.7084371395349015,1g+19.5,DDAC,15.666666666666666
940,SR（19.5 Gy）-2,-0.7112513553744889,1g+19.5,DDAC,15.666666666666666
940,SR（19.5 Gy）-3,-0.6721809571811126,1g+19.5,DDAC,15.666666666666666
960,SR（19.5 Gy）-1,-0.6759449914927974,1g+19.5,DDAC,16
960,SR（19.5 Gy）-2,-0.7148925814172401,1g+19.5,DDAC,16
960,SR（19.5 Gy）-3,-0.6616025077148643,1g+19.5,DDAC,16
980,SR（19.5 Gy）-1,-0.6639229034956097,1g+19.5,DDAC,16.333333333333332
980,SR（19.5 Gy）-2,-0.7187765413939401,1g+19.5,DDAC,16.333333333333332
980,SR（19.5 Gy）-3,-0.6668917324479886,1g+19.5,DDAC,16.333333333333332
1000,SR（19.5 Gy）-1,-0.7057294632212304,1g+19.5,DDAC,16.666666666666668
1000,SR（19.5 Gy）-2,-0.6999635853883757,1g+19.5,DDAC,16.666666666666668
1000,SR（19.5 Gy）-3,-0.6740940610403626,1g+19.5,DDAC,16.666666666666668
1020,SR（19.5 Gy）-1,-0.7007473142727589,1g+19.5,DDAC,17
1020,SR（19.5 Gy）-2,-0.7219322633965403,1g+19.5,DDAC,17
1020,SR（19.5 Gy）-3,-0.6703803750330183,1g+19.5,DDAC,17
1040,SR（19.5 Gy）-1,-0.6631647567100246,1g+19.5,DDAC,17.333333333333332
1040,SR（19.5 Gy）-2,-0.7214467774425166,1g+19.5,DDAC,17.333333333333332
1040,SR（19.5 Gy）-3,-0.6811838679215798,1g+19.5,DDAC,17.333333333333332
1060,SR（19.5 Gy）-1,-0.7005307285723467,1g+19.5,DDAC,17.666666666666668
1060,SR（19.5 Gy）-2,-0.7163490573654385,1g+19.5,DDAC,17.666666666666668
1060,SR（19.5 Gy）-3,-0.6654287489718768,1g+19.5,DDAC,17.666666666666668
1080,SR（19.5 Gy）-1,-0.720784138360755,1g+19.5,DDAC,18
1080,SR（19.5 Gy）-2,-0.7243597474250418,1g+19.5,DDAC,18
1080,SR（19.5 Gy）-3,-0.6851226644282618,1g+19.5,DDAC,18
1100,SR（19.5 Gy）-1,-0.7164518756257097,1g+19.5,DDAC,18.333333333333332
1100,SR（19.5 Gy）-2,-0.7275154694276422,1g+19.5,DDAC,18.333333333333332
1100,SR（19.5 Gy）-3,-0.6821966974760395,1g+19.5,DDAC,18.333333333333332
1120,SR（19.5 Gy）-1,-0.7227336678888422,1g+19.5,DDAC,18.666666666666668
1120,SR（19.5 Gy）-2,-0.7275154694276422,1g+19.5,DDAC,18.666666666666668
1120,SR（19.5 Gy）-3,-0.6973891407929339,1g+19.5,DDAC,18.666666666666668
1140,SR（19.5 Gy）-1,-0.720784138360755,1g+19.5,DDAC,19
1140,SR（19.5 Gy）-2,-0.7231460054107912,1g+19.5,DDAC,19
1140,SR（19.5 Gy）-3,-0.7116813098050379,1g+19.5,DDAC,19
1160,SR（19.5 Gy）-1,-0.682551726862644,1g+19.5,DDAC,19.333333333333332
1160,SR（19.5 Gy）-2,-0.7309139434503185,1g+19.5,DDAC,19.333333333333332
1160,SR（19.5 Gy）-3,-0.6760071984381251,1g+19.5,DDAC,19.333333333333332
1180,SR（19.5 Gy）-1,-0.7193761699178405,1g+19.5,DDAC,19.666666666666668
1180,SR（19.5 Gy）-2,-0.73334142747882,1g+19.5,DDAC,19.666666666666668
1180,SR（19.5 Gy）-3,-0.7117938315161948,1g+19.5,DDAC,19.666666666666668
1200,SR（19.5 Gy）-1,-0.7187263159824627,1g+19.5,DDAC,20
1200,SR（19.5 Gy）-2,-0.7277582214477183,1g+19.5,DDAC,20
1200,SR（19.5 Gy）-3,-0.731487730203322,1g+19.5,DDAC,20
1220,SR（19.5 Gy）-1,-0.7276074917090611,1g+19.5,DDAC,20.333333333333332
1220,SR（19.5 Gy）-2,-0.7379536254296174,1g+19.5,DDAC,20.333333333333332
1220,SR（19.5 Gy）-3,-0.7143821662579215,1g+19.5,DDAC,20.333333333333332
0,SMG-1,0,SMG+0,DDAC,0
0,SMG-2,0,SMG+0,DDAC,0
0,SMG-3,0,SMG+0,DDAC,0
20,SMG-1,-0.13854496967103694,SMG+0,DDAC,0.3333333333333333
20,SMG-2,-0.1578255922477472,SMG+0,DDAC,0.3333333333333333
20,SMG-3,-0.12001625174408773,SMG+0,DDAC,0.3333333333333333
40,SMG-1,-0.2501790487445,SMG+0,DDAC,0.6666666666666666
40,SMG-2,-0.2605840098754487,SMG+0,DDAC,0.6666666666666666
40,SMG-3,-0.234452693673974,SMG+0,DDAC,0.6666666666666666
60,SMG-1,-0.3118796455777139,SMG+0,DDAC,1
60,SMG-2,-0.354855044240955,SMG+0,DDAC,1
60,SMG-3,-0.30587401741831943,SMG+0,DDAC,1
80,SMG-1,-0.3753197734645337,SMG+0,DDAC,1.3333333333333333
80,SMG-2,-0.40678991865474823,SMG+0,DDAC,1.3333333333333333
80,SMG-3,-0.3724256834639656,SMG+0,DDAC,1.3333333333333333
100,SMG-1,-0.4284252377034853,SMG+0,DDAC,1.6666666666666667
100,SMG-2,-0.4655956179354998,SMG+0,DDAC,1.6666666666666667
100,SMG-3,-0.4303540565444112,SMG+0,DDAC,1.6666666666666667
120,SMG-1,-0.47109382056629273,SMG+0,DDAC,2
120,SMG-2,-0.5032838262073861,SMG+0,DDAC,2
120,SMG-3,-0.4559196536412047,SMG+0,DDAC,2
140,SMG-1,-0.49176302588383475,SMG+0,DDAC,2.3333333333333335
140,SMG-2,-0.5211680498633765,SMG+0,DDAC,2.3333333333333335
140,SMG-3,-0.49264480989704384,SMG+0,DDAC,2.3333333333333335
160,SMG-1,-0.4938094540786552,SMG+0,DDAC,2.6666666666666665
160,SMG-2,-0.5549156486189118,SMG+0,DDAC,2.6666666666666665
160,SMG-3,-0.48949985916687067,SMG+0,DDAC,2.6666666666666665
180,SMG-1,-0.5088509208713415,SMG+0,DDAC,3
180,SMG-2,-0.5667374169430045,SMG+0,DDAC,3
180,SMG-3,-0.5138480267216504,SMG+0,DDAC,3
200,SMG-1,-0.5287015305153162,SMG+0,DDAC,3.3333333333333335
200,SMG-2,-0.5666363594589411,SMG+0,DDAC,3.3333333333333335
200,SMG-3,-0.531601920313241,SMG+0,DDAC,3.3333333333333335
220,SMG-1,-0.5298270538246477,SMG+0,DDAC,3.6666666666666665
220,SMG-2,-0.5863393167032543,SMG+0,DDAC,3.6666666666666665
220,SMG-3,-0.5312975478103987,SMG+0,DDAC,3.6666666666666665
240,SMG-1,-0.5548961346512425,SMG+0,DDAC,4
240,SMG-2,-0.5925027994067358,SMG+0,DDAC,4
240,SMG-3,-0.5436745365114573,SMG+0,DDAC,4
260,SMG-1,-0.5566356352102999,SMG+0,DDAC,4.333333333333333
260,SMG-2,-0.5901788386230628,SMG+0,DDAC,4.333333333333333
260,SMG-3,-0.5554428406761879,SMG+0,DDAC,4.333333333333333
280,SMG-1,-0.5585797541931984,SMG+0,DDAC,4.666666666666667
280,SMG-2,-0.6082651471346981,SMG+0,DDAC,4.666666666666667
280,SMG-3,-0.5629502019132266,SMG+0,DDAC,4.666666666666667
300,SMG-1,-0.5644121416364463,SMG+0,DDAC,5
300,SMG-2,-0.609174513928859,SMG+0,DDAC,5
300,SMG-3,-0.5402252132784416,SMG+0,DDAC,5
320,SMG-1,-0.5477335444857228,SMG+0,DDAC,5.333333333333333
320,SMG-2,-0.6216025067074042,SMG+0,DDAC,5.333333333333333
320,SMG-3,-0.5392107188947746,SMG+0,DDAC,5.333333333333333
340,SMG-1,-0.5560216884551236,SMG+0,DDAC,5.666666666666667
340,SMG-2,-0.6208952247688883,SMG+0,DDAC,5.666666666666667
340,SMG-3,-0.5620371448740554,SMG+0,DDAC,5.666666666666667
360,SMG-1,-0.5574542003893174,SMG+0,DDAC,6
360,SMG-2,-0.6168535878809548,SMG+0,DDAC,6
360,SMG-3,-0.5613269927585534,SMG+0,DDAC,6
380,SMG-1,-0.567686463341618,SMG+0,DDAC,6.333333333333333
380,SMG-2,-0.6251389465124664,SMG+0,DDAC,6.333333333333333
380,SMG-3,-0.5773562096162965,SMG+0,DDAC,6.333333333333333
400,SMG-1,-0.5738258394097283,SMG+0,DDAC,6.666666666666667
400,SMG-2,-0.624835804172759,SMG+0,DDAC,6.666666666666667
400,SMG-3,-0.6031246814020813,SMG+0,DDAC,6.666666666666667
420,SMG-1,-0.5619564156048417,SMG+0,DDAC,7
420,SMG-2,-0.6309992868762404,SMG+0,DDAC,7
420,SMG-3,-0.5638632589523979,SMG+0,DDAC,7
440,SMG-1,-0.604215700630865,SMG+0,DDAC,7.333333333333333
440,SMG-2,-0.6368596573524955,SMG+0,DDAC,7.333333333333333
440,SMG-3,-0.5889215786226795,SMG+0,DDAC,7.333333333333333
460,SMG-1,-0.583751144231715,SMG+0,DDAC,7.666666666666667
460,SMG-2,-0.6444377039330089,SMG+0,DDAC,7.666666666666667
460,SMG-3,-0.5790808561154656,SMG+0,DDAC,7.666666666666667
480,SMG-1,-0.5611378199312734,SMG+0,DDAC,8
480,SMG-2,-0.6558553025458117,SMG+0,DDAC,8
480,SMG-3,-0.571066247686594,SMG+0,DDAC,8
500,SMG-1,-0.5825232812159133,SMG+0,DDAC,8.333333333333334
500,SMG-2,-0.624330607089887,SMG+0,DDAC,8.333333333333334
500,SMG-3,-0.5691386962637558,SMG+0,DDAC,8.333333333333334
520,SMG-1,-0.596439163710169,SMG+0,DDAC,8.666666666666666
520,SMG-2,-0.6558553025458117,SMG+0,DDAC,8.666666666666666
520,SMG-3,-0.5775591145399657,SMG+0,DDAC,8.666666666666666
540,SMG-1,-0.5504962591421896,SMG+0,DDAC,9
540,SMG-2,-0.6489845379038134,SMG+0,DDAC,9
540,SMG-3,-0.6056609475959259,SMG+0,DDAC,9
560,SMG-1,-0.6087178853518397,SMG+0,DDAC,9.333333333333334
560,SMG-2,-0.6571688390512624,SMG+0,DDAC,9.333333333333334
560,SMG-3,-0.6053566053277609,SMG+0,DDAC,9.333333333333334
580,SMG-1,-0.6005320810889091,SMG+0,DDAC,9.666666666666666
580,SMG-2,-0.6353440359914,SMG+0,DDAC,9.666666666666666
580,SMG-3,-0.6001826053608988,SMG+0,DDAC,9.666666666666666
600,SMG-1,-0.5939834071840158,SMG+0,DDAC,10
600,SMG-2,-0.6625240124446452,SMG+0,DDAC,10
600,SMG-3,-0.604139206020426,SMG+0,DDAC,10
620,SMG-1,-0.6015552951863197,SMG+0,DDAC,10.333333333333334
620,SMG-2,-0.6617156730220668,SMG+0,DDAC,10.333333333333334
620,SMG-3,-0.6190524609153298,SMG+0,DDAC,10.333333333333334
640,SMG-1,-0.5667655584561291,SMG+0,DDAC,10.666666666666666
640,SMG-2,-0.6329190779486247,SMG+0,DDAC,10.666666666666666
640,SMG-3,-0.6185452137234958,SMG+0,DDAC,10.666666666666666
660,SMG-1,-0.6054435636466678,SMG+0,DDAC,11
660,SMG-2,-0.6557542751742294,SMG+0,DDAC,11
660,SMG-3,-0.616414727142311,SMG+0,DDAC,11
680,SMG-1,-0.5956205680366017,SMG+0,DDAC,11.333333333333334
680,SMG-2,-0.6304940897933692,SMG+0,DDAC,11.333333333333334
680,SMG-3,-0.5915593123956983,SMG+0,DDAC,11.333333333333334
700,SMG-1,-0.5793512687226622,SMG+0,DDAC,11.666666666666666
700,SMG-2,-0.6578761209897784,SMG+0,DDAC,11.666666666666666
700,SMG-3,-0.6210814799173403,SMG+0,DDAC,11.666666666666666
720,SMG-1,-0.589071924626257,SMG+0,DDAC,12
720,SMG-2,-0.662928152043454,SMG+0,DDAC,12
720,SMG-3,-0.5937912060867004,SMG+0,DDAC,12
740,SMG-1,-0.585388305084301,SMG+0,DDAC,12.333333333333334
740,SMG-2,-0.6384763060851725,SMG+0,DDAC,12.333333333333334
740,SMG-3,-0.6249365827630168,SMG+0,DDAC,12.333333333333334
760,SMG-1,-0.6078993201728211,SMG+0,DDAC,12.666666666666666
760,SMG-2,-0.6534303445030364,SMG+0,DDAC,12.666666666666666
760,SMG-3,-0.6009942250555742,SMG+0,DDAC,12.666666666666666
780,SMG-1,-0.5701422198677724,SMG+0,DDAC,13
780,SMG-2,-0.6380721363738826,SMG+0,DDAC,13
780,SMG-3,-0.6139799285276399,SMG+0,DDAC,13
800,SMG-1,-0.5873324545617494,SMG+0,DDAC,13.333333333333334
800,SMG-2,-0.6543397112971973,SMG+0,DDAC,13.333333333333334
800,SMG-3,-0.5933854264740407,SMG+0,DDAC,13.333333333333334
820,SMG-1,-0.611378290796385,SMG+0,DDAC,13.666666666666666
820,SMG-2,-0.6565626145968078,SMG+0,DDAC,13.666666666666666
820,SMG-3,-0.5971390919752203,SMG+0,DDAC,13.666666666666666
840,SMG-1,-0.6238616613564477,SMG+0,DDAC,14
840,SMG-2,-0.6498939046979744,SMG+0,DDAC,14
840,SMG-3,-0.6362990770804092,SMG+0,DDAC,14
860,SMG-1,-0.6073876826295665,SMG+0,DDAC,14.333333333333334
860,SMG-2,-0.6648479431158382,SMG+0,DDAC,14.333333333333334
860,SMG-3,-0.6005884152082369,SMG+0,DDAC,14.333333333333334
880,SMG-1,-0.5856952632146147,SMG+0,DDAC,14.666666666666666
880,SMG-2,-0.6662625069928712,SMG+0,DDAC,14.666666666666666
880,SMG-3,-0.6014000349029124,SMG+0,DDAC,14.666666666666666
900,SMG-1,-0.57679320298458725,SMG+0,DDAC,15
900,SMG-2,-0.6206931399132434,SMG+0,DDAC,15
900,SMG-3,-0.6242264306475146,SMG+0,DDAC,15
920,SMG-1,-0.6027831582021216,SMG+0,DDAC,15.333333333333334
920,SMG-2,-0.6728301594076425,SMG+0,DDAC,15.333333333333334
920,SMG-3,-0.6326468489237245,SMG+0,DDAC,15.333333333333334
940,SMG-1,-0.6188478390922185,SMG+0,DDAC,15.666666666666666
940,SMG-2,-0.6627260973002901,SMG+0,DDAC,15.666666666666666
940,SMG-3,-0.6424875714309384,SMG+0,DDAC,15.666666666666666
960,SMG-1,-0.6080016293847428,SMG+0,DDAC,16
960,SMG-2,-0.6279680742665305,SMG+0,DDAC,16
960,SMG-3,-0.595008635628714,SMG+0,DDAC,16
980,SMG-1,-0.6217128629606073,SMG+0,DDAC,16.333333333333332
980,SMG-2,-0.6742447232846744,SMG+0,DDAC,16.333333333333332
980,SMG-3,-0.6330526587710616,SMG+0,DDAC,16.333333333333332
1000,SMG-1,-0.6206896488631966,SMG+0,DDAC,16.666666666666668
1000,SMG-2,-0.6643427460329671,SMG+0,DDAC,16.666666666666668
1000,SMG-3,-0.6350816777730732,SMG+0,DDAC,16.666666666666668
1020,SMG-1,-0.6204849999448045,SMG+0,DDAC,17
1020,SMG-2,-0.6641406611773221,SMG+0,DDAC,17
1020,SMG-3,-0.6476615713978018,SMG+0,DDAC,17
1040,SMG-1,-0.6172106782396327,SMG+0,DDAC,17.333333333333332
1040,SMG-2,-0.6726280745519975,SMG+0,DDAC,17.333333333333332
1040,SMG-3,-0.6352845826967423,SMG+0,DDAC,17.333333333333332
1060,SMG-1,-0.6292847509629113,SMG+0,DDAC,17.666666666666668
1060,SMG-2,-0.6643427460329671,SMG+0,DDAC,17.666666666666668
1060,SMG-3,-0.6378208488905867,SMG+0,DDAC,17.666666666666668
1080,SMG-1,-0.6324567634561624,SMG+0,DDAC,18
1080,SMG-2,-0.6644437734045494,SMG+0,DDAC,18
1080,SMG-3,-0.6228061264165095,SMG+0,DDAC,18
1100,SMG-1,-0.6289777928325975,SMG+0,DDAC,18.333333333333332
1100,SMG-2,-0.6595938272065177,SMG+0,DDAC,18.333333333333332
1100,SMG-3,-0.6231104989193519,SMG+0,DDAC,18.333333333333332
1120,SMG-1,-0.6273406319800116,SMG+0,DDAC,18.666666666666668
1120,SMG-2,-0.6739416110574471,SMG+0,DDAC,18.666666666666668
1120,SMG-3,-0.619458270762667,SMG+0,DDAC,18.666666666666668
1140,SMG-1,-0.6312289004403596,SMG+0,DDAC,19
1140,SMG-2,-0.6672729312710947,SMG+0,DDAC,19
1140,SMG-3,-0.6484731608577986,SMG+0,DDAC,19
1160,SMG-1,-0.6259081200458178,SMG+0,DDAC,19.333333333333332
1160,SMG-2,-0.6731332716348686,SMG+0,DDAC,19.333333333333332
1160,SMG-3,-0.6472557615504635,SMG+0,DDAC,19.333333333333332
1180,SMG-1,-0.6317405074890645,SMG+0,DDAC,19.666666666666668
1180,SMG-2,-0.6820248547208327,SMG+0,DDAC,19.666666666666668
1180,SMG-3,-0.6512123319753121,SMG+0,DDAC,19.666666666666668
1200,SMG-1,-0.6245779173235446,SMG+0,DDAC,20
1200,SMG-2,-0.6582802907010671,SMG+0,DDAC,20
1200,SMG-3,-0.57532719061428506,SMG+0,DDAC,20
1220,SMG-1,-0.6429960150333245,SMG+0,DDAC,20.333333333333332
1220,SMG-2,-0.6720218199850629,SMG+0,DDAC,20.333333333333332
1220,SMG-3,-0.654357312940164,SMG+0,DDAC,20.333333333333332
0,SMG+SR（6.5 Gy）-1,0,SMG+6.5,DDAC,0
0,SMG+SR（6.5 Gy）-2,0,SMG+6.5,DDAC,0
0,SMG+SR（6.5 Gy）-3,0,SMG+6.5,DDAC,0
20,SMG+SR（6.5 Gy）-1,-0.13009222130642112,SMG+6.5,DDAC,0.3333333333333333
20,SMG+SR（6.5 Gy）-2,-0.13035459144826583,SMG+6.5,DDAC,0.3333333333333333
20,SMG+SR（6.5 Gy）-3,-0.14801480584408114,SMG+6.5,DDAC,0.3333333333333333
40,SMG+SR（6.5 Gy）-1,-0.2100134816354429,SMG+6.5,DDAC,0.6666666666666666
40,SMG+SR（6.5 Gy）-2,-0.2094691613147396,SMG+6.5,DDAC,0.6666666666666666
40,SMG+SR（6.5 Gy）-3,-0.23452344717647802,SMG+6.5,DDAC,0.6666666666666666
60,SMG+SR（6.5 Gy）-1,-0.2866175923603246,SMG+6.5,DDAC,1
60,SMG+SR（6.5 Gy）-2,-0.26880504290245594,SMG+6.5,DDAC,1
60,SMG+SR（6.5 Gy）-3,-0.32013202795642104,SMG+6.5,DDAC,1
80,SMG+SR（6.5 Gy）-1,-0.3468435549503302,SMG+6.5,DDAC,1.3333333333333333
80,SMG+SR（6.5 Gy）-2,-0.3143062084548804,SMG+6.5,DDAC,1.3333333333333333
80,SMG+SR（6.5 Gy）-3,-0.3908390896315818,SMG+6.5,DDAC,1.3333333333333333
100,SMG+SR（6.5 Gy）-1,-0.3870633142580348,SMG+6.5,DDAC,1.6666666666666667
100,SMG+SR（6.5 Gy）-2,-0.3566304549200307,SMG+6.5,DDAC,1.6666666666666667
100,SMG+SR（6.5 Gy）-3,-0.4252425168122771,SMG+6.5,DDAC,1.6666666666666667
120,SMG+SR（6.5 Gy）-1,-0.4197159341562367,SMG+6.5,DDAC,2
120,SMG+SR（6.5 Gy）-2,-0.37579422213646196,SMG+6.5,DDAC,2
120,SMG+SR（6.5 Gy）-3,-0.47484748328190757,SMG+6.5,DDAC,2
140,SMG+SR（6.5 Gy）-1,-0.4453197965026835,SMG+6.5,DDAC,2.3333333333333335
140,SMG+SR（6.5 Gy）-2,-0.4124820485135884,SMG+6.5,DDAC,2.3333333333333335
140,SMG+SR（6.5 Gy）-3,-0.5188518842137878,SMG+6.5,DDAC,2.3333333333333335
160,SMG+SR（6.5 Gy）-1,-0.467502832873442,SMG+6.5,DDAC,2.6666666666666665
160,SMG+SR（6.5 Gy）-2,-0.4118671885341135,SMG+6.5,DDAC,2.6666666666666665
160,SMG+SR（6.5 Gy）-3,-0.5087508668872495,SMG+6.5,DDAC,2.6666666666666665
180,SMG+SR（6.5 Gy）-1,-0.47942363845985575,SMG+6.5,DDAC,3
180,SMG+SR（6.5 Gy）-2,-0.4344127467205074,SMG+6.5,DDAC,3
180,SMG+SR（6.5 Gy）-3,-0.5301530120822359,SMG+6.5,DDAC,3
200,SMG+SR（6.5 Gy）-1,-0.4907225093883347,SMG+6.5,DDAC,3.3333333333333335
200,SMG+SR（6.5 Gy）-2,-0.4544988649890018,SMG+6.5,DDAC,3.3333333333333335
200,SMG+SR（6.5 Gy）-3,-0.532653259764307,SMG+6.5,DDAC,3.3333333333333335
220,SMG+SR（6.5 Gy）-1,-0.504820148063204,SMG+6.5,DDAC,3.6666666666666665
220,SMG+SR（6.5 Gy）-2,-0.4540889379750677,SMG+6.5,DDAC,3.6666666666666665
220,SMG+SR（6.5 Gy）-3,-0.5401540028105214,SMG+6.5,DDAC,3.6666666666666665
240,SMG+SR（6.5 Gy）-1,-0.5143567987109032,SMG+6.5,DDAC,4
240,SMG+SR（6.5 Gy）-2,-0.442918594823216,SMG+6.5,DDAC,4
240,SMG+SR（6.5 Gy）-3,-0.5699569814094789,SMG+6.5,DDAC,4
260,SMG+SR（6.5 Gy）-1,-0.512179934729607,SMG+6.5,DDAC,4.333333333333333
260,SMG+SR（6.5 Gy）-2,-0.46618157109613223,SMG+6.5,DDAC,4.333333333333333
260,SMG+SR（6.5 Gy）-3,-0.5477547724549875,SMG+6.5,DDAC,4.333333333333333
280,SMG+SR（6.5 Gy）-1,-0.5248263513455068,SMG+6.5,DDAC,4.666666666666667
280,SMG+SR（6.5 Gy）-2,-0.4585980740454866,SMG+6.5,DDAC,4.666666666666667
280,SMG+SR（6.5 Gy）-3,-0.5593559205075864,SMG+6.5,DDAC,4.666666666666667
300,SMG+SR（6.5 Gy）-1,-0.5260702824470591,SMG+6.5,DDAC,5
300,SMG+SR（6.5 Gy）-2,-0.48524284128836637,SMG+6.5,DDAC,5
300,SMG+SR（6.5 Gy）-3,-0.5749574767736212,SMG+6.5,DDAC,5
320,SMG+SR（6.5 Gy）-1,-0.5344666783647556,SMG+6.5,DDAC,5.333333333333333
320,SMG+SR（6.5 Gy）-2,-0.467923715093212,SMG+6.5,DDAC,5.333333333333333
320,SMG+SR（6.5 Gy）-3,-0.571057095158438,SMG+6.5,DDAC,5.333333333333333
340,SMG+SR（6.5 Gy）-1,-0.529905659444745,SMG+6.5,DDAC,5.666666666666667
340,SMG+SR（6.5 Gy）-2,-0.49200654539399524,SMG+6.5,DDAC,5.666666666666667
340,SMG+SR（6.5 Gy）-3,-0.5680568039010137,SMG+6.5,DDAC,5.666666666666667
360,SMG+SR（6.5 Gy）-1,-0.5446252636703908,SMG+6.5,DDAC,6
360,SMG+SR（6.5 Gy）-2,-0.48585776235069256,SMG+6.5,DDAC,6
360,SMG+SR（6.5 Gy）-3,-0.5779577978363496,SMG+6.5,DDAC,6
380,SMG+SR（6.5 Gy）-1,-0.5392349882421854,SMG+6.5,DDAC,6.333333333333333
380,SMG+SR（6.5 Gy）-2,-0.48841976037563944,SMG+6.5,DDAC,6.333333333333333
380,SMG+SR（6.5 Gy）-3,-0.5810580858867236,SMG+6.5,DDAC,6.333333333333333
400,SMG+SR（6.5 Gy）-1,-0.5425520760606438,SMG+6.5,DDAC,6.666666666666667
400,SMG+SR（6.5 Gy）-2,-0.5158843816463862,SMG+6.5,DDAC,6.666666666666667
400,SMG+SR（6.5 Gy）-3,-0.5933593307111821,SMG+6.5,DDAC,6.666666666666667
420,SMG+SR（6.5 Gy）-1,-0.5447289091491003,SMG+6.5,DDAC,7
420,SMG+SR（6.5 Gy）-2,-0.4772494172237877,SMG+6.5,DDAC,7
420,SMG+SR（6.5 Gy）-3,-0.5956595550020509,SMG+6.5,DDAC,7
440,SMG+SR（6.5 Gy）-1,-0.5516740830078254,SMG+6.5,DDAC,7.333333333333333
440,SMG+SR（6.5 Gy）-2,-0.48913711737931037,SMG+6.5,DDAC,7.333333333333333
440,SMG+SR（6.5 Gy）-3,-0.5874587449892809,SMG+6.5,DDAC,7.333333333333333
460,SMG+SR（6.5 Gy）-1,-0.5476313841598819,SMG+6.5,DDAC,7.666666666666667
460,SMG+SR（6.5 Gy）-2,-0.5091207080821836,SMG+6.5,DDAC,7.666666666666667
460,SMG+SR（6.5 Gy）-3,-0.5668566933591039,SMG+6.5,DDAC,7.666666666666667
480,SMG+SR（6.5 Gy）-1,-0.5579972913157759,SMG+6.5,DDAC,8
480,SMG+SR（6.5 Gy）-2,-0.47858163420693356,SMG+6.5,DDAC,8
480,SMG+SR（6.5 Gy）-3,-0.5975597623158192,SMG+6.5,DDAC,8
500,SMG+SR（6.5 Gy）-1,-0.5592412224173282,SMG+6.5,DDAC,8.333333333333334
500,SMG+SR（6.5 Gy）-2,-0.5246976597388329,SMG+6.5,DDAC,8.333333333333334
500,SMG+SR（6.5 Gy）-3,-0.5774577244556923,SMG+6.5,DDAC,8.333333333333334
520,SMG+SR（6.5 Gy）-1,-0.5567533911070635,SMG+6.5,DDAC,8.666666666666666
520,SMG+SR（6.5 Gy）-2,-0.4974380019750531,SMG+6.5,DDAC,8.666666666666666
520,SMG+SR（6.5 Gy）-3,-0.6155615396656725,SMG+6.5,DDAC,8.666666666666666
540,SMG+SR（6.5 Gy）-1,-0.5572716802862898,SMG+6.5,DDAC,9
540,SMG+SR（6.5 Gy）-2,-0.4950809369156471,SMG+6.5,DDAC,9
540,SMG+SR（6.5 Gy）-3,-0.5985598494665267,SMG+6.5,DDAC,9
560,SMG+SR（6.5 Gy）-1,-0.5681559075142509,SMG+6.5,DDAC,9.333333333333334
560,SMG+SR（6.5 Gy）-2,-0.4885222268584104,SMG+6.5,DDAC,9.333333333333334
560,SMG+SR（6.5 Gy）-3,-0.602160210897558,SMG+6.5,DDAC,9.333333333333334
580,SMG+SR（6.5 Gy）-1,-0.5629729230434636,SMG+6.5,DDAC,9.666666666666666
580,SMG+SR（6.5 Gy）-2,-0.4848329753572837,SMG+6.5,DDAC,9.666666666666666
580,SMG+SR（6.5 Gy）-3,-0.6047604553725787,SMG+6.5,DDAC,9.666666666666666
600,SMG+SR（6.5 Gy）-1,-0.5565460692568046,SMG+6.5,DDAC,10
600,SMG+SR（6.5 Gy）-2,-0.5301291163198897,SMG+6.5,DDAC,10
600,SMG+SR（6.5 Gy）-3,-0.6082608200106604,SMG+6.5,DDAC,10
620,SMG+SR（6.5 Gy）-1,-0.5657717216826958,SMG+6.5,DDAC,10.333333333333334
620,SMG+SR（6.5 Gy）-2,-0.5319737573411657,SMG+6.5,DDAC,10.333333333333334
620,SMG+SR（6.5 Gy）-3,-0.5811581124849764,SMG+6.5,DDAC,10.333333333333334
640,SMG+SR（6.5 Gy）-1,-0.5679485856639921,SMG+6.5,DDAC,10.666666666666666
640,SMG+SR（6.5 Gy）-2,-0.5224431222450491,SMG+6.5,DDAC,10.666666666666666
640,SMG+SR（6.5 Gy）-3,-0.5725572556898028,SMG+6.5,DDAC,10.666666666666666
660,SMG+SR（6.5 Gy）-1,-0.5713693189611599,SMG+6.5,DDAC,11
660,SMG+SR（6.5 Gy）-2,-0.5395572849332363,SMG+6.5,DDAC,11
660,SMG+SR（6.5 Gy）-3,-0.5873587183910284,SMG+6.5,DDAC,11
680,SMG+SR（6.5 Gy）-1,-0.5650461106532105,SMG+6.5,DDAC,11.333333333333334
680,SMG+SR（6.5 Gy）-2,-0.5294117593162188,SMG+6.5,DDAC,11.333333333333334
680,SMG+SR（6.5 Gy）-3,-0.5949594880354955,SMG+6.5,DDAC,11.333333333333334
700,SMG+SR（6.5 Gy）-1,-0.57593033788117165,SMG+6.5,DDAC,11.666666666666666
700,SMG+SR（6.5 Gy）-2,-0.5363803963873884,SMG+6.5,DDAC,11.666666666666666
700,SMG+SR（6.5 Gy）-3,-0.5697569580182766,SMG+6.5,DDAC,11.666666666666666
720,SMG+SR（6.5 Gy）-1,-0.5708510297819337,SMG+6.5,DDAC,12
720,SMG+SR（6.5 Gy）-2,-0.5407870354336123,SMG+6.5,DDAC,12
720,SMG+SR（6.5 Gy）-3,-0.6172617235882395,SMG+6.5,DDAC,12
740,SMG+SR（6.5 Gy）-1,-0.5708510297819337,SMG+6.5,DDAC,12.333333333333334
740,SMG+SR（6.5 Gy）-2,-0.5506251310608921,SMG+6.5,DDAC,12.333333333333334
740,SMG+SR（6.5 Gy）-3,-0.6128612685923991,SMG+6.5,DDAC,12.333333333333334
760,SMG+SR（6.5 Gy）-1,-0.5677412638137331,SMG+6.5,DDAC,12.666666666666666
760,SMG+SR（6.5 Gy）-2,-0.5445787839589341,SMG+6.5,DDAC,12.666666666666666
760,SMG+SR（6.5 Gy）-3,-0.5839583803511994,SMG+6.5,DDAC,12.666666666666666
780,SMG+SR（6.5 Gy）-1,-0.5701254187524486,SMG+6.5,DDAC,13
780,SMG+SR（6.5 Gy）-2,-0.5697888677358971,SMG+6.5,DDAC,13
780,SMG+SR（6.5 Gy）-3,-0.6368636880677092,SMG+6.5,DDAC,13
800,SMG+SR（6.5 Gy）-1,-0.5819425788601527,SMG+6.5,DDAC,13.333333333333334
800,SMG+SR（6.5 Gy）-2,-0.5509325610506299,SMG+6.5,DDAC,13.333333333333334
800,SMG+SR（6.5 Gy）-3,-0.6291629216302934,SMG+6.5,DDAC,13.333333333333334
820,SMG+SR（6.5 Gy）-1,-0.5817352570098949,SMG+6.5,DDAC,13.666666666666666
820,SMG+SR（6.5 Gy）-2,-0.5683541537285551,SMG+6.5,DDAC,13.666666666666666
820,SMG+SR（6.5 Gy）-3,-0.6067606594792967,SMG+6.5,DDAC,13.666666666666666
840,SMG+SR（6.5 Gy）-1,-0.5823571916678307,SMG+6.5,DDAC,14
840,SMG+SR（6.5 Gy）-2,-0.5911047365047675,SMG+6.5,DDAC,14
840,SMG+SR（6.5 Gy）-3,-0.5879587885646351,SMG+6.5,DDAC,14
860,SMG+SR（6.5 Gy）-1,-0.5830828026973159,SMG+6.5,DDAC,14.333333333333334
860,SMG+SR（6.5 Gy）-2,-0.5649723322171665,SMG+6.5,DDAC,14.333333333333334
860,SMG+SR（6.5 Gy）-3,-0.6290628950320398,SMG+6.5,DDAC,14.333333333333334
880,SMG+SR（6.5 Gy）-1,-0.5845340556491271,SMG+6.5,DDAC,14.666666666666666
880,SMG+SR（6.5 Gy）-2,-0.5432465669757882,SMG+6.5,DDAC,14.666666666666666
880,SMG+SR（6.5 Gy）-3,-0.6262626271658176,SMG+6.5,DDAC,14.666666666666666
900,SMG+SR（6.5 Gy）-1,-0.5811132914591183,SMG+6.5,DDAC,15
900,SMG+SR（6.5 Gy）-2,-0.5377126439119605,SMG+6.5,DDAC,15
900,SMG+SR（6.5 Gy）-3,-0.5884588321399884,SMG+6.5,DDAC,15
920,SMG+SR（6.5 Gy）-1,-0.5775888817904009,SMG+6.5,DDAC,15.333333333333334
920,SMG+SR（6.5 Gy）-2,-0.5758352148378549,SMG+6.5,DDAC,15.333333333333334
920,SMG+SR（6.5 Gy）-3,-0.6178617937618455,SMG+6.5,DDAC,15.333333333333334
940,SMG+SR（6.5 Gy）-1,-0.5817352570098949,SMG+6.5,DDAC,15.666666666666666
940,SMG+SR（6.5 Gy）-2,-0.5608731231606805,SMG+6.5,DDAC,15.666666666666666
940,SMG+SR（6.5 Gy）-3,-0.6515651539759861,SMG+6.5,DDAC,15.666666666666666
960,SMG+SR（6.5 Gy）-1,-0.5728205719129712,SMG+6.5,DDAC,16
960,SMG+SR（6.5 Gy）-2,-0.5685591172355221,SMG+6.5,DDAC,16
960,SMG+SR（6.5 Gy）-3,-0.6171616969899858,SMG+6.5,DDAC,16
980,SMG+SR（6.5 Gy）-1,-0.5809059696088594,SMG+6.5,DDAC,16.333333333333332
980,SMG+SR（6.5 Gy）-2,-0.5551342365898857,SMG+6.5,DDAC,16.333333333333332
980,SMG+SR（6.5 Gy）-3,-0.6085608401948123,SMG+6.5,DDAC,16.333333333333332
1000,SMG+SR（6.5 Gy）-1,-0.5669119764126986,SMG+6.5,DDAC,16.666666666666668
1000,SMG+SR（6.5 Gy）-2,-0.5637425511753654,SMG+6.5,DDAC,16.666666666666668
1000,SMG+SR（6.5 Gy）-3,-0.6370637114589115,SMG+6.5,DDAC,16.666666666666668
1020,SMG+SR（6.5 Gy）-1,-0.5825645135180886,SMG+6.5,DDAC,17
1020,SMG+SR（6.5 Gy）-2,-0.5704037582567981,SMG+6.5,DDAC,17
1020,SMG+SR（6.5 Gy）-3,-0.6346634605697888,SMG+6.5,DDAC,17
1040,SMG+SR（6.5 Gy）-1,-0.5814242587880867,SMG+6.5,DDAC,17.333333333333332
1040,SMG+SR（6.5 Gy）-2,-0.5925394505121093,SMG+6.5,DDAC,17.333333333333332
1040,SMG+SR（6.5 Gy）-3,-0.645664568254085,SMG+6.5,DDAC,17.333333333333332
1060,SMG+SR（6.5 Gy）-1,-0.5771742380898832,SMG+6.5,DDAC,17.666666666666668
1060,SMG+SR（6.5 Gy）-2,-0.6195941753103482,SMG+6.5,DDAC,17.666666666666668
1060,SMG+SR（6.5 Gy）-3,-0.6485648627185607,SMG+6.5,DDAC,17.666666666666668
1080,SMG+SR（6.5 Gy）-1,-0.5817352570098949,SMG+6.5,DDAC,18
1080,SMG+SR（6.5 Gy）-2,-0.5803443203668488,SMG+6.5,DDAC,18
1080,SMG+SR（6.5 Gy）-3,-0.6553655387982197,SMG+6.5,DDAC,18
1100,SMG+SR（6.5 Gy）-1,-0.5698144514234802,SMG+6.5,DDAC,18.333333333333332
1100,SMG+SR（6.5 Gy）-2,-0.6219512098283281,SMG+6.5,DDAC,18.333333333333332
1100,SMG+SR（6.5 Gy）-3,-0.5980598058911735,SMG+6.5,DDAC,18.333333333333332
1120,SMG+SR（6.5 Gy）-1,-0.5791437802209205,SMG+6.5,DDAC,18.666666666666668
1120,SMG+SR（6.5 Gy）-2,-0.5740930402993499,SMG+6.5,DDAC,18.666666666666668
1120,SMG+SR（6.5 Gy）-3,-0.6369636848606588,SMG+6.5,DDAC,18.666666666666668
1140,SMG+SR（6.5 Gy）-1,-0.5829791572186064,SMG+6.5,DDAC,19
1140,SMG+SR（6.5 Gy）-2,-0.6168272137784343,SMG+6.5,DDAC,19
1140,SMG+SR（6.5 Gy）-3,-0.6483648393273583,SMG+6.5,DDAC,19
1160,SMG+SR（6.5 Gy）-1,-0.5880584653178444,SMG+6.5,DDAC,19.333333333333332
1160,SMG+SR（6.5 Gy）-2,-0.5561590541247198,SMG+6.5,DDAC,19.333333333333332
1160,SMG+SR（6.5 Gy）-3,-0.6561656025577238,SMG+6.5,DDAC,19.333333333333332
1180,SMG+SR（6.5 Gy）-1,-0.5894060110052654,SMG+6.5,DDAC,19.666666666666668
1180,SMG+SR（6.5 Gy）-2,-0.5671244032281793,SMG+6.5,DDAC,19.666666666666668
1180,SMG+SR（6.5 Gy）-3,-0.6559655791665224,SMG+6.5,DDAC,19.666666666666668
1200,SMG+SR（6.5 Gy）-1,-0.5897170092270736,SMG+6.5,DDAC,20
1200,SMG+SR（6.5 Gy）-2,-0.6141627187292913,SMG+6.5,DDAC,20
1200,SMG+SR（6.5 Gy）-3,-0.6392639091515276,SMG+6.5,DDAC,20
1220,SMG+SR（6.5 Gy）-1,-0.5830828026973159,SMG+6.5,DDAC,20.333333333333332
1220,SMG+SR（6.5 Gy）-2,-0.6160073597505672,SMG+6.5,DDAC,20.333333333333332
1220,SMG+SR（6.5 Gy）-3,-0.6466646554047925,SMG+6.5,DDAC,20.333333333333332
0,SMG+SR（13 Gy）-1,0,SMG+13,DDAC,0
0,SMG+SR（13 Gy）-2,0,SMG+13,DDAC,0
0,SMG+SR（13 Gy）-3,0,SMG+13,DDAC,0
20,SMG+SR（13 Gy）-1,-0.16310365871603855,SMG+13,DDAC,0.3333333333333333
20,SMG+SR（13 Gy）-2,-0.32240113416782246,SMG+13,DDAC,0.3333333333333333
20,SMG+SR（13 Gy）-3,-0.1703769254750138,SMG+13,DDAC,0.3333333333333333
40,SMG+SR（13 Gy）-1,-0.24427567422294852,SMG+13,DDAC,0.6666666666666666
40,SMG+SR（13 Gy）-2,-0.3808903956990369,SMG+13,DDAC,0.6666666666666666
40,SMG+SR（13 Gy）-3,-0.3125413583579123,SMG+13,DDAC,0.6666666666666666
60,SMG+SR（13 Gy）-1,-0.3023331838096585,SMG+13,DDAC,1
60,SMG+SR（13 Gy）-2,-0.45133791817198565,SMG+13,DDAC,1
60,SMG+SR（13 Gy）-3,-0.4110646030523828,SMG+13,DDAC,1
80,SMG+SR（13 Gy）-1,-0.36538254182269947,SMG+13,DDAC,1.3333333333333333
80,SMG+SR（13 Gy）-2,-0.48579209779057,SMG+13,DDAC,1.3333333333333333
80,SMG+SR（13 Gy）-3,-0.4474322379803105,SMG+13,DDAC,1.3333333333333333
100,SMG+SR（13 Gy）-1,-0.40466630293712097,SMG+13,DDAC,1.6666666666666667
100,SMG+SR（13 Gy）-2,-0.5293630143661591,SMG+13,DDAC,1.6666666666666667
100,SMG+SR（13 Gy）-3,-0.5028653451347985,SMG+13,DDAC,1.6666666666666667
120,SMG+SR（13 Gy）-1,-0.42712971787890264,SMG+13,DDAC,2
120,SMG+SR（13 Gy）-2,-0.5486621171137379,SMG+13,DDAC,2
120,SMG+SR（13 Gy）-3,-0.5298655460065217,SMG+13,DDAC,2
140,SMG+SR（13 Gy）-1,-0.4337493584334745,SMG+13,DDAC,2.3333333333333335
140,SMG+SR（13 Gy）-2,-0.5413213458793372,SMG+13,DDAC,2.3333333333333335
140,SMG+SR（13 Gy）-3,-0.5339431500180704,SMG+13,DDAC,2.3333333333333335
160,SMG+SR（13 Gy）-1,-0.45762345971479695,SMG+13,DDAC,2.6666666666666665
160,SMG+SR（13 Gy）-2,-0.565474776106795,SMG+13,DDAC,2.6666666666666665
160,SMG+SR（13 Gy）-3,-0.5764822697532505,SMG+13,DDAC,2.6666666666666665
180,SMG+SR（13 Gy）-1,-0.4759631259740732,SMG+13,DDAC,3
180,SMG+SR（13 Gy）-2,-0.5110111568516017,SMG+13,DDAC,3
180,SMG+SR（13 Gy）-3,-0.5735067341949486,SMG+13,DDAC,3
200,SMG+SR（13 Gy）-1,-0.4845361041460958,SMG+13,DDAC,3.3333333333333335
200,SMG+SR（13 Gy）-2,-0.5953113954466029,SMG+13,DDAC,3.3333333333333335
200,SMG+SR（13 Gy）-3,-0.5843068079749091,SMG+13,DDAC,3.3333333333333335
220,SMG+SR（13 Gy）-1,-0.5145957961100774,SMG+13,DDAC,3.6666666666666665
220,SMG+SR（13 Gy）-2,-0.534098993531209,SMG+13,DDAC,3.6666666666666665
220,SMG+SR（13 Gy）-3,-0.5840863942842606,SMG+13,DDAC,3.6666666666666665
240,SMG+SR（13 Gy）-1,-0.5277265404954199,SMG+13,DDAC,4
240,SMG+SR（13 Gy）-2,-0.543807719062413,SMG+13,DDAC,4
240,SMG+SR（13 Gy）-3,-0.6043641253875709,SMG+13,DDAC,4
260,SMG+SR（13 Gy）-1,-0.5345632221564974,SMG+13,DDAC,4.333333333333333
260,SMG+SR（13 Gy）-2,-0.5715131513065216,SMG+13,DDAC,4.333333333333333
260,SMG+SR（13 Gy）-3,-0.6005069350666716,SMG+13,DDAC,4.333333333333333
280,SMG+SR（13 Gy）-1,-0.5262072850909804,SMG+13,DDAC,4.666666666666667
280,SMG+SR（13 Gy）-2,-0.5590812501054158,SMG+13,DDAC,4.666666666666667
280,SMG+SR（13 Gy）-3,-0.6143927676720803,SMG+13,DDAC,4.666666666666667
300,SMG+SR（13 Gy）-1,-0.555073267139731,SMG+13,DDAC,5
300,SMG+SR（13 Gy）-2,-0.5587260287323169,SMG+13,DDAC,5
300,SMG+SR（13 Gy）-3,-0.610094782813526,SMG+13,DDAC,5
320,SMG+SR（13 Gy）-1,-0.5373847241999704,SMG+13,DDAC,5.333333333333333
320,SMG+SR（13 Gy）-2,-0.5492541056879382,SMG+13,DDAC,5.333333333333333
320,SMG+SR（13 Gy）-3,-0.6038131075827694,SMG+13,DDAC,5.333333333333333
340,SMG+SR（13 Gy）-1,-0.5352143454760141,SMG+13,DDAC,5.666666666666667
340,SMG+SR（13 Gy）-2,-0.5600284247669923,SMG+13,DDAC,5.666666666666667
340,SMG+SR（13 Gy）-3,-0.6497685902575504,SMG+13,DDAC,5.666666666666667
360,SMG+SR（13 Gy）-1,-0.5600651155660609,SMG+13,DDAC,6
360,SMG+SR（13 Gy）-2,-0.5031967806435508,SMG+13,DDAC,6
360,SMG+SR（13 Gy）-3,-0.6504297984858552,SMG+13,DDAC,6
380,SMG+SR（13 Gy）-1,-0.5527943840330706,SMG+13,DDAC,6.333333333333333
380,SMG+SR（13 Gy）-2,-0.5400189498446619,SMG+13,DDAC,6.333333333333333
380,SMG+SR（13 Gy）-3,-0.6434868821831509,SMG+13,DDAC,6.333333333333333
400,SMG+SR（13 Gy）-1,-0.5771025675274032,SMG+13,DDAC,6.666666666666667
400,SMG+SR（13 Gy）-2,-0.5073407712344007,SMG+13,DDAC,6.666666666666667
400,SMG+SR（13 Gy）-3,-0.6478950903088526,SMG+13,DDAC,6.666666666666667
420,SMG+SR（13 Gy）-1,-0.5577862324594015,SMG+13,DDAC,7
420,SMG+SR（13 Gy）-2,-0.507222352348127,SMG+13,DDAC,7
420,SMG+SR（13 Gy）-3,-0.6478950903088526,SMG+13,DDAC,7
440,SMG+SR（13 Gy）-1,-0.5378187740718832,SMG+13,DDAC,7.333333333333333
440,SMG+SR（13 Gy）-2,-0.551266873897365,SMG+13,DDAC,7.333333333333333
440,SMG+SR（13 Gy）-3,-0.6595768188514103,SMG+13,DDAC,7.333333333333333
460,SMG+SR（13 Gy）-1,-0.5806836649319975,SMG+13,DDAC,7.666666666666667
460,SMG+SR（13 Gy）-2,-0.5522140838446652,SMG+13,DDAC,7.666666666666667
460,SMG+SR（13 Gy）-3,-0.6546175929209073,SMG+13,DDAC,7.666666666666667
480,SMG+SR（13 Gy）-1,-0.5691806803337989,SMG+13,DDAC,8
480,SMG+SR（13 Gy）-2,-0.5371773905742099,SMG+13,DDAC,8
480,SMG+SR（13 Gy）-3,-0.6415031918109497,SMG+13,DDAC,8
500,SMG+SR（13 Gy）-1,-0.5888225932321074,SMG+13,DDAC,8.333333333333334
500,SMG+SR（13 Gy）-2,-0.5660667999667189,SMG+13,DDAC,8.333333333333334
500,SMG+SR（13 Gy）-3,-0.6159356306629834,SMG+13,DDAC,8.333333333333334
520,SMG+SR（13 Gy）-1,-0.5848073812734046,SMG+13,DDAC,8.666666666666666
520,SMG+SR（13 Gy）-2,-0.5381245652357863,SMG+13,DDAC,8.666666666666666
520,SMG+SR（13 Gy）-3,-0.6513114532484526,SMG+13,DDAC,8.666666666666666
540,SMG+SR（13 Gy）-1,-0.5963103658716044,SMG+13,DDAC,9
540,SMG+SR（13 Gy）-2,-0.5622779954632442,SMG+13,DDAC,9
540,SMG+SR（13 Gy）-3,-0.6869076566809293,SMG+13,DDAC,9
560,SMG+SR（13 Gy）-1,-0.6016277921282412,SMG+13,DDAC,9.333333333333334
560,SMG+SR（13 Gy）-2,-0.5627516004368942,SMG+13,DDAC,9.333333333333334
560,SMG+SR（13 Gy）-3,-0.6842627252367793,SMG+13,DDAC,9.333333333333334
580,SMG+SR（13 Gy）-1,-0.6060770539588579,SMG+13,DDAC,9.666666666666666
580,SMG+SR（13 Gy）-2,-0.5178782878266298,SMG+13,DDAC,9.666666666666666
580,SMG+SR（13 Gy）-3,-0.6573727147885595,SMG+13,DDAC,9.666666666666666
600,SMG+SR（13 Gy）-1,-0.6205100449832328,SMG+13,DDAC,10
600,SMG+SR（13 Gy）-2,-0.5194174863481301,SMG+13,DDAC,10
600,SMG+SR（13 Gy）-3,-0.6824994485552277,SMG+13,DDAC,10
620,SMG+SR（13 Gy）-1,-0.6134563222156497,SMG+13,DDAC,10.333333333333334
620,SMG+SR（13 Gy）-2,-0.5518588624715663,SMG+13,DDAC,10.333333333333334
620,SMG+SR（13 Gy）-3,-0.6741238596851236,SMG+13,DDAC,10.333333333333334
640,SMG+SR（13 Gy）-1,-0.6187737484722876,SMG+13,DDAC,10.666666666666666
640,SMG+SR（13 Gy）-2,-0.5651195900194187,SMG+13,DDAC,10.666666666666666
640,SMG+SR（13 Gy）-3,-0.6907648141581855,SMG+13,DDAC,10.666666666666666
660,SMG+SR（13 Gy）-1,-0.6027129653196708,SMG+13,DDAC,11
660,SMG+SR（13 Gy）-2,-0.5486621171137379,SMG+13,DDAC,11
660,SMG+SR（13 Gy）-3,-0.627176564667886,SMG+13,DDAC,11
680,SMG+SR（13 Gy）-1,-0.6359197048163328,SMG+13,DDAC,11.333333333333334
680,SMG+SR（13 Gy）-2,-0.5648827875325948,SMG+13,DDAC,11.333333333333334
680,SMG+SR（13 Gy）-3,-0.642384846573547,SMG+13,DDAC,11.333333333333334
700,SMG+SR（13 Gy）-1,-0.6301682286877821,SMG+13,DDAC,11.666666666666666
700,SMG+SR（13 Gy）-2,-0.554226852054092,SMG+13,DDAC,11.666666666666666
700,SMG+SR（13 Gy）-3,-0.6767687911292736,SMG+13,DDAC,11.666666666666666
720,SMG+SR（13 Gy）-1,-0.6361367459228384,SMG+13,DDAC,12
720,SMG+SR（13 Gy）-2,-0.5533980609930655,SMG+13,DDAC,12
720,SMG+SR（13 Gy）-3,-0.667401357073069,SMG+13,DDAC,12
740,SMG+SR（13 Gy）-1,-0.6500271503514989,SMG+13,DDAC,12.333333333333334
740,SMG+SR（13 Gy）-2,-0.5578972376712917,SMG+13,DDAC,12.333333333333334
740,SMG+SR（13 Gy）-3,-0.6719197884659168,SMG+13,DDAC,12.333333333333334
760,SMG+SR（13 Gy）-1,-0.6321215663052329,SMG+13,DDAC,12.666666666666666
760,SMG+SR（13 Gy）-2,-0.5570684466102664,SMG+13,DDAC,12.666666666666666
760,SMG+SR（13 Gy）-3,-0.7015649207817888,SMG+13,DDAC,12.666666666666666
780,SMG+SR（13 Gy）-1,-0.6565382541822695,SMG+13,DDAC,13
780,SMG+SR（13 Gy）-2,-0.5581340401581167,SMG+13,DDAC,13
780,SMG+SR（13 Gy）-3,-0.7092792685799442,SMG+13,DDAC,13
800,SMG+SR（13 Gy）-1,-0.6245252569419355,SMG+13,DDAC,13.333333333333334
800,SMG+SR（13 Gy）-2,-0.5395453448710118,SMG+13,DDAC,13.333333333333334
800,SMG+SR（13 Gy）-3,-0.6659687173493132,SMG+13,DDAC,13.333333333333334
820,SMG+SR（13 Gy）-1,-0.67118828631315,SMG+13,DDAC,13.666666666666666
820,SMG+SR（13 Gy）-2,-0.5149183096699039,SMG+13,DDAC,13.666666666666666
820,SMG+SR（13 Gy）-3,-0.6510910395578039,SMG+13,DDAC,13.666666666666666
840,SMG+SR（13 Gy）-1,-0.6666304877587328,SMG+13,DDAC,14
840,SMG+SR（13 Gy）-2,-0.5129055414604772,SMG+13,DDAC,14
840,SMG+SR（13 Gy）-3,-0.7110425452614958,SMG+13,DDAC,14
860,SMG+SR（13 Gy）-1,-0.6737927472501173,SMG+13,DDAC,14.333333333333334
860,SMG+SR（13 Gy）-2,-0.5029599781567258,SMG+13,DDAC,14.333333333333334
860,SMG+SR（13 Gy）-3,-0.6651972858538622,SMG+13,DDAC,14.333333333333334
880,SMG+SR（13 Gy）-1,-0.6832338575070639,SMG+13,DDAC,14.666666666666666
880,SMG+SR（13 Gy）-2,-0.486028900277395,SMG+13,DDAC,14.666666666666666
880,SMG+SR（13 Gy）-3,-0.6975975400373865,SMG+13,DDAC,14.666666666666666
900,SMG+SR（13 Gy）-1,-0.6416712132859819,SMG+13,DDAC,15
900,SMG+SR（13 Gy）-2,-0.49123848441609635,SMG+13,DDAC,15
900,SMG+SR（13 Gy）-3,-0.6748953240242186,SMG+13,DDAC,15
920,SMG+SR（13 Gy）-1,-0.6643516046520723,SMG+13,DDAC,15.333333333333334
920,SMG+SR（13 Gy）-2,-0.48366091069486933,SMG+13,DDAC,15.333333333333334
920,SMG+SR（13 Gy）-3,-0.7003526619050386,SMG+13,DDAC,15.333333333333334
940,SMG+SR（13 Gy）-1,-0.6563212130757641,SMG+13,DDAC,15.666666666666666
940,SMG+SR（13 Gy）-2,-0.4762017558599174,SMG+13,DDAC,15.666666666666666
940,SMG+SR（13 Gy）-3,-0.7026669563913929,SMG+13,DDAC,15.666666666666666
960,SMG+SR（13 Gy）-1,-0.6814975609961187,SMG+13,DDAC,16
960,SMG+SR（13 Gy）-2,-0.4740705687642168,SMG+13,DDAC,16
960,SMG+SR（13 Gy）-3,-0.6649768721632127,SMG+13,DDAC,16
980,SMG+SR（13 Gy）-1,-0.6858383184440314,SMG+13,DDAC,16.333333333333332
980,SMG+SR（13 Gy）-2,-0.4722946030416151,SMG+13,DDAC,16.333333333333332
980,SMG+SR（13 Gy）-3,-0.7187568930596522,SMG+13,DDAC,16.333333333333332
1000,SMG+SR（13 Gy）-1,-0.6932175867008232,SMG+13,DDAC,16.666666666666668
1000,SMG+SR（13 Gy）-2,-0.46625622784188964,SMG+13,DDAC,16.666666666666668
1000,SMG+SR（13 Gy）-3,-0.7269120682391067,SMG+13,DDAC,16.666666666666668
1020,SMG+SR（13 Gy）-1,-0.6625068037584232,SMG+13,DDAC,17
1020,SMG+SR（13 Gy）-2,-0.47264978912899136,SMG+13,DDAC,17
1020,SMG+SR（13 Gy）-3,-0.711483372642795,SMG+13,DDAC,17
1040,SMG+SR（13 Gy）-1,-0.6784590501872385,SMG+13,DDAC,17.333333333333332
1040,SMG+SR（13 Gy）-2,-0.470873788120666,SMG+13,DDAC,17.333333333333332
1040,SMG+SR（13 Gy）-3,-0.6843729485039256,SMG+13,DDAC,17.333333333333332
1060,SMG+SR（13 Gy）-1,-0.6730331195478976,SMG+13,DDAC,17.666666666666668
1060,SMG+SR（13 Gy）-2,-0.47383376627739177,SMG+13,DDAC,17.666666666666668
1060,SMG+SR（13 Gy）-3,-0.7280141038487096,SMG+13,DDAC,17.666666666666668
1080,SMG+SR（13 Gy）-1,-0.6633749358433471,SMG+13,DDAC,18
1080,SMG+SR（13 Gy）-2,-0.46637461144243975,SMG+13,DDAC,18
1080,SMG+SR（13 Gy）-3,-0.6866872429902797,SMG+13,DDAC,18
1100,SMG+SR（13 Gy）-1,-0.688659788146406,SMG+13,DDAC,18.333333333333332
1100,SMG+SR（13 Gy）-2,-0.46708501890291493,SMG+13,DDAC,18.333333333333332
1100,SMG+SR（13 Gy）-3,-0.6993608167189382,SMG+13,DDAC,18.333333333333332
1120,SMG+SR（13 Gy）-1,-0.6893109114659217,SMG+13,DDAC,18.666666666666668
1120,SMG+SR（13 Gy）-2,-0.47383376627739177,SMG+13,DDAC,18.666666666666668
1120,SMG+SR（13 Gy）-3,-0.7005730755956884,SMG+13,DDAC,18.666666666666668
1140,SMG+SR（13 Gy）-1,-0.6950624199355696,SMG+13,DDAC,19
1140,SMG+SR（13 Gy）-2,-0.46921620599861547,SMG+13,DDAC,19
1140,SMG+SR（13 Gy）-3,-0.7217324286179541,SMG+13,DDAC,19
1160,SMG+SR（13 Gy）-1,-0.6874661105722724,SMG+13,DDAC,19.333333333333332
1160,SMG+SR（13 Gy）-2,-0.47205780055478996,SMG+13,DDAC,19.333333333333332
1160,SMG+SR（13 Gy）-3,-0.6974873167702402,SMG+13,DDAC,19.333333333333332
1180,SMG+SR（13 Gy）-1,-0.6785675545699428,SMG+13,DDAC,19.666666666666668
1180,SMG+SR（13 Gy）-2,-0.4700449970596407,SMG+13,DDAC,19.666666666666668
1180,SMG+SR（13 Gy）-3,-0.6869076566809293,SMG+13,DDAC,19.666666666666668
1200,SMG+SR（13 Gy）-1,-0.7165491013864302,SMG+13,DDAC,20
1200,SMG+SR（13 Gy）-2,-0.46767700747711505,SMG+13,DDAC,20
1200,SMG+SR（13 Gy）-3,-0.7010139029769875,SMG+13,DDAC,20
1220,SMG+SR（13 Gy）-1,-0.7033098202772864,SMG+13,DDAC,20.333333333333332
1220,SMG+SR（13 Gy）-2,-0.47146581198058984,SMG+13,DDAC,20.333333333333332
1220,SMG+SR（13 Gy）-3,-0.7279038970033848,SMG+13,DDAC,20.333333333333332
0,SMG+SR（19.5 Gy）-1,0,SMG+19.5,DDAC,0
0,SMG+SR（19.5 Gy）-2,0,SMG+19.5,DDAC,0
0,SMG+SR（19.5 Gy）-3,0,SMG+19.5,DDAC,0
20,SMG+SR（19.5 Gy）-1,-0.1861481518523667,SMG+19.5,DDAC,0.3333333333333333
20,SMG+SR（19.5 Gy）-2,-0.17751349247300682,SMG+19.5,DDAC,0.3333333333333333
20,SMG+SR（19.5 Gy）-3,-0.19375212983749548,SMG+19.5,DDAC,0.3333333333333333
40,SMG+SR（19.5 Gy）-1,-0.30620495141772325,SMG+19.5,DDAC,0.6666666666666666
40,SMG+SR（19.5 Gy）-2,-0.28680434635033547,SMG+19.5,DDAC,0.6666666666666666
40,SMG+SR（19.5 Gy）-3,-0.34960379717252116,SMG+19.5,DDAC,0.6666666666666666
60,SMG+SR（19.5 Gy）-1,-0.38988423129674854,SMG+19.5,DDAC,1
60,SMG+SR（19.5 Gy）-2,-0.3594030305938626,SMG+19.5,DDAC,1
60,SMG+SR（19.5 Gy）-3,-0.44757091391917364,SMG+19.5,DDAC,1
80,SMG+SR（19.5 Gy）-1,-0.432051553523329,SMG+19.5,DDAC,1.3333333333333333
80,SMG+SR（19.5 Gy）-2,-0.42324955666036024,SMG+19.5,DDAC,1.3333333333333333
80,SMG+SR（19.5 Gy）-3,-0.5060296392601222,SMG+19.5,DDAC,1.3333333333333333
100,SMG+SR（19.5 Gy）-1,-0.4936639952014164,SMG+19.5,DDAC,1.6666666666666667
100,SMG+SR（19.5 Gy）-2,-0.50370288502664,SMG+19.5,DDAC,1.6666666666666667
100,SMG+SR（19.5 Gy）-3,-0.5577121783645888,SMG+19.5,DDAC,1.6666666666666667
120,SMG+SR（19.5 Gy）-1,-0.5,SMG+19.5,DDAC,2
120,SMG+SR（19.5 Gy）-2,-0.5076301569270163,SMG+19.5,DDAC,2
120,SMG+SR（19.5 Gy）-3,-0.6201906403936167,SMG+19.5,DDAC,2
140,SMG+SR（19.5 Gy）-1,-0.5198820291675977,SMG+19.5,DDAC,2.3333333333333335
140,SMG+SR（19.5 Gy）-2,-0.5361310686867944,SMG+19.5,DDAC,2.3333333333333335
140,SMG+SR（19.5 Gy）-3,-0.6252440627763481,SMG+19.5,DDAC,2.3333333333333335
160,SMG+SR（19.5 Gy）-1,-0.5419488999251459,SMG+19.5,DDAC,2.6666666666666665
160,SMG+SR（19.5 Gy）-2,-0.5474641106404518,SMG+19.5,DDAC,2.6666666666666665
160,SMG+SR（19.5 Gy）-3,-0.6609624558510102,SMG+19.5,DDAC,2.6666666666666665
180,SMG+SR（19.5 Gy）-1,-0.5524361004889741,SMG+19.5,DDAC,3
180,SMG+SR（19.5 Gy）-2,-0.5930206653288175,SMG+19.5,DDAC,3
180,SMG+SR（19.5 Gy）-3,-0.6359251165223911,SMG+19.5,DDAC,3
200,SMG+SR（19.5 Gy）-1,-0.5474109876217158,SMG+19.5,DDAC,3.3333333333333335
200,SMG+SR（19.5 Gy）-2,-0.6073832979252404,SMG+19.5,DDAC,3.3333333333333335
200,SMG+SR（19.5 Gy）-3,-0.692890782138623,SMG+19.5,DDAC,3.3333333333333335
220,SMG+SR（19.5 Gy）-1,-0.5760323505925039,SMG+19.5,DDAC,3.6666666666666665
220,SMG+SR（19.5 Gy）-2,-0.6106373423230762,SMG+19.5,DDAC,3.6666666666666665
220,SMG+SR（19.5 Gy）-3,-0.7260824640219188,SMG+19.5,DDAC,3.6666666666666665
240,SMG+SR（19.5 Gy）-1,-0.574284483831866,SMG+19.5,DDAC,4
240,SMG+SR（19.5 Gy）-2,-0.631956904343976,SMG+19.5,DDAC,4
240,SMG+SR（19.5 Gy）-3,-0.7182726605467912,SMG+19.5,DDAC,4
260,SMG+SR（19.5 Gy）-1,-0.5915446965802018,SMG+19.5,DDAC,4.333333333333333
260,SMG+SR（19.5 Gy）-2,-0.5935816993944898,SMG+19.5,DDAC,4.333333333333333
260,SMG+SR（19.5 Gy）-3,-0.7458366768387726,SMG+19.5,DDAC,4.333333333333333
280,SMG+SR（19.5 Gy）-1,-0.6114267257477995,SMG+19.5,DDAC,4.666666666666667
280,SMG+SR（19.5 Gy）-2,-0.6456463094378585,SMG+19.5,DDAC,4.666666666666667
280,SMG+SR（19.5 Gy）-3,-0.7627196564987134,SMG+19.5,DDAC,4.666666666666667
300,SMG+SR（19.5 Gy）-1,-0.6001748029543692,SMG+19.5,DDAC,5
300,SMG+SR（19.5 Gy）-2,-0.6500224554077063,SMG+19.5,DDAC,5
300,SMG+SR（19.5 Gy）-3,-0.7662800020427276,SMG+19.5,DDAC,5
320,SMG+SR（19.5 Gy）-1,-0.5996286006960346,SMG+19.5,DDAC,5.333333333333333
320,SMG+SR（19.5 Gy）-2,-0.6538375338712156,SMG+19.5,DDAC,5.333333333333333
320,SMG+SR（19.5 Gy）-3,-0.7752383090490216,SMG+19.5,DDAC,5.333333333333333
340,SMG+SR（19.5 Gy）-1,-0.6031243342173103,SMG+19.5,DDAC,5.666666666666667
340,SMG+SR（19.5 Gy）-2,-0.6426166853544253,SMG+19.5,DDAC,5.666666666666667
340,SMG+SR（19.5 Gy）-3,-0.7589295897116651,SMG+19.5,DDAC,5.666666666666667
360,SMG+SR（19.5 Gy）-1,-0.5923093862531926,SMG+19.5,DDAC,6
360,SMG+SR（19.5 Gy）-2,-0.627019757749122,SMG+19.5,DDAC,6
360,SMG+SR（19.5 Gy）-3,-0.7804065663822686,SMG+19.5,DDAC,6
380,SMG+SR（19.5 Gy）-1,-0.6187459076340303,SMG+19.5,DDAC,6.333333333333333
380,SMG+SR（19.5 Gy）-2,-0.6788599809187553,SMG+19.5,DDAC,6.333333333333333
380,SMG+SR（19.5 Gy）-3,-0.7702997558448084,SMG+19.5,DDAC,6.333333333333333
400,SMG+SR（19.5 Gy）-1,-0.6328381017047685,SMG+19.5,DDAC,6.666666666666667
400,SMG+SR（19.5 Gy）-2,-0.6557450563826366,SMG+19.5,DDAC,6.666666666666667
400,SMG+SR（19.5 Gy）-3,-0.8034914377281043,SMG+19.5,DDAC,6.666666666666667
420,SMG+SR（19.5 Gy）-1,-0.60203189714403,SMG+19.5,DDAC,7
420,SMG+SR（19.5 Gy）-2,-0.6581014529635291,SMG+19.5,DDAC,7
420,SMG+SR（19.5 Gy）-3,-0.7883312219219129,SMG+19.5,DDAC,7
440,SMG+SR（19.5 Gy）-1,-0.6416866954935921,SMG+19.5,DDAC,7.333333333333333
440,SMG+SR（19.5 Gy）-2,-0.6656193830130108,SMG+19.5,DDAC,7.333333333333333
440,SMG+SR（19.5 Gy）-3,-0.8094636423989668,SMG+19.5,DDAC,7.333333333333333
460,SMG+SR（19.5 Gy）-1,-0.6181997053756958,SMG+19.5,DDAC,7.666666666666667
460,SMG+SR（19.5 Gy）-2,-0.6699955289828587,SMG+19.5,DDAC,7.666666666666667
460,SMG+SR（19.5 Gy）-3,-0.7997013880550573,SMG+19.5,DDAC,7.666666666666667
480,SMG+SR（19.5 Gy）-1,-0.6074940173972113,SMG+19.5,DDAC,8
480,SMG+SR（19.5 Gy）-2,-0.6744838349489074,SMG+19.5,DDAC,8
480,SMG+SR（19.5 Gy）-3,-0.8271505693965231,SMG+19.5,DDAC,8
500,SMG+SR（19.5 Gy）-1,-0.6327288742757455,SMG+19.5,DDAC,8.333333333333334
500,SMG+SR（19.5 Gy）-2,-0.6892953416148031,SMG+19.5,DDAC,8.333333333333334
500,SMG+SR（19.5 Gy）-3,-0.8280693687986558,SMG+19.5,DDAC,8.333333333333334
520,SMG+SR（19.5 Gy）-1,-0.6574175288959453,SMG+19.5,DDAC,8.666666666666666
520,SMG+SR（19.5 Gy）-2,-0.7219479455893603,SMG+19.5,DDAC,8.666666666666666
520,SMG+SR（19.5 Gy）-3,-0.7670839493803434,SMG+19.5,DDAC,8.666666666666666
540,SMG+SR（19.5 Gy）-1,-0.6100065738308399,SMG+19.5,DDAC,9
540,SMG+SR（19.5 Gy）-2,-0.7008527704421956,SMG+19.5,DDAC,9
540,SMG+SR（19.5 Gy）-3,-0.7704146079093253,SMG+19.5,DDAC,9
560,SMG+SR（19.5 Gy）-1,-0.6529386182870225,SMG+19.5,DDAC,9.333333333333334
560,SMG+SR（19.5 Gy）-2,-0.7089317679980173,SMG+19.5,DDAC,9.333333333333334
560,SMG+SR（19.5 Gy）-3,-0.7974043809927248,SMG+19.5,DDAC,9.333333333333334
580,SMG+SR（19.5 Gy）-1,-0.6070570425678986,SMG+19.5,DDAC,9.666666666666666
580,SMG+SR（19.5 Gy）-2,-0.7075852795522699,SMG+19.5,DDAC,9.666666666666666
580,SMG+SR（19.5 Gy）-3,-0.8001607963131236,SMG+19.5,DDAC,9.666666666666666
600,SMG+SR（19.5 Gy）-1,-0.6260651220768723,SMG+19.5,DDAC,10
600,SMG+SR（19.5 Gy）-2,-0.7010771907565984,SMG+19.5,DDAC,10
600,SMG+SR（19.5 Gy）-3,-0.7910876372423129,SMG+19.5,DDAC,10
620,SMG+SR（19.5 Gy）-1,-0.6475857580194747,SMG+19.5,DDAC,10.333333333333334
620,SMG+SR（19.5 Gy）-2,-0.7082585404954767,SMG+19.5,DDAC,10.333333333333334
620,SMG+SR（19.5 Gy）-3,-0.822326868256827,SMG+19.5,DDAC,10.333333333333334
640,SMG+SR（19.5 Gy）-1,-0.6522831560430538,SMG+19.5,DDAC,10.666666666666666
640,SMG+SR（19.5 Gy）-2,-0.7128590733390611,SMG+19.5,DDAC,10.666666666666666
640,SMG+SR（19.5 Gy）-3,-0.7997013880550573,SMG+19.5,DDAC,10.666666666666666
660,SMG+SR（19.5 Gy）-1,-0.657854503725258,SMG+19.5,DDAC,11
660,SMG+SR（19.5 Gy）-2,-0.7220601390262272,SMG+19.5,DDAC,11
660,SMG+SR（19.5 Gy）-3,-0.8402434822694157,SMG+19.5,DDAC,11
680,SMG+SR（19.5 Gy）-1,-0.6682324768600632,SMG+19.5,DDAC,11.333333333333334
680,SMG+SR（19.5 Gy）-2,-0.7161131177368957,SMG+19.5,DDAC,11.333333333333334
680,SMG+SR（19.5 Gy）-3,-0.8165843506009957,SMG+19.5,DDAC,11.333333333333334
700,SMG+SR（19.5 Gy）-1,-0.6284684510814791,SMG+19.5,DDAC,11.666666666666666
700,SMG+SR（19.5 Gy）-2,-0.7087073476836147,SMG+19.5,DDAC,11.666666666666666
700,SMG+SR（19.5 Gy）-3,-0.8215229209192112,SMG+19.5,DDAC,11.666666666666666
720,SMG+SR（19.5 Gy）-1,-0.6658291478554575,SMG+19.5,DDAC,12
720,SMG+SR（19.5 Gy）-2,-0.7415843886929075,SMG+19.5,DDAC,12
720,SMG+SR（19.5 Gy）-3,-0.8154358641838307,SMG+19.5,DDAC,12
740,SMG+SR（19.5 Gy）-1,-0.6723836726253076,SMG+19.5,DDAC,12.333333333333334
740,SMG+SR（19.5 Gy）-2,-0.7269973023414156,SMG+19.5,DDAC,12.333333333333334
740,SMG+SR（19.5 Gy）-3,-0.8214080688546943,SMG+19.5,DDAC,12.333333333333334
760,SMG+SR（19.5 Gy）-1,-0.6486781950927549,SMG+19.5,DDAC,12.666666666666666
760,SMG+SR（19.5 Gy）-2,-0.7280071770358933,SMG+19.5,DDAC,12.666666666666666
760,SMG+SR（19.5 Gy）-3,-0.8300218196674376,SMG+19.5,DDAC,12.666666666666666
780,SMG+SR（19.5 Gy）-1,-0.6594931430568729,SMG+19.5,DDAC,13
780,SMG+SR（19.5 Gy）-2,-0.7442773823047378,SMG+19.5,DDAC,13
780,SMG+SR（19.5 Gy）-3,-0.827839664669622,SMG+19.5,DDAC,13
800,SMG+SR（19.5 Gy）-1,-0.6683417042890861,SMG+19.5,DDAC,13.333333333333334
800,SMG+SR（19.5 Gy）-2,-0.7552737937867912,SMG+19.5,DDAC,13.333333333333334
800,SMG+SR（19.5 Gy）-3,-0.8286436120072388,SMG+19.5,DDAC,13.333333333333334
820,SMG+SR（19.5 Gy）-1,-0.6785012225658464,SMG+19.5,DDAC,13.666666666666666
820,SMG+SR（19.5 Gy）-2,-0.7646992797883602,SMG+19.5,DDAC,13.666666666666666
820,SMG+SR（19.5 Gy）-3,-0.8253129705922582,SMG+19.5,DDAC,13.666666666666666
840,SMG+SR（19.5 Gy）-1,-0.6989294539917786,SMG+19.5,DDAC,14
840,SMG+SR（19.5 Gy）-2,-0.7630161608710087,SMG+19.5,DDAC,14
840,SMG+SR（19.5 Gy）-3,-0.8335821823254533,SMG+19.5,DDAC,14
860,SMG+SR（19.5 Gy）-1,-0.6829801331747692,SMG+19.5,DDAC,14.333333333333334
860,SMG+SR（19.5 Gy）-2,-0.7663824154260458,SMG+19.5,DDAC,14.333333333333334
860,SMG+SR（19.5 Gy）-3,-0.841851376944647,SMG+19.5,DDAC,14.333333333333334
880,SMG+SR（19.5 Gy）-1,-0.6897531128026654,SMG+19.5,DDAC,14.666666666666666
880,SMG+SR（19.5 Gy）-2,-0.7737881520386606,SMG+19.5,DDAC,14.666666666666666
880,SMG+SR（19.5 Gy）-3,-0.8533363951423071,SMG+19.5,DDAC,14.666666666666666
900,SMG+SR（19.5 Gy）-1,-0.6718374703669733,SMG+19.5,DDAC,15
900,SMG+SR（19.5 Gy）-2,-0.7778276508165713,SMG+19.5,DDAC,15
900,SMG+SR（19.5 Gy）-3,-0.8639026053808334,SMG+19.5,DDAC,15
920,SMG+SR（19.5 Gy）-1,-0.70297138977139,SMG+19.5,DDAC,15.333333333333334
920,SMG+SR（19.5 Gy）-2,-0.7815305191228782,SMG+19.5,DDAC,15.333333333333334
920,SMG+SR（19.5 Gy）-3,-0.8771103703182429,SMG+19.5,DDAC,15.333333333333334
940,SMG+SR（19.5 Gy）-1,-0.6792659122388373,SMG+19.5,DDAC,15.666666666666666
940,SMG+SR（19.5 Gy）-2,-0.7874775571325431,SMG+19.5,DDAC,15.666666666666666
940,SMG+SR（19.5 Gy）-3,-0.877684622083826,SMG+19.5,DDAC,15.666666666666666
960,SMG+SR（19.5 Gy）-1,-0.6719466977959961,SMG+19.5,DDAC,16
960,SMG+SR（19.5 Gy）-2,-0.7984739686145963,SMG+19.5,DDAC,16
960,SMG+SR（19.5 Gy）-3,-0.8777994741483418,SMG+19.5,DDAC,16
980,SMG+SR（19.5 Gy）-1,-0.6948874856555571,SMG+19.5,DDAC,16.333333333333332
980,SMG+SR（19.5 Gy）-2,-0.8011669622264266,SMG+19.5,DDAC,16.333333333333332
980,SMG+SR（19.5 Gy）-3,-0.8780291697203753,SMG+19.5,DDAC,16.333333333333332
1000,SMG+SR（19.5 Gy）-1,-0.7071225855366345,SMG+19.5,DDAC,16.666666666666668
1000,SMG+SR（19.5 Gy）-2,-0.7844479330491099,SMG+19.5,DDAC,16.666666666666668
1000,SMG+SR（19.5 Gy）-3,-0.8779143262128586,SMG+19.5,DDAC,16.666666666666668
1020,SMG+SR（19.5 Gy）-1,-0.7255844627872726,SMG+19.5,DDAC,17
1020,SMG+SR（19.5 Gy）-2,-0.789721726835901,SMG+19.5,DDAC,17
1020,SMG+SR（19.5 Gy）-3,-0.8626392583421515,SMG+19.5,DDAC,17
1040,SMG+SR（19.5 Gy）-1,-0.7179375335007523,SMG+19.5,DDAC,17.333333333333332
1040,SMG+SR（19.5 Gy）-2,-0.7997082636234767,SMG+19.5,DDAC,17.333333333333332
1040,SMG+SR（19.5 Gy）-3,-0.9103020522015384,SMG+19.5,DDAC,17.333333333333332
1060,SMG+SR（19.5 Gy）-1,-0.7195761402757569,SMG+19.5,DDAC,17.666666666666668
1060,SMG+SR（19.5 Gy）-2,-0.8136220890317617,SMG+19.5,DDAC,17.666666666666668
1060,SMG+SR（19.5 Gy）-3,-0.9248880247991467,SMG+19.5,DDAC,17.666666666666668
1080,SMG+SR（19.5 Gy）-1,-0.7251474879579611,SMG+19.5,DDAC,18
1080,SMG+SR（19.5 Gy）-2,-0.8245062903566148,SMG+19.5,DDAC,18
1080,SMG+SR（19.5 Gy）-3,-0.9300562778538932,SMG+19.5,DDAC,18
1100,SMG+SR（19.5 Gy）-1,-0.7354162173854382,SMG+19.5,DDAC,18.333333333333332
1100,SMG+SR（19.5 Gy）-2,-0.8388689396733721,SMG+19.5,DDAC,18.333333333333332
1100,SMG+SR（19.5 Gy）-3,-0.933846331805441,SMG+19.5,DDAC,18.333333333333332
1120,SMG+SR（19.5 Gy）-1,-0.7290801963085495,SMG+19.5,DDAC,18.666666666666668
1120,SMG+SR（19.5 Gy）-2,-0.8404398651538554,SMG+19.5,DDAC,18.666666666666668
1120,SMG+SR（19.5 Gy）-3,-0.9372918338419387,SMG+19.5,DDAC,18.666666666666668
1140,SMG+SR（19.5 Gy）-1,-0.7333406195028158,SMG+19.5,DDAC,19
1140,SMG+SR（19.5 Gy）-2,-0.8489676866181491,SMG+19.5,DDAC,19
1140,SMG+SR（19.5 Gy）-3,-0.938670037223638,SMG+19.5,DDAC,19
1160,SMG+SR（19.5 Gy）-1,-0.7457941905202445,SMG+19.5,DDAC,19.333333333333332
1160,SMG+SR（19.5 Gy）-2,-0.8490798967753505,SMG+19.5,DDAC,19.333333333333332
1160,SMG+SR（19.5 Gy）-3,-0.925921676265796,SMG+19.5,DDAC,19.333333333333332
1180,SMG+SR（19.5 Gy）-1,-0.7405505902383298,SMG+19.5,DDAC,19.666666666666668
1180,SMG+SR（19.5 Gy）-2,-0.8500897714698281,SMG+19.5,DDAC,19.666666666666668
1180,SMG+SR（19.5 Gy）-3,-0.8564373495422553,SMG+19.5,DDAC,19.666666666666668
1200,SMG+SR（19.5 Gy）-1,-0.7542058257580607,SMG+19.5,DDAC,20
1200,SMG+SR（19.5 Gy）-2,-0.8426840181368802,SMG+19.5,DDAC,20
1200,SMG+SR（19.5 Gy）-3,-0.852073039546624,SMG+19.5,DDAC,20
1220,SMG+SR（19.5 Gy）-1,-0.7610880490932851,SMG+19.5,DDAC,20.333333333333332
1220,SMG+SR（19.5 Gy）-2,-0.838083485293296,SMG+19.5,DDAC,20.333333333333332
1220,SMG+SR（19.5 Gy）-3,-0.8524175957401746,SMG+19.5,DDAC,20.333333333333332
0,Ctrl-1,0,1g+0,NaHCO3,0
0,Ctrl-2,0,1g+0,NaHCO3,0
0,Ctrl-3,0,1g+0,NaHCO3,0
20,Ctrl-1,-0.011625644371161752,1g+0,NaHCO3,0.3333333333333333
20,Ctrl-2,0.015467091942345587,1g+0,NaHCO3,0.3333333333333333
20,Ctrl-3,0.003609341849944091,1g+0,NaHCO3,0.3333333333333333
40,Ctrl-1,0.03337714921246019,1g+0,NaHCO3,0.6666666666666666
40,Ctrl-2,0.026603412891417603,1g+0,NaHCO3,0.6666666666666666
40,Ctrl-3,0.01196803225535127,1g+0,NaHCO3,0.6666666666666666
60,Ctrl-1,0.0330020635300824,1g+0,NaHCO3,1
60,Ctrl-2,0.07630439400182289,1g+0,NaHCO3,1
60,Ctrl-3,0.04388289816698745,1g+0,NaHCO3,1
80,Ctrl-1,0.024001571872775587,1g+0,NaHCO3,1.3333333333333333
80,Ctrl-2,0.0602186380492256,1g+0,NaHCO3,1.3333333333333333
80,Ctrl-3,0.042553116805282246,1g+0,NaHCO3,1.3333333333333333
100,Ctrl-1,-0.004875219745333749,1g+0,NaHCO3,1.6666666666666667
100,Ctrl-2,0.03134670850587323,1g+0,NaHCO3,1.6666666666666667
100,Ctrl-3,0.029635192192699097,1g+0,NaHCO3,1.6666666666666667
120,Ctrl-1,-0.018563611838178645,1g+0,NaHCO3,2
120,Ctrl-2,0.02021038755680122,1g+0,NaHCO3,2
120,Ctrl-3,0.01196803225535127,1g+0,NaHCO3,2
140,Ctrl-1,-0.0301893679750367,1g+0,NaHCO3,2.3333333333333335
140,Ctrl-2,0.0020623158021020227,1g+0,NaHCO3,2.3333333333333335
140,Ctrl-3,-0.005319238677523231,1g+0,NaHCO3,2.3333333333333335
160,Ctrl-1,-0.049128065495593135,1g+0,NaHCO3,2.6666666666666665
160,Ctrl-2,-0.004330770993275516,1g+0,NaHCO3,2.6666666666666665
160,Ctrl-3,-0.009118581645054137,1g+0,NaHCO3,2.6666666666666665
180,Ctrl-1,-0.05869118567646663,1g+0,NaHCO3,3
180,Ctrl-2,-0.01422976392184642,1g+0,NaHCO3,3
180,Ctrl-3,-0.021086727131105713,1g+0,NaHCO3,3
200,Ctrl-1,-0.05569094728023204,1g+0,NaHCO3,3.3333333333333335
200,Ctrl-2,-0.02866572869352157,1g+0,NaHCO3,3.3333333333333335
200,Ctrl-3,-0.02906541530133926,1g+0,NaHCO3,3.3333333333333335
220,Ctrl-1,-0.0648790376615761,1g+0,NaHCO3,3.6666666666666665
220,Ctrl-2,-0.041039377663094706,1g+0,NaHCO3,3.6666666666666665
220,Ctrl-3,-0.041223448674277345,1g+0,NaHCO3,3.6666666666666665
240,Ctrl-1,-0.078379886913232,1g+0,NaHCO3,4
240,Ctrl-2,-0.048463591629142794,1g+0,NaHCO3,4
240,Ctrl-3,-0.04331312127562951,1g+0,NaHCO3,4
260,Ctrl-1,-0.08625534505479837,1g+0,NaHCO3,4.333333333333333
260,Ctrl-2,-0.06599299937359235,1g+0,NaHCO3,4.333333333333333
260,Ctrl-3,-0.060410391090917295,1g+0,NaHCO3,4.333333333333333
280,Ctrl-1,-0.0973185285509382,1g+0,NaHCO3,4.666666666666667
280,Ctrl-2,-0.07692305801207436,1g+0,NaHCO3,4.666666666666667
280,Ctrl-3,-0.0708586974823266,1g+0,NaHCO3,4.666666666666667
300,Ctrl-1,-0.10669416177347106,1g+0,NaHCO3,5
300,Ctrl-2,-0.08599712461980356,1g+0,NaHCO3,5
300,Ctrl-3,-0.08092711486926256,1g+0,NaHCO3,5
320,Ctrl-1,-0.110819377802594,1g+0,NaHCO3,5.333333333333333
320,Ctrl-2,-0.08785317811131559,1g+0,NaHCO3,5.333333333333333
320,Ctrl-3,-0.09422498510166918,1g+0,NaHCO3,5.333333333333333
340,Ctrl-1,-0.11813237506914043,1g+0,NaHCO3,5.666666666666667
340,Ctrl-2,-0.09280261311484281,1g+0,NaHCO3,5.666666666666667
340,Ctrl-3,-0.09650460220525812,1g+0,NaHCO3,5.666666666666667
360,Ctrl-1,-0.12994561816433922,1g+0,NaHCO3,6
360,Ctrl-2,-0.08888430528198797,1g+0,NaHCO3,6
360,Ctrl-3,-0.09973411166607893,1g+0,NaHCO3,6
380,Ctrl-1,-0.1389461657044944,1g+0,NaHCO3,6.333333333333333
380,Ctrl-2,-0.09651472009786673,1g+0,NaHCO3,6.333333333333333
380,Ctrl-3,-0.1012538375300209,1g+0,NaHCO3,6.333333333333333
400,Ctrl-1,-0.13163322432079622,1g+0,NaHCO3,6.666666666666667
400,Ctrl-2,-0.10600124986601685,1g+0,NaHCO3,6.666666666666667
400,Ctrl-3,-0.10790280095390119,1g+0,NaHCO3,6.666666666666667
420,Ctrl-1,-0.1372585595480374,1g+0,NaHCO3,7
420,Ctrl-2,-0.111156947180132,1g+0,NaHCO3,7
420,Ctrl-3,-0.12253045254801313,1g+0,NaHCO3,7
440,Ctrl-1,-0.15207198515662065,1g+0,NaHCO3,7.333333333333333
440,Ctrl-2,-0.11404412784231434,1g+0,NaHCO3,7.333333333333333
440,Ctrl-3,-0.1246201251493654,1g+0,NaHCO3,7.333333333333333
460,Ctrl-1,-0.15600971422740484,1g+0,NaHCO3,7.666666666666667
460,Ctrl-2,-0.12229326812920402,1g+0,NaHCO3,7.666666666666667
460,Ctrl-3,-0.13430854030112774,1g+0,NaHCO3,7.666666666666667
480,Ctrl-1,-0.1623851090537032,1g+0,NaHCO3,8
480,Ctrl-2,-0.12683023997230838,1g+0,NaHCO3,8
480,Ctrl-3,-0.13810793988400868,1g+0,NaHCO3,8
500,Ctrl-1,-0.16576032136661709,1g+0,NaHCO3,8.333333333333334
500,Ctrl-2,-0.12827389176416076,1g+0,NaHCO3,8.333333333333334
500,Ctrl-3,-0.14494684781012385,1g+0,NaHCO3,8.333333333333334
520,Ctrl-1,-0.18488650584551417,1g+0,NaHCO3,8.666666666666666
520,Ctrl-2,-0.12662403912247966,1g+0,NaHCO3,8.666666666666666
520,Ctrl-3,-0.15273559147812063,1g+0,NaHCO3,8.666666666666666
540,Ctrl-1,-0.17719853466228647,1g+0,NaHCO3,9
540,Ctrl-2,-0.12786142860373997,1g+0,NaHCO3,9
540,Ctrl-3,-0.1487462473930049,1g+0,NaHCO3,9
560,Ctrl-1,-0.18732417160102838,1g+0,NaHCO3,9.333333333333334
560,Ctrl-2,-0.13012994525567279,1g+0,NaHCO3,9.333333333333334
560,Ctrl-3,-0.14000766798312428,1g+0,NaHCO3,9.333333333333334
580,Ctrl-1,-0.18676165484315996,1g+0,NaHCO3,9.666666666666666
580,Ctrl-2,-0.12662403912247966,1g+0,NaHCO3,9.666666666666666
580,Ctrl-3,-0.14684657590923944,1g+0,NaHCO3,9.666666666666666
600,Ctrl-1,-0.18076128981638936,1g+0,NaHCO3,10
600,Ctrl-2,-0.12311819445004561,1g+0,NaHCO3,10
600,Ctrl-3,-0.15824471804253046,1g+0,NaHCO3,10
620,Ctrl-1,-0.1861991380852898,1g+0,NaHCO3,10.333333333333334
620,Ctrl-2,-0.12167454265819311,1g+0,NaHCO3,10.333333333333334
620,Ctrl-3,-0.15121586561417874,1g+0,NaHCO3,10.333333333333334
640,Ctrl-1,-0.1927620198699288,1g+0,NaHCO3,10.666666666666666
640,Ctrl-2,-0.12621157596205873,1g+0,NaHCO3,10.666666666666666
640,Ctrl-3,-0.15235564585829714,1g+0,NaHCO3,10.666666666666666
660,Ctrl-1,-0.18001123021733206,1g+0,NaHCO3,11
660,Ctrl-2,-0.12435552247054683,1g+0,NaHCO3,11
660,Ctrl-3,-0.15691493668082515,1g+0,NaHCO3,11
680,Ctrl-1,-0.18432398908764389,1g+0,NaHCO3,11.333333333333334
680,Ctrl-2,-0.13322332676768592,1g+0,NaHCO3,11.333333333333334
680,Ctrl-3,-0.1548252640794729,1g+0,NaHCO3,11.333333333333334
700,Ctrl-1,-0.18657411200197108,1g+0,NaHCO3,11.666666666666666
700,Ctrl-2,-0.12270573128962481,1g+0,NaHCO3,11.666666666666666
700,Ctrl-3,-0.1424772295889481,1g+0,NaHCO3,11.666666666666666
720,Ctrl-1,-0.1886367479579576,1g+0,NaHCO3,12
720,Ctrl-2,-0.1103320208592903,1g+0,NaHCO3,12
720,Ctrl-3,-0.14475690330788718,1g+0,NaHCO3,12
740,Ctrl-1,-0.1768235048627588,1g+0,NaHCO3,12.333333333333334
740,Ctrl-2,-0.10455765953492561,1g+0,NaHCO3,12.333333333333334
740,Ctrl-3,-0.1407675026074193,1g+0,NaHCO3,12.333333333333334
760,Ctrl-1,-0.174198352148902,1g+0,NaHCO3,12.666666666666666
760,Ctrl-2,-0.10002062623105998,1g+0,NaHCO3,12.666666666666666
760,Ctrl-3,-0.1346884859209512,1g+0,NaHCO3,12.666666666666666
780,Ctrl-1,-0.165947864207806,1g+0,NaHCO3,13
780,Ctrl-2,-0.09754590872929637,1g+0,NaHCO3,13
780,Ctrl-3,-0.12594990651107071,1g+0,NaHCO3,13
800,Ctrl-1,-0.16276013885323273,1g+0,NaHCO3,13.333333333333334
800,Ctrl-2,-0.0907403587735,1g+0,NaHCO3,13.333333333333334
800,Ctrl-3,-0.12386023390971844,1g+0,NaHCO3,13.333333333333334
820,Ctrl-1,-0.1590098967407892,1g+0,NaHCO3,13.666666666666666
820,Ctrl-2,-0.0890905061318167,1g+0,NaHCO3,13.666666666666666
820,Ctrl-3,-0.10923258231560651,1g+0,NaHCO3,13.666666666666666
840,Ctrl-1,-0.14944683244276583,1g+0,NaHCO3,14
840,Ctrl-2,-0.0709424343771175,1g+0,NaHCO3,14
840,Ctrl-3,-0.1105623636773117,1g+0,NaHCO3,14
860,Ctrl-1,-0.13744604650637804,1g+0,NaHCO3,14.333333333333334
860,Ctrl-2,-0.08084142730568841,1g+0,NaHCO3,14.333333333333334
860,Ctrl-3,-0.104293345873255,1g+0,NaHCO3,14.333333333333334
880,Ctrl-1,-0.12919555856528203,1g+0,NaHCO3,14.666666666666666
880,Ctrl-2,-0.07238602470820873,1g+0,NaHCO3,14.666666666666666
880,Ctrl-3,-0.09650460220525812,1g+0,NaHCO3,14.666666666666666
900,Ctrl-1,-0.12263262089779291,1g+0,NaHCO3,15
900,Ctrl-2,-0.0719736230085492,1g+0,NaHCO3,15
900,Ctrl-3,-0.08909580415708282,1g+0,NaHCO3,15
920,Ctrl-1,-0.11981998122559732,1g+0,NaHCO3,15.333333333333334
920,Ctrl-2,-0.07444834051031282,1g+0,NaHCO3,15.333333333333334
920,Ctrl-3,-0.09593471208319798,1g+0,NaHCO3,15.333333333333334
940,Ctrl-1,-0.11325704355811007,1g+0,NaHCO3,15.666666666666666
940,Ctrl-2,-0.07589193084140404,1g+0,NaHCO3,15.666666666666666
940,Ctrl-3,-0.08605629581384883,1g+0,NaHCO3,15.666666666666666
960,Ctrl-1,-0.11400710315716923,1g+0,NaHCO3,16
960,Ctrl-2,-0.07527326683115235,1g+0,NaHCO3,16
960,Ctrl-3,-0.09384503948184761,1g+0,NaHCO3,16
980,Ctrl-1,-0.11156943740165307,1g+0,NaHCO3,16.333333333333332
980,Ctrl-2,-0.07156115984812841,1g+0,NaHCO3,16.333333333333332
980,Ctrl-3,-0.08396662321249655,1g+0,NaHCO3,16.333333333333332
1000,Ctrl-1,-0.11381956031598034,1g+0,NaHCO3,16.666666666666668
1000,Ctrl-2,-0.0802227018346775,1g+0,NaHCO3,16.666666666666668
1000,Ctrl-3,-0.09612465658543463,1g+0,NaHCO3,16.666666666666668
1020,Ctrl-1,-0.12169507434039496,1g+0,NaHCO3,17
1020,Ctrl-2,-0.07382967650006123,1g+0,NaHCO3,17
1020,Ctrl-3,-0.085106460071967,1g+0,NaHCO3,17
1040,Ctrl-1,-0.1153196795140966,1g+0,NaHCO3,17.333333333333332
1040,Ctrl-2,-0.07568572999157314,1g+0,NaHCO3,17.333333333333332
1040,Ctrl-3,-0.07959733350755725,1g+0,NaHCO3,17.333333333333332
1060,Ctrl-1,-0.11606973911315577,1g+0,NaHCO3,17.666666666666668
1060,Ctrl-2,-0.0837286079678728,1g+0,NaHCO3,17.666666666666668
1060,Ctrl-3,-0.08263684185079125,1g+0,NaHCO3,17.666666666666668
1080,Ctrl-1,-0.1243202270542499,1g+0,NaHCO3,18
1080,Ctrl-2,-0.07836664834316559,1g+0,NaHCO3,18
1080,Ctrl-3,-0.0955547664633763,1g+0,NaHCO3,18
1100,Ctrl-1,-0.12000746818393807,1g+0,NaHCO3,18.333333333333332
1100,Ctrl-2,-0.07651059485165357,1g+0,NaHCO3,18.333333333333332
1100,Ctrl-3,-0.07826755214585195,1g+0,NaHCO3,18.333333333333332
1120,Ctrl-1,-0.13125819452126858,1g+0,NaHCO3,18.666666666666668
1120,Ctrl-2,-0.07073623352728671,1g+0,NaHCO3,18.666666666666668
1120,Ctrl-3,-0.07940733238997044,1g+0,NaHCO3,18.666666666666668
1140,Ctrl-1,-0.12957058836481156,1g+0,NaHCO3,19
1140,Ctrl-2,-0.0895029692922375,1g+0,NaHCO3,19
1140,Ctrl-3,-0.09593471208319798,1g+0,NaHCO3,19
1160,Ctrl-1,-0.12957058836481156,1g+0,NaHCO3,19.333333333333332
1160,Ctrl-2,-0.08537839914879278,1g+0,NaHCO3,19.333333333333332
1160,Ctrl-3,-0.0845365133345567,1g+0,NaHCO3,19.333333333333332
1180,Ctrl-1,-0.11888237878535124,1g+0,NaHCO3,19.666666666666668
1180,Ctrl-2,-0.09486492891694483,1g+0,NaHCO3,19.666666666666668
1180,Ctrl-3,-0.08909580415708282,1g+0,NaHCO3,19.666666666666668
1200,Ctrl-1,-0.1175698024284219,1g+0,NaHCO3,20
1200,Ctrl-2,-0.08847184212156717,1g+0,NaHCO3,20
1200,Ctrl-3,-0.08073711375167564,1g+0,NaHCO3,20
1220,Ctrl-1,-0.12394519725472214,1g+0,NaHCO3,20.333333333333332
1220,Ctrl-2,-0.09259641226501202,1g+0,NaHCO3,20.333333333333332
1220,Ctrl-3,-0.09365503836426078,1g+0,NaHCO3,20.333333333333332
0,SR（6.5 Gy）-1,0,1g+6.5,NaHCO3,0
0,SR（6.5 Gy）-2,0,1g+6.5,NaHCO3,0
0,SR（6.5 Gy）-3,0,1g+6.5,NaHCO3,0
20,SR（6.5 Gy）-1,0.007796802474475779,1g+6.5,NaHCO3,0.3333333333333333
20,SR（6.5 Gy）-2,0.01833483225780956,1g+6.5,NaHCO3,0.3333333333333333
20,SR（6.5 Gy）-3,0.02078262227484611,1g+6.5,NaHCO3,0.3333333333333333
40,SR（6.5 Gy）-1,0.034528800999295874,1g+6.5,NaHCO3,0.6666666666666666
40,SR（6.5 Gy）-2,0.10670270057221987,1g+6.5,NaHCO3,0.6666666666666666
40,SR（6.5 Gy）-3,0.030731774493349778,1g+6.5,NaHCO3,0.6666666666666666
60,SR（6.5 Gy）-1,0.03898414515171098,1g+6.5,NaHCO3,1
60,SR（6.5 Gy）-2,0.09798612628946368,1g+6.5,NaHCO3,1
60,SR（6.5 Gy）-3,0.07915095999319957,1g+6.5,NaHCO3,1
80,SR（6.5 Gy）-1,0.042325669863439865,1g+6.5,NaHCO3,1.3333333333333333
80,SR（6.5 Gy）-2,0.0808535986728241,1g+6.5,NaHCO3,1.3333333333333333
80,SR（6.5 Gy）-3,0.08114079043690033,1g+6.5,NaHCO3,1.3333333333333333
100,SR（6.5 Gy）-1,0.035419883107712935,1g+6.5,NaHCO3,1.6666666666666667
100,SR（6.5 Gy）-2,0.06281929778672851,1g+6.5,NaHCO3,1.6666666666666667
100,SR（6.5 Gy）-3,0.08091972745009167,1g+6.5,NaHCO3,1.6666666666666667
120,SR（6.5 Gy）-1,0.02160837598592741,1g+6.5,NaHCO3,2
120,SR（6.5 Gy）-2,0.046287922490675336,1g+6.5,NaHCO3,2
120,SR（6.5 Gy）-3,0.07760332141372248,1g+6.5,NaHCO3,2
140,SR（6.5 Gy）-1,0.00935616296937054,1g+6.5,NaHCO3,2.3333333333333335
140,SR（6.5 Gy）-2,0.024045644937636373,1g+6.5,NaHCO3,2.3333333333333335
140,SR（6.5 Gy）-3,0.06743310620841016,1g+6.5,NaHCO3,2.3333333333333335
160,SR（6.5 Gy）-1,-8.910821084170588e-4,1g+6.5,NaHCO3,2.6666666666666665
160,SR（6.5 Gy）-2,0.0030056720257703906,1g+6.5,NaHCO3,2.6666666666666665
160,SR（6.5 Gy）-3,0.05571518653301438,1g+6.5,NaHCO3,2.6666666666666665
180,SR（6.5 Gy）-1,-0.008910688304830093,1g+6.5,NaHCO3,3
180,SR（6.5 Gy）-2,-0.013525703270282786,1g+6.5,NaHCO3,3
180,SR（6.5 Gy）-3,0.0417863734271092,1g+6.5,NaHCO3,3
200,SR（6.5 Gy）-1,-0.022722261816281723,1g+6.5,NaHCO3,3.3333333333333335
200,SR（6.5 Gy）-2,-0.026450254219979163,1g+6.5,NaHCO3,3.3333333333333335
200,SR（6.5 Gy）-3,0.019677175559592447,1g+6.5,NaHCO3,3.3333333333333335
220,SR（6.5 Gy）-1,-0.034306130056695035,1g+6.5,NaHCO3,3.6666666666666665
220,SR（6.5 Gy）-2,-0.04358287141377755,1g+6.5,NaHCO3,3.6666666666666665
220,SR（6.5 Gy）-3,0.0022108934305094135,1g+6.5,NaHCO3,3.6666666666666665
240,SR（6.5 Gy）-1,-0.050790883503729636,1g+6.5,NaHCO3,4
240,SR（6.5 Gy）-2,-0.06402169200506012,1g+6.5,NaHCO3,4
240,SR（6.5 Gy）-3,-0.010833535946950764,1g+6.5,NaHCO3,4
260,SR（6.5 Gy）-1,-0.06215194802220346,1g+6.5,NaHCO3,4.333333333333333
260,SR（6.5 Gy）-2,-0.07844907896764013,1g+6.5,NaHCO3,4.333333333333333
260,SR（6.5 Gy）-3,-0.02277251860915519,1g+6.5,NaHCO3,4.333333333333333
280,SR（6.5 Gy）-1,-0.07640899619819765,1g+6.5,NaHCO3,4.666666666666667
280,SR（6.5 Gy）-2,-0.08926964158386648,1g+6.5,NaHCO3,4.666666666666667
280,SR（6.5 Gy）-3,-0.03205841597662666,1g+6.5,NaHCO3,4.666666666666667
300,SR（6.5 Gy）-1,-0.09289374964523002,1g+6.5,NaHCO3,5
300,SR（6.5 Gy）-2,-0.10339649717473567,1g+6.5,NaHCO3,5
300,SR（6.5 Gy）-3,-0.04510284535408684,1g+6.5,NaHCO3,5
320,SR（6.5 Gy）-1,-0.10470042160758058,1g+6.5,NaHCO3,5.333333333333333
320,SR（6.5 Gy）-2,-0.11632104812443506,1g+6.5,NaHCO3,5.333333333333333
320,SR（6.5 Gy）-3,-0.05151452854941266,1g+6.5,NaHCO3,5.333333333333333
340,SR（6.5 Gy）-1,-0.11695256823447146,1g+6.5,NaHCO3,5.666666666666667
340,SR（6.5 Gy）-2,-0.12654045842007483,1g+6.5,NaHCO3,5.666666666666667
340,SR（6.5 Gy）-3,-0.059252721446800674,1g+6.5,NaHCO3,5.666666666666667
360,SR（6.5 Gy）-1,-0.12719987970192503,1g+6.5,NaHCO3,6
360,SR（6.5 Gy）-2,-0.13134958740760144,1g+6.5,NaHCO3,6
360,SR（6.5 Gy）-3,-0.06389563718523218,1g+6.5,NaHCO3,6
380,SR（6.5 Gy）-1,-0.1370015837255041,1g+6.5,NaHCO3,6.333333333333333
380,SR（6.5 Gy）-2,-0.13134958740760144,1g+6.5,NaHCO3,6.333333333333333
380,SR（6.5 Gy）-3,-0.06831748993685713,1g+6.5,NaHCO3,6.333333333333333
400,SR（6.5 Gy）-1,-0.15059035351501837,1g+6.5,NaHCO3,6.666666666666667
400,SR（6.5 Gy）-2,-0.13285242342048506,1g+6.5,NaHCO3,6.666666666666667
400,SR（6.5 Gy）-3,-0.06256912748316987,1g+6.5,NaHCO3,6.666666666666667
420,SR（6.5 Gy）-1,-0.1595010418198486,1g+6.5,NaHCO3,7
420,SR（6.5 Gy）-2,-0.13736102103630105,1g+6.5,NaHCO3,7
420,SR（6.5 Gy）-3,-0.06676985135738005,1g+6.5,NaHCO3,7
440,SR（6.5 Gy）-1,-0.16997109061957122,1g+6.5,NaHCO3,7.333333333333333
440,SR（6.5 Gy）-2,-0.13645933734400084,1g+6.5,NaHCO3,7.333333333333333
440,SR（6.5 Gy）-3,-0.06654878837057139,1g+6.5,NaHCO3,7.333333333333333
460,SR（6.5 Gy）-1,-0.17554025421267466,1g+6.5,NaHCO3,7.666666666666667
460,SR（6.5 Gy）-2,-0.13104905603588765,1g+6.5,NaHCO3,7.666666666666667
460,SR（6.5 Gy）-3,-0.08069866446328511,1g+6.5,NaHCO3,7.666666666666667
480,SR（6.5 Gy）-1,-0.18133215513804726,1g+6.5,NaHCO3,8
480,SR（6.5 Gy）-2,-0.12323416544543185,1g+6.5,NaHCO3,8
480,SR（6.5 Gy）-3,-0.09197439227445733,1g+6.5,NaHCO3,8
500,SR（6.5 Gy）-1,-0.18756966350729426,1g+6.5,NaHCO3,8.333333333333334
500,SR（6.5 Gy）-2,-0.10880677848284868,1g+6.5,NaHCO3,8.333333333333334
500,SR（6.5 Gy）-3,-0.09352203085393675,1g+6.5,NaHCO3,8.333333333333334
520,SR（6.5 Gy）-1,-0.19313882710039548,1g+6.5,NaHCO3,8.666666666666666
520,SR（6.5 Gy）-2,-0.10820562616226528,1g+6.5,NaHCO3,8.666666666666666
520,SR（6.5 Gy）-3,-0.09418528570496675,1g+6.5,NaHCO3,8.666666666666666
540,SR（6.5 Gy）-1,-0.19603474436824775,1g+6.5,NaHCO3,9
540,SR（6.5 Gy）-2,-0.09738506354603908,1g+6.5,NaHCO3,9
540,SR（6.5 Gy）-3,-0.09506966943341384,1g+6.5,NaHCO3,9
560,SR（6.5 Gy）-1,-0.20049008852066275,1g+6.5,NaHCO3,9.333333333333334
560,SR（6.5 Gy）-2,-0.09017132527616668,1g+6.5,NaHCO3,9.333333333333334
560,SR（6.5 Gy）-3,-0.09440641458238164,1g+6.5,NaHCO3,9.333333333333334
580,SR（6.5 Gy）-1,-0.20383161323239174,1g+6.5,NaHCO3,9.666666666666666
580,SR（6.5 Gy）-2,-0.07544340694187274,1g+6.5,NaHCO3,9.666666666666666
580,SR（6.5 Gy）-3,-0.09307983898971307,1g+6.5,NaHCO3,9.666666666666666
600,SR（6.5 Gy）-1,-0.2020494490155575,1g+6.5,NaHCO3,10
600,SR（6.5 Gy）-2,-0.05740910605577414,1g+6.5,NaHCO3,10
600,SR（6.5 Gy）-3,-0.08114085632750877,1g+6.5,NaHCO3,10
620,SR（6.5 Gy）-1,-0.19982181013418515,1g+6.5,NaHCO3,10.333333333333334
620,SR（6.5 Gy）-2,-0.027352027489438175,1g+6.5,NaHCO3,10.333333333333334
620,SR（6.5 Gy）-3,-0.07296047156589709,1g+6.5,NaHCO3,10.333333333333334
640,SR（6.5 Gy）-1,-0.19982181013418515,1g+6.5,NaHCO3,10.666666666666666
640,SR（6.5 Gy）-2,-0.006011433628699587,1g+6.5,NaHCO3,10.666666666666666
640,SR（6.5 Gy）-3,-0.061905872632139876,1g+6.5,NaHCO3,10.666666666666666
660,SR（6.5 Gy）-1,-0.19313882710039548,1g+6.5,NaHCO3,11
660,SR（6.5 Gy）-2,0.005710812679826981,1g+6.5,NaHCO3,11
660,SR（6.5 Gy）-3,-0.05969491331102422,1g+6.5,NaHCO3,11
680,SR（6.5 Gy）-1,-0.18712412245308574,1g+6.5,NaHCO3,11.333333333333334
680,SR（6.5 Gy）-2,0.004508508038654001,1g+6.5,NaHCO3,11.333333333333334
680,SR（6.5 Gy）-3,-0.05505199757259051,1g+6.5,NaHCO3,11.333333333333334
700,SR（6.5 Gy）-1,-0.18044107302963008,1g+6.5,NaHCO3,11.666666666666666
700,SR（6.5 Gy）-2,0.001202215064011004,1g+6.5,NaHCO3,11.666666666666666
700,SR（6.5 Gy）-3,-0.05792621174473836,1g+6.5,NaHCO3,11.666666666666666
720,SR（6.5 Gy）-1,-0.16930274584342767,1g+6.5,NaHCO3,12
720,SR（6.5 Gy）-2,0.01562969160375297,1g+6.5,NaHCO3,12
720,SR（6.5 Gy）-3,-0.05372542197991986,1g+6.5,NaHCO3,12
740,SR（6.5 Gy）-1,-0.1574961402707453,1g+6.5,NaHCO3,12.333333333333334
740,SR（6.5 Gy）-2,0.0030056720257703906,1g+6.5,NaHCO3,12.333333333333334
740,SR（6.5 Gy）-3,-0.04974576109251835,1g+6.5,NaHCO3,12.333333333333334
760,SR（6.5 Gy）-1,-0.15281805878605892,1g+6.5,NaHCO3,12.666666666666666
760,SR（6.5 Gy）-2,-0.006612585949285994,1g+6.5,NaHCO3,12.666666666666666
760,SR（6.5 Gy）-3,-0.05107233668518899,1g+6.5,NaHCO3,12.666666666666666
780,SR（6.5 Gy）-1,-0.13388286273571248,1g+6.5,NaHCO3,13
780,SR（6.5 Gy）-2,0.0063119650004103845,1g+6.5,NaHCO3,13
780,SR（6.5 Gy）-3,-0.043334077897194734,1g+6.5,NaHCO3,13
800,SR（6.5 Gy）-1,-0.1274226170341941,1g+6.5,NaHCO3,13.333333333333334
800,SR（6.5 Gy）-2,0.014427386962579988,1g+6.5,NaHCO3,13.333333333333334
800,SR（6.5 Gy）-3,-0.040680992602461774,1g+6.5,NaHCO3,13.333333333333334
820,SR（6.5 Gy）-1,-0.11984855189198959,1g+6.5,NaHCO3,13.666666666666666
820,SR（6.5 Gy）-2,-0.0027051406540565905,1g+6.5,NaHCO3,13.666666666666666
820,SR（6.5 Gy）-3,-0.038248970294537464,1g+6.5,NaHCO3,13.666666666666666
840,SR（6.5 Gy）-1,-0.1091557657599957,1g+6.5,NaHCO3,14
840,SR（6.5 Gy）-2,-0.0069132068981586,1g+6.5,NaHCO3,14
840,SR（6.5 Gy）-3,-0.040680992602461774,1g+6.5,NaHCO3,14
860,SR（6.5 Gy）-1,-0.09957679906868566,1g+6.5,NaHCO3,14.333333333333334
860,SR（6.5 Gy）-2,-0.013525703270282786,1g+6.5,NaHCO3,14.333333333333334
860,SR（6.5 Gy）-3,-0.03603807686402805,1g+6.5,NaHCO3,14.333333333333334
880,SR（6.5 Gy）-1,-0.08710184871985975,1g+6.5,NaHCO3,14.666666666666666
880,SR（6.5 Gy）-2,-0.011421714936812601,1g+6.5,NaHCO3,14.666666666666666
880,SR（6.5 Gy）-3,-0.03802790730772881,1g+6.5,NaHCO3,14.666666666666666
900,SR（6.5 Gy）-1,-0.07997332463186155,1g+6.5,NaHCO3,15
900,SR（6.5 Gy）-2,-0.00871657428275601,1g+6.5,NaHCO3,15
900,SR（6.5 Gy）-3,-0.034490438284550964,1g+6.5,NaHCO3,15
920,SR（6.5 Gy）-1,-0.07418135731682307,1g+6.5,NaHCO3,15.333333333333334
920,SR（6.5 Gy）-2,-0.03336346111813776,1g+6.5,NaHCO3,15.333333333333334
920,SR（6.5 Gy）-3,-0.029847456655511008,1g+6.5,NaHCO3,15.333333333333334
940,SR（6.5 Gy）-1,-0.07217645576771979,1g+6.5,NaHCO3,15.666666666666666
940,SR（6.5 Gy）-2,-0.04177941445202117,1g+6.5,NaHCO3,15.666666666666666
940,SR（6.5 Gy）-3,-0.03537475612239182,1g+6.5,NaHCO3,15.666666666666666
960,SR（6.5 Gy）-1,-0.07329027520840589,1g+6.5,NaHCO3,16
960,SR（6.5 Gy）-2,-0.06943197331317331,1g+6.5,NaHCO3,16
960,SR（6.5 Gy）-3,-0.043334077897194734,1g+6.5,NaHCO3,16
980,SR（6.5 Gy）-1,-0.062597489076412,1g+6.5,NaHCO3,16.333333333333332
980,SR（6.5 Gy）-2,-0.0880673369426965,1g+6.5,NaHCO3,16.333333333333332
980,SR（6.5 Gy）-3,-0.03316386269188241,1g+6.5,NaHCO3,16.333333333333332
1000,SR（6.5 Gy）-1,-0.06482512795778433,1g+6.5,NaHCO3,16.666666666666668
1000,SR（6.5 Gy）-2,-0.11091076681632188,1g+6.5,NaHCO3,16.666666666666668
1000,SR（6.5 Gy）-3,-0.03493256425816828,1g+6.5,NaHCO3,16.666666666666668
1020,SR（6.5 Gy）-1,-0.06126086591378628,1g+6.5,NaHCO3,17
1020,SR（6.5 Gy）-2,-0.12804329443295845,1g+6.5,NaHCO3,17
1020,SR（6.5 Gy）-3,-0.040238800738238226,1g+6.5,NaHCO3,17
1040,SR（6.5 Gy）-1,-0.06081532485957775,1g+6.5,NaHCO3,17.333333333333332
1040,SR（6.5 Gy）-2,-0.12894506770241745,1g+6.5,NaHCO3,17.333333333333332
1040,SR（6.5 Gy）-3,-0.05416761384414341,1g+6.5,NaHCO3,17.333333333333332
1060,SR（6.5 Gy）-1,-0.06437965329324401,1g+6.5,NaHCO3,17.666666666666668
1060,SR（6.5 Gy）-2,-0.1532913335889266,1g+6.5,NaHCO3,17.666666666666668
1060,SR（6.5 Gy）-3,-0.04421846162563974,1g+6.5,NaHCO3,17.666666666666668
1080,SR（6.5 Gy）-1,-0.05925596436468311,1g+6.5,NaHCO3,18
1080,SR（6.5 Gy）-2,-0.17373015418020918,1g+6.5,NaHCO3,18
1080,SR（6.5 Gy）-3,-0.04399739863883329,1g+6.5,NaHCO3,18
1100,SR（6.5 Gy）-1,-0.05769660386978835,1g+6.5,NaHCO3,18.333333333333332
1100,SR（6.5 Gy）-2,-0.17342953323133659,1g+6.5,NaHCO3,18.333333333333332
1100,SR（6.5 Gy）-3,-0.05460980570836696,1g+6.5,NaHCO3,18.333333333333332
1120,SR（6.5 Gy）-1,-0.05301852238510197,1g+6.5,NaHCO3,18.666666666666668
1120,SR（6.5 Gy）-2,-0.1848512481681462,1g+6.5,NaHCO3,18.666666666666668
1120,SR（6.5 Gy）-3,-0.051293399671997766,1g+6.5,NaHCO3,18.666666666666668
1140,SR（6.5 Gy）-1,-0.055691702320685064,1g+6.5,NaHCO3,19
1140,SR（6.5 Gy）-2,-0.19176436548914597,1g+6.5,NaHCO3,19
1140,SR（6.5 Gy）-3,-0.0687596818010808,1g+6.5,NaHCO3,19
1160,SR（6.5 Gy）-1,-0.06348857118482683,1g+6.5,NaHCO3,19.333333333333332
1160,SR（6.5 Gy）-2,-0.20198377578478577,1g+6.5,NaHCO3,19.333333333333332
1160,SR（6.5 Gy）-3,-0.08224630304276231,1g+6.5,NaHCO3,19.333333333333332
1180,SR（6.5 Gy）-1,-0.06504793167972159,1g+6.5,NaHCO3,19.666666666666668
1180,SR（6.5 Gy）-2,-0.21611063137565495,1g+6.5,NaHCO3,19.666666666666668
1180,SR（6.5 Gy）-3,-0.08666815579438739,1g+6.5,NaHCO3,19.666666666666668
1200,SR（6.5 Gy）-1,-0.06482512795778433,1g+6.5,NaHCO3,20
1200,SR（6.5 Gy）-2,-0.22272321732494096,1g+6.5,NaHCO3,20
1200,SR（6.5 Gy）-3,-0.0979438836055617,1g+6.5,NaHCO3,20
1220,SR（6.5 Gy）-1,-0.06504793167972159,1g+6.5,NaHCO3,20.333333333333332
1220,SR（6.5 Gy）-2,-0.23444546363346452,1g+6.5,NaHCO3,20.333333333333332
1220,SR（6.5 Gy）-3,-0.1017024156155461,1g+6.5,NaHCO3,20.333333333333332
0,SR（13 Gy）-1,0,1g+13,NaHCO3,0
0,SR（13 Gy）-2,0,1g+13,NaHCO3,0
0,SR（13 Gy）-3,0,1g+13,NaHCO3,0
20,SR（13 Gy）-1,0.021531109006868554,1g+13,NaHCO3,0.3333333333333333
20,SR（13 Gy）-2,0.021695248401678986,1g+13,NaHCO3,0.3333333333333333
20,SR（13 Gy）-3,0.012443413514841217,1g+13,NaHCO3,0.3333333333333333
40,SR（13 Gy）-1,0.01913876356166105,1g+13,NaHCO3,0.6666666666666666
40,SR（13 Gy）-2,0.05953577695833999,1g+13,NaHCO3,0.6666666666666666
40,SR（13 Gy）-3,0.023303190958919893,1g+13,NaHCO3,0.6666666666666666
60,SR（13 Gy）-1,0.05342902186984886,1g+13,NaHCO3,1
60,SR（13 Gy）-2,0.07643791880852209,1g+13,NaHCO3,1
60,SR（13 Gy）-3,0.045475107340615904,1g+13,NaHCO3,1
80,SR（13 Gy）-1,0.0598086361301905,1g+13,NaHCO3,1.3333333333333333
80,SR（13 Gy）-2,0.07088795056182778,1g+13,NaHCO3,1.3333333333333333
80,SR（13 Gy）-3,0.035520390013956904,1g+13,NaHCO3,1.3333333333333333
100,SR（13 Gy）-1,0.06034027725349929,1g+13,NaHCO3,1.6666666666666667
100,SR（13 Gy）-2,0.06104942516628883,1g+13,NaHCO3,1.6666666666666667
100,SR（13 Gy）-3,0.03416290097692881,1g+13,NaHCO3,1.6666666666666667
120,SR（13 Gy）-1,0.04944183227407624,1g+13,NaHCO3,2
120,SR（13 Gy）-2,0.04339049680335545,1g+13,NaHCO3,2
120,SR（13 Gy）-3,0.01809951669668363,1g+13,NaHCO3,2
140,SR（13 Gy）-1,0.03801174617134692,1g+13,NaHCO3,2.3333333333333335
140,SR（13 Gy）-2,0.03002020077171792,1g+13,NaHCO3,2.3333333333333335
140,SR（13 Gy）-3,0.010407213672335028,1g+13,NaHCO3,2.3333333333333335
160,SR（13 Gy）-1,0.02977142758910641,1g+13,NaHCO3,2.6666666666666665
160,SR（13 Gy）-2,0.015640730752335116,1g+13,NaHCO3,2.6666666666666665
160,SR（13 Gy）-3,0.004298614144816585,1g+13,NaHCO3,2.6666666666666665
180,SR（13 Gy）-1,0.01913876356166105,1g+13,NaHCO3,3
180,SR（13 Gy）-2,0.004288557148847321,1g+13,NaHCO3,3
180,SR（13 Gy）-3,-0.0074660885645443965,1g+13,NaHCO3,3
200,SR（13 Gy）-1,0.012759228520680635,1g+13,NaHCO3,3.3333333333333335
200,SR（13 Gy）-2,-0.004793181733943029,1g+13,NaHCO3,3.3333333333333335
200,SR（13 Gy）-3,-0.01515839158889526,1g+13,NaHCO3,3.3333333333333335
220,SR（13 Gy）-1,0.005050551061749051,1g+13,NaHCO3,3.6666666666666665
220,SR（13 Gy）-2,-0.01690214185017958,1g+13,NaHCO3,3.6666666666666665
220,SR（13 Gy）-3,-0.03031671575172064,1g+13,NaHCO3,3.6666666666666665
240,SR（13 Gy）-1,-0.005847893917674142,1g+13,NaHCO3,4
240,SR（13 Gy）-2,-0.03102929957701453,1g+13,NaHCO3,4
240,SR（13 Gy）-3,-0.045701389226487726,1g+13,NaHCO3,4
260,SR（13 Gy）-1,-0.018075481315045994,1g+13,NaHCO3,4.333333333333333
260,SR（13 Gy）-2,-0.043895046206002354,1g+13,NaHCO3,4.333333333333333
260,SR（13 Gy）-3,-0.05746609193584871,1g+13,NaHCO3,4.333333333333333
280,SR（13 Gy）-1,-0.025252517650668795,1g+13,NaHCO3,4.666666666666667
280,SR（13 Gy）-2,-0.05348133449144227,1g+13,NaHCO3,4.666666666666667
280,SR（13 Gy）-3,-0.0671945948027035,1g+13,NaHCO3,4.666666666666667
300,SR（13 Gy）-1,-0.03801166695199086,1g+13,NaHCO3,5
300,SR（13 Gy）-2,-0.0640767215821813,1g+13,NaHCO3,5
300,SR（13 Gy）-3,-0.07647060132388439,1g+13,NaHCO3,5
320,SR（13 Gy）-1,-0.04518870328761366,1g+13,NaHCO3,5.333333333333333
320,SR（13 Gy）-2,-0.07618568169841786,1g+13,NaHCO3,5.333333333333333
320,SR（13 Gy）-3,-0.08257920085140297,1g+13,NaHCO3,5.333333333333333
340,SR（13 Gy）-1,-0.05449230411646908,1g+13,NaHCO3,5.666666666666667
340,SR（13 Gy）-2,-0.0832492229706122,1g+13,NaHCO3,5.666666666666667
340,SR（13 Gy）-3,-0.08823530403324538,1g+13,NaHCO3,5.666666666666667
360,SR（13 Gy）-1,-0.06618817117117343,1g+13,NaHCO3,6
360,SR（13 Gy）-2,-0.09308782354859996,1g+13,NaHCO3,6
360,SR（13 Gy）-3,-0.09524889625211601,1g+13,NaHCO3,6
380,SR（13 Gy）-1,-0.07416262958207753,1g+13,NaHCO3,6.333333333333333
380,SR（13 Gy）-2,-0.09964681541814473,1g+13,NaHCO3,6.333333333333333
380,SR（13 Gy）-3,-0.09864251770558041,1g+13,NaHCO3,6.333333333333333
400,SR（13 Gy）-1,-0.08585857585614326,1g+13,NaHCO3,6.666666666666667
400,SR（13 Gy）-2,-0.10872855430093493,1g+13,NaHCO3,6.666666666666667
400,SR（13 Gy）-3,-0.10294119927646461,1g+13,NaHCO3,6.666666666666667
420,SR（13 Gy）-1,-0.09489631651366494,1g+13,NaHCO3,7
420,SR（13 Gy）-2,-0.11377397314497968,1g+13,NaHCO3,7
420,SR（13 Gy）-3,-0.10882351691811122,1g+13,NaHCO3,7
440,SR（13 Gy）-1,-0.09808608403415639,1g+13,NaHCO3,7.333333333333333
440,SR（13 Gy）-2,-0.11806260547627315,1g+13,NaHCO3,7.333333333333333
440,SR（13 Gy）-3,-0.11085971676061741,1g+13,NaHCO3,7.333333333333333
460,SR（13 Gy）-1,-0.10606062166441922,1g+13,NaHCO3,7.666666666666667
460,SR（13 Gy）-2,-0.12563069615111705,1g+13,NaHCO3,7.666666666666667
460,SR（13 Gy）-3,-0.11447962009995365,1g+13,NaHCO3,7.666666666666667
480,SR（13 Gy）-1,-0.11164273463011833,1g+13,NaHCO3,8
480,SR（13 Gy）-2,-0.1337033362286081,1g+13,NaHCO3,8
480,SR（13 Gy）-3,-0.11425340564014944,1g+13,NaHCO3,8
500,SR（13 Gy）-1,-0.11722484759581729,1g+13,NaHCO3,8.333333333333334
500,SR（13 Gy）-2,-0.13698286975460483,1g+13,NaHCO3,8.333333333333334
500,SR（13 Gy）-3,-0.11357469483467146,1g+13,NaHCO3,8.333333333333334
520,SR（13 Gy）-1,-0.12227539865756634,1g+13,NaHCO3,8.666666666666666
520,SR（13 Gy）-2,-0.1349646721440066,1g+13,NaHCO3,8.666666666666666
520,SR（13 Gy）-3,-0.11628960548265563,1g+13,NaHCO3,8.666666666666666
540,SR（13 Gy）-1,-0.12706008954798165,1g+13,NaHCO3,9
540,SR（13 Gy）-2,-0.1349646721440066,1g+13,NaHCO3,9
540,SR（13 Gy）-3,-0.12239820501017407,1g+13,NaHCO3,9
560,SR（13 Gy）-1,-0.12971821594516167,1g+13,NaHCO3,9.333333333333334
560,SR（13 Gy）-2,-0.138496442780105,1g+13,NaHCO3,9.333333333333334
560,SR（13 Gy）-3,-0.12194570866449804,1g+13,NaHCO3,9.333333333333334
580,SR（13 Gy）-1,-0.1291865748218554,1g+13,NaHCO3,9.666666666666666
580,SR（13 Gy）-2,-0.13622600805940743,1g+13,NaHCO3,9.666666666666666
580,SR（13 Gy）-3,-0.12104071597314824,1g+13,NaHCO3,9.666666666666666
600,SR（13 Gy）-1,-0.1371610332327595,1g+13,NaHCO3,10
600,SR（13 Gy）-2,-0.1337033362286081,1g+13,NaHCO3,10
600,SR（13 Gy）-3,-0.11923079801651387,1g+13,NaHCO3,10
620,SR（13 Gy）-1,-0.14167994317120242,1g+13,NaHCO3,10.333333333333334
620,SR（13 Gy）-2,-0.13748741915725454,1g+13,NaHCO3,10.333333333333334
620,SR（13 Gy）-3,-0.12058821962747221,1g+13,NaHCO3,10.333333333333334
640,SR（13 Gy）-1,-0.14433806956838247,1g+13,NaHCO3,10.666666666666666
640,SR（13 Gy）-2,-0.1243693602357162,1g+13,NaHCO3,10.666666666666666
640,SR（13 Gy）-3,-0.11583710913697959,1g+13,NaHCO3,10.666666666666666
660,SR（13 Gy）-1,-0.14646463406161758,1g+13,NaHCO3,11
660,SR（13 Gy）-2,-0.12285571202776989,1g+13,NaHCO3,11
660,SR（13 Gy）-3,-0.11855201978496602,1g+13,NaHCO3,11
680,SR（13 Gy）-1,-0.1419457241231748,1g+13,NaHCO3,11.333333333333334
680,SR（13 Gy）-2,-0.12209892551501861,1g+13,NaHCO3,11.333333333333334
680,SR（13 Gy）-3,-0.10927601326378726,1g+13,NaHCO3,11.333333333333334
700,SR（13 Gy）-1,-0.13370548476029567,1g+13,NaHCO3,11.666666666666666
700,SR（13 Gy）-2,-0.11074675191153081,1g+13,NaHCO3,11.666666666666666
700,SR（13 Gy）-3,-0.108144806112631,1g+13,NaHCO3,11.666666666666666
720,SR（13 Gy）-1,-0.13157892026706305,1g+13,NaHCO3,12
720,SR（13 Gy）-2,-0.10771945549563582,1g+13,NaHCO3,12
720,SR（13 Gy）-3,-0.10407240642761861,1g+13,NaHCO3,12
740,SR（13 Gy）-1,-0.13104727914375427,1g+13,NaHCO3,12.333333333333334
740,SR（13 Gy）-2,-0.10822400489828538,1g+13,NaHCO3,12.333333333333334
740,SR（13 Gy）-3,-0.10226242104491663,1g+13,NaHCO3,12.333333333333334
760,SR（13 Gy）-1,-0.12759165145192905,1g+13,NaHCO3,12.666666666666666
760,SR（13 Gy）-2,-0.10368313545689034,1g+13,NaHCO3,12.666666666666666
760,SR（13 Gy）-3,-0.09660631786307422,1g+13,NaHCO3,12.666666666666666
780,SR（13 Gy）-1,-0.11881977096574113,1g+13,NaHCO3,13
780,SR（13 Gy）-2,-0.0925832741459504,1g+13,NaHCO3,13
780,SR（13 Gy）-3,-0.09140271102690557,1g+13,NaHCO3,13
800,SR（13 Gy）-1,-0.1100478112601945,1g+13,NaHCO3,13.333333333333334
800,SR（13 Gy）-2,-0.09081738882790237,1g+13,NaHCO3,13.333333333333334
800,SR（13 Gy）-3,-0.08846151849304959,1g+13,NaHCO3,13.333333333333334
820,SR（13 Gy）-1,-0.10047842947936404,1g+13,NaHCO3,13.666666666666666
820,SR（13 Gy）-2,-0.08022200173716333,1g+13,NaHCO3,13.666666666666666
820,SR（13 Gy）-3,-0.08190042261985499,1g+13,NaHCO3,13.666666666666666
840,SR（13 Gy）-1,-0.08825092130135091,1g+13,NaHCO3,14
840,SR（13 Gy）-2,-0.0749243457830194,1g+13,NaHCO3,14
840,SR（13 Gy）-3,-0.08076921546869872,1g+13,NaHCO3,14
860,SR（13 Gy）-1,-0.08107388496572797,1g+13,NaHCO3,14.333333333333334
860,SR（13 Gy）-2,-0.07114026285437312,1g+13,NaHCO3,14.333333333333334
860,SR（13 Gy）-3,-0.07895929751206661,1g+13,NaHCO3,14.333333333333334
880,SR（13 Gy）-1,-0.06778309454109727,1g+13,NaHCO3,14.666666666666666
880,SR（13 Gy）-2,-0.0660948440103309,1g+13,NaHCO3,14.666666666666666
880,SR（13 Gy）-3,-0.07669681578368634,1g+13,NaHCO3,14.666666666666666
900,SR（13 Gy）-1,-0.05954277595885941,1g+13,NaHCO3,15
900,SR（13 Gy）-2,-0.06357217217953161,1g+13,NaHCO3,15
900,SR（13 Gy）-3,-0.07420811959550638,1g+13,NaHCO3,15
920,SR（13 Gy）-1,-0.05183409849992768,1g+13,NaHCO3,15.333333333333334
920,SR（13 Gy）-2,-0.06130173745883416,1g+13,NaHCO3,15.333333333333334
920,SR（13 Gy）-3,-0.07013571991049412,1g+13,NaHCO3,15.333333333333334
940,SR（13 Gy）-1,-0.04173307559578845,1g+13,NaHCO3,15.666666666666666
940,SR（13 Gy）-2,-0.057769966822735594,1g+13,NaHCO3,15.666666666666666
940,SR（13 Gy）-3,-0.06968329099088572,1g+13,NaHCO3,15.666666666666666
960,SR（13 Gy）-1,-0.030302989493059127,1g+13,NaHCO3,16
960,SR（13 Gy）-2,-0.05600408150468771,1g+13,NaHCO3,16
960,SR（13 Gy）-3,-0.06764709114837952,1g+13,NaHCO3,16
980,SR（13 Gy）-1,-0.025784158773977727,1g+13,NaHCO3,16.333333333333332
980,SR（13 Gy）-2,-0.05524721980949015,1g+13,NaHCO3,16.333333333333332
980,SR（13 Gy）-3,-0.059276009892482946,1g+13,NaHCO3,16.333333333333332
1000,SR（13 Gy）-1,-0.01967032546561111,1g+13,NaHCO3,16.666666666666668
1000,SR（13 Gy）-2,-0.06054495094608275,1g+13,NaHCO3,16.666666666666668
1000,SR（13 Gy）-3,-0.06108599527518493,1g+13,NaHCO3,16.666666666666668
1020,SR（13 Gy）-1,-0.022594312034127543,1g+13,NaHCO3,17
1020,SR（13 Gy）-2,-0.06004040154343318,1g+13,NaHCO3,17
1020,SR（13 Gy）-3,-0.06357469146336715,1g+13,NaHCO3,17
1040,SR（13 Gy）-1,-0.021531109006871208,1g+13,NaHCO3,17.333333333333332
1040,SR（13 Gy）-2,-0.06685170570552847,1g+13,NaHCO3,17.333333333333332
1040,SR（13 Gy）-3,-0.061764706080665165,1g+13,NaHCO3,17.333333333333332
1060,SR（13 Gy）-1,-0.014619853623220781,1g+13,NaHCO3,17.666666666666668
1060,SR（13 Gy）-2,-0.0643289586922805,1g+13,NaHCO3,17.666666666666668
1060,SR（13 Gy）-3,-0.0619909205404695,1g+13,NaHCO3,17.666666666666668
1080,SR（13 Gy）-1,-0.007442817287597832,1g+13,NaHCO3,18
1080,SR（13 Gy）-2,-0.06180628686148373,1g+13,NaHCO3,18
1080,SR（13 Gy）-3,-0.06809952006798795,1g+13,NaHCO3,18
1100,SR（13 Gy）-1,-0.005582112965699112,1g+13,NaHCO3,18.333333333333332
1100,SR（13 Gy）-2,-0.06836527873102849,1g+13,NaHCO3,18.333333333333332
1100,SR（13 Gy）-3,-0.0628959132318193,1g+13,NaHCO3,18.333333333333332
1120,SR（13 Gy）-1,-0.008771880486190573,1g+13,NaHCO3,18.666666666666668
1120,SR（13 Gy）-2,-0.06987892693897481,1g+13,NaHCO3,18.666666666666668
1120,SR（13 Gy）-3,-0.06651581657115552,1g+13,NaHCO3,18.666666666666668
1140,SR（13 Gy）-1,-0.0015948441505676248,1g+13,NaHCO3,19
1140,SR（13 Gy）-2,-0.06735617992572936,1g+13,NaHCO3,19
1140,SR（13 Gy）-3,-0.06402712038297556,1g+13,NaHCO3,19
1160,SR（13 Gy）-1,0.00956938178083045,1g+13,NaHCO3,19.333333333333332
1160,SR（13 Gy）-2,-0.06634715630287875,1g+13,NaHCO3,19.333333333333332
1160,SR（13 Gy）-3,-0.059728506238159104,1g+13,NaHCO3,19.333333333333332
1180,SR（13 Gy）-1,0.0023923454452076495,1g+13,NaHCO3,19.666666666666668
1180,SR（13 Gy）-2,-0.06786072932837893,1g+13,NaHCO3,19.666666666666668
1180,SR（13 Gy）-3,-0.06425340226884739,1g+13,NaHCO3,19.666666666666668
1200,SR（13 Gy）-1,0.00877195970554664,1g+13,NaHCO3,20
1200,SR（13 Gy）-2,-0.062058523971582916,1g+13,NaHCO3,20
1200,SR（13 Gy）-3,-0.06561089130587335,1g+13,NaHCO3,20
1220,SR（13 Gy）-1,0.006911255383647771,1g+13,NaHCO3,20.333333333333332
1220,SR（13 Gy）-2,-0.0724015987697741,1g+13,NaHCO3,20.333333333333332
1220,SR（13 Gy）-3,-0.06425340226884739,1g+13,NaHCO3,20.333333333333332
0,SR（19.5 Gy）-1,0,1g+19.5,NaHCO3,0
0,SR（19.5 Gy）-2,0,1g+19.5,NaHCO3,0
0,SR（19.5 Gy）-3,0,1g+19.5,NaHCO3,0
20,SR（19.5 Gy）-1,0.013567612989807923,1g+19.5,NaHCO3,0.3333333333333333
20,SR（19.5 Gy）-2,0.02537652027376522,1g+19.5,NaHCO3,0.3333333333333333
20,SR（19.5 Gy）-3,0.016175710229908775,1g+19.5,NaHCO3,0.3333333333333333
40,SR（19.5 Gy）-1,0.015124545665395162,1g+19.5,NaHCO3,0.6666666666666666
40,SR（19.5 Gy）-2,0.04433914179448489,1g+19.5,NaHCO3,0.6666666666666666
40,SR（19.5 Gy）-3,0.01931430771911793,1g+19.5,NaHCO3,0.6666666666666666
60,SR（19.5 Gy）-1,0.04270461902179627,1g+19.5,NaHCO3,1
60,SR（19.5 Gy）-2,0.056330213729862445,1g+19.5,NaHCO3,1
60,SR（19.5 Gy）-3,0.05721873105426435,1g+19.5,NaHCO3,1
80,SR（19.5 Gy）-1,0.048932349724145105,1g+19.5,NaHCO3,1.3333333333333333
80,SR（19.5 Gy）-2,0.0515895167959706,1g+19.5,NaHCO3,1.3333333333333333
80,SR（19.5 Gy）-3,0.0478029385866393,1g+19.5,NaHCO3,1.3333333333333333
100,SR（19.5 Gy）-1,0.04737541704855786,1g+19.5,NaHCO3,1.6666666666666667
100,SR（19.5 Gy）-2,0.04573343509006643,1g+19.5,NaHCO3,1.6666666666666667
100,SR（19.5 Gy）-3,0.0424915489335835,1g+19.5,NaHCO3,1.6666666666666667
120,SR（19.5 Gy）-1,0.04448394224262187,1g+19.5,NaHCO3,2
120,SR（19.5 Gy）-2,0.04015617880030893,1g+19.5,NaHCO3,2
120,SR（19.5 Gy）-3,0.03983581813129578,1g+19.5,NaHCO3,2
140,SR（19.5 Gy）-1,0.03669927886468593,1g+19.5,NaHCO3,2.3333333333333335
140,SR（19.5 Gy）-2,0.030117134100231736,1g+19.5,NaHCO3,2.3333333333333335
140,SR（19.5 Gy）-3,0.04128441819205044,1g+19.5,NaHCO3,2.3333333333333335
160,SR（19.5 Gy）-1,0.030249091330792545,1g+19.5,NaHCO3,2.6666666666666665
160,SR（19.5 Gy）-2,0.019241530044291678,1g+19.5,NaHCO3,2.6666666666666665
160,SR（19.5 Gy）-3,0.03259296173056616,1g+19.5,NaHCO3,2.6666666666666665
180,SR（19.5 Gy）-1,0.01935049631537606,1g+19.5,NaHCO3,3
180,SR（19.5 Gy）-2,0.009481310760358368,1g+19.5,NaHCO3,3
180,SR（19.5 Gy）-3,0.02559150269753396,1g+19.5,NaHCO3,3
200,SR（19.5 Gy）-1,0.009564052885067736,1g+19.5,NaHCO3,3.3333333333333335
200,SR（19.5 Gy）-2,-0.004740613826466363,1g+19.5,NaHCO3,3.3333333333333335
200,SR（19.5 Gy）-3,0.012071451318388443,1g+19.5,NaHCO3,3.3333333333333335
220,SR（19.5 Gy）-1,0.0037811032731978585,1g+19.5,NaHCO3,3.6666666666666665
220,SR（19.5 Gy）-2,-0.013106539814815354,1g+19.5,NaHCO3,3.6666666666666665
220,SR（19.5 Gy）-3,0.004104258911520468,1g+19.5,NaHCO3,3.6666666666666665
240,SR（19.5 Gy）-1,-0.004226016936282639,1g+19.5,NaHCO3,4
240,SR（19.5 Gy）-2,-0.020078089400154386,1g+19.5,NaHCO3,4
240,SR（19.5 Gy）-3,0.0036213922246013095,1g+19.5,NaHCO3,4
260,SR（19.5 Gy）-1,-0.012900375067786641,1g+19.5,NaHCO3,4.333333333333333
260,SR（19.5 Gy）-2,-0.022587850575173724,1g+19.5,NaHCO3,4.333333333333333
260,SR（19.5 Gy）-3,0.0033799948569040255,1g+19.5,NaHCO3,4.333333333333333
280,SR（19.5 Gy）-1,-0.023354122706420333,1g+19.5,NaHCO3,4.666666666666667
280,SR（19.5 Gy）-2,-0.0404350042164556,1g+19.5,NaHCO3,4.666666666666667
280,SR（19.5 Gy）-3,-0.004587197549963949,1g+19.5,NaHCO3,4.666666666666667
300,SR（19.5 Gy）-1,-0.037366583073011175,1g+19.5,NaHCO3,5
300,SR（19.5 Gy）-2,-0.04350249933119376,1g+19.5,NaHCO3,5
300,SR（19.5 Gy）-3,-0.006277194978415894,1g+19.5,NaHCO3,5
320,SR（19.5 Gy）-1,-0.044706399074166424,1g+19.5,NaHCO3,5.333333333333333
320,SR（19.5 Gy）-2,-0.04880084709737616,1g+19.5,NaHCO3,5.333333333333333
320,SR（19.5 Gy）-3,-0.01231292063761246,1g+19.5,NaHCO3,5.333333333333333
340,SR（19.5 Gy）-1,-0.052713519283646926,1g+19.5,NaHCO3,5.666666666666667
340,SR（19.5 Gy）-2,-0.06218629543576382,1g+19.5,NaHCO3,5.666666666666667
340,SR（19.5 Gy）-3,-0.0214872437860159,1g+19.5,NaHCO3,5.666666666666667
360,SR（19.5 Gy）-1,-0.06427935222108482,1g+19.5,NaHCO3,6
360,SR（19.5 Gy）-2,-0.07110987225640615,1g+19.5,NaHCO3,6
360,SR（19.5 Gy）-3,-0.02945436424135942,1g+19.5,NaHCO3,6
380,SR（19.5 Gy）-1,-0.07562279461328435,1g+19.5,NaHCO3,6.333333333333333
380,SR（19.5 Gy）-2,-0.07891798119761068,1g+19.5,NaHCO3,6.333333333333333
380,SR（19.5 Gy）-3,-0.042491548933585914,1g+19.5,NaHCO3,6.333333333333333
400,SR（19.5 Gy）-1,-0.08007120209480745,1g+19.5,NaHCO3,6.666666666666667
400,SR（19.5 Gy）-2,-0.08616843930652186,1g+19.5,NaHCO3,6.666666666666667
400,SR（19.5 Gy）-3,-0.05987446185655448,1g+19.5,NaHCO3,6.666666666666667
420,SR（19.5 Gy）-1,-0.08518684749835195,1g+19.5,NaHCO3,7
420,SR（19.5 Gy）-2,-0.08812046654182239,1g+19.5,NaHCO3,7
420,SR（19.5 Gy）-3,-0.06856591831803877,1g+19.5,NaHCO3,7
440,SR（19.5 Gy）-1,-0.09497335721496201,1g+19.5,NaHCO3,7.333333333333333
440,SR（19.5 Gy）-2,-0.08812046654182239,1g+19.5,NaHCO3,7.333333333333333
440,SR（19.5 Gy）-3,-0.08256883638410344,1g+19.5,NaHCO3,7.333333333333333
460,SR（19.5 Gy）-1,-0.10698403752918283,1g+19.5,NaHCO3,7.666666666666667
460,SR（19.5 Gy）-2,-0.09788060271832742,1g+19.5,NaHCO3,7.666666666666667
460,SR（19.5 Gy）-3,-0.0898116927848305,1g+19.5,NaHCO3,7.666666666666667
480,SR（19.5 Gy）-1,-0.11543593882914463,1g+19.5,NaHCO3,8
480,SR（19.5 Gy）-2,-0.09732286877860859,1g+19.5,NaHCO3,8
480,SR（19.5 Gy）-3,-0.09753741587247916,1g+19.5,NaHCO3,8
500,SR（19.5 Gy）-1,-0.11321176823153388,1g+19.5,NaHCO3,8.333333333333334
500,SR（19.5 Gy）-2,-0.10094809783306558,1g+19.5,NaHCO3,8.333333333333334
500,SR（19.5 Gy）-3,-0.10091748268090764,1g+19.5,NaHCO3,8.333333333333334
520,SR（19.5 Gy）-1,-0.11854987046662294,1g+19.5,NaHCO3,8.666666666666666
520,SR（19.5 Gy）-2,-0.09620748400659922,1g+19.5,NaHCO3,8.666666666666666
520,SR（19.5 Gy）-3,-0.10936746982317018,1g+19.5,NaHCO3,8.666666666666666
540,SR（19.5 Gy）-1,-0.12544483909099527,1g+19.5,NaHCO3,9
540,SR（19.5 Gy）-2,-0.10234239112864726,1g+19.5,NaHCO3,9
540,SR（19.5 Gy）-3,-0.1166103262238998,1g+19.5,NaHCO3,9
560,SR（19.5 Gy）-1,-0.13233987400167146,1g+19.5,NaHCO3,9.333333333333334
560,SR（19.5 Gy）-2,-0.0987172451816184,1g+19.5,NaHCO3,9.333333333333334
560,SR（19.5 Gy）-3,-0.11830032365235188,1g+19.5,NaHCO3,9.333333333333334
580,SR（19.5 Gy）-1,-0.13745551940521608,1g+19.5,NaHCO3,9.666666666666666
580,SR（19.5 Gy）-2,-0.0872838240785314,1g+19.5,NaHCO3,9.666666666666666
580,SR（19.5 Gy）-3,-0.12361178525693214,1g+19.5,NaHCO3,9.666666666666666
600,SR（19.5 Gy）-1,-0.13545373935284594,1g+19.5,NaHCO3,10
600,SR（19.5 Gy）-2,-0.08310094419178371,1g+19.5,NaHCO3,10
600,SR（19.5 Gy）-3,-0.12844038017459336,1g+19.5,NaHCO3,10
620,SR（19.5 Gy）-1,-0.14101423213317335,1g+19.5,NaHCO3,10.333333333333334
620,SR（19.5 Gy）-2,-0.08031227449319221,1g+19.5,NaHCO3,10.333333333333334
620,SR（19.5 Gy）-3,-0.12988898023534803,1g+19.5,NaHCO3,10.333333333333334
640,SR（19.5 Gy）-1,-0.1390124520808032,1g+19.5,NaHCO3,10.666666666666666
640,SR（19.5 Gy）-2,-0.07250416555198769,1g+19.5,NaHCO3,10.666666666666666
640,SR（19.5 Gy）-3,-0.12723324943305792,1g+19.5,NaHCO3,10.666666666666666
660,SR（19.5 Gy）-1,-0.13678828148319247,1g+19.5,NaHCO3,11
660,SR（19.5 Gy）-2,-0.06860011108138682,1g+19.5,NaHCO3,11
660,SR（19.5 Gy）-3,-0.13013037760304533,1g+19.5,NaHCO3,11
680,SR（19.5 Gy）-1,-0.13767797623675843,1g+19.5,NaHCO3,11.333333333333334
680,SR（19.5 Gy）-2,-0.06692690926223019,1g+19.5,NaHCO3,11.333333333333334
680,SR（19.5 Gy）-3,-0.1310961109768811,1g+19.5,NaHCO3,11.333333333333334
700,SR（19.5 Gy）-1,-0.14346085956232643,1g+19.5,NaHCO3,11.666666666666666
700,SR（19.5 Gy）-2,-0.052704901567979974,1g+19.5,NaHCO3,11.666666666666666
700,SR（19.5 Gy）-3,-0.13013037760304533,1g+19.5,NaHCO3,11.666666666666666
720,SR（19.5 Gy）-1,-0.13923490891234552,1g+19.5,NaHCO3,12
720,SR（19.5 Gy）-2,-0.04433905868705647,1g+19.5,NaHCO3,12
720,SR（19.5 Gy）-3,-0.12988898023534803,1g+19.5,NaHCO3,12
740,SR（19.5 Gy）-1,-0.13545373935284594,1g+19.5,NaHCO3,12.333333333333334
740,SR（19.5 Gy）-2,-0.032905720691397584,1g+19.5,NaHCO3,12.333333333333334
740,SR（19.5 Gy）-3,-0.13085464165765923,1g+19.5,NaHCO3,12.333333333333334
760,SR（19.5 Gy）-1,-0.13233987400167146,1g+19.5,NaHCO3,12.666666666666666
760,SR（19.5 Gy）-2,-0.014500833110396887,1g+19.5,NaHCO3,12.666666666666666
760,SR（19.5 Gy）-3,-0.12337038788923485,1g+19.5,NaHCO3,12.666666666666666
780,SR（19.5 Gy）-1,-0.12922600865049488,1g+19.5,NaHCO3,13
780,SR（19.5 Gy）-2,-0.013943099170678062,1g+19.5,NaHCO3,13
780,SR（19.5 Gy）-3,-0.11950752634541167,1g+19.5,NaHCO3,13
800,SR（19.5 Gy）-1,-0.12522244854575468,1g+19.5,NaHCO3,13.333333333333334
800,SR（19.5 Gy）-2,0.001952027235300512,1g+19.5,NaHCO3,13.333333333333334
800,SR（19.5 Gy）-3,-0.10405600821859233,1g+19.5,NaHCO3,13.333333333333334
820,SR（19.5 Gy）-1,-0.11476870090712099,1g+19.5,NaHCO3,13.666666666666666
820,SR（19.5 Gy）-2,0.01143333799565888,1g+19.5,NaHCO3,13.666666666666666
820,SR（19.5 Gy）-3,-0.10115888004860492,1g+19.5,NaHCO3,13.666666666666666
840,SR（19.5 Gy）-1,-0.11009790288035953,1g+19.5,NaHCO3,14
840,SR（19.5 Gy）-2,0.020914731863445522,1g+19.5,NaHCO3,14
840,SR（19.5 Gy）-3,-0.08860456204329759,1g+19.5,NaHCO3,14
860,SR（19.5 Gy）-1,-0.09808722256613872,1g+19.5,NaHCO3,14.333333333333334
860,SR（19.5 Gy）-2,0.020078089400154542,1g+19.5,NaHCO3,14.333333333333334
860,SR（19.5 Gy）-3,-0.0784645055210561,1g+19.5,NaHCO3,14.333333333333334
880,SR（19.5 Gy）-1,-0.08652138962869861,1g+19.5,NaHCO3,14.666666666666666
880,SR（19.5 Gy）-2,0.0231455845148927,1g+19.5,NaHCO3,14.666666666666666
880,SR（19.5 Gy）-3,-0.0639787927195994,1g+19.5,NaHCO3,14.666666666666666
900,SR（19.5 Gy）-1,-0.08785586547274574,1g+19.5,NaHCO3,15
900,SR（19.5 Gy）-2,0.030117134100231736,1g+19.5,NaHCO3,15
900,SR（19.5 Gy）-3,-0.0639787927195994,1g+19.5,NaHCO3,15
920,SR（19.5 Gy）-1,-0.07962635471802453,1g+19.5,NaHCO3,15.333333333333334
920,SR（19.5 Gy）-2,0.024261052394330355,1g+19.5,NaHCO3,15.333333333333334
920,SR（19.5 Gy）-3,-0.05528733625811499,1g+19.5,NaHCO3,15.333333333333334
940,SR（19.5 Gy）-1,-0.07050714920973761,1g+19.5,NaHCO3,15.666666666666666
940,SR（19.5 Gy）-2,0.019520355460435717,1g+19.5,NaHCO3,15.666666666666666
940,SR（19.5 Gy）-3,-0.05408020551658206,1g+19.5,NaHCO3,15.666666666666666
960,SR（19.5 Gy）-1,-0.06427935222108482,1g+19.5,NaHCO3,16
960,SR（19.5 Gy）-2,0.028722840804650204,1g+19.5,NaHCO3,16
960,SR（19.5 Gy）-3,-0.05045874134045389,1g+19.5,NaHCO3,16
980,SR（19.5 Gy）-1,-0.053158366660429966,1g+19.5,NaHCO3,16.333333333333332
980,SR（19.5 Gy）-2,0.020914731863445522,1g+19.5,NaHCO3,16.333333333333332
980,SR（19.5 Gy）-3,-0.039594420763598495,1g+19.5,NaHCO3,16.333333333333332
1000,SR（19.5 Gy）-1,-0.052491128738406334,1g+19.5,NaHCO3,16.666666666666668
1000,SR（19.5 Gy）-2,0.02370331845461153,1g+19.5,NaHCO3,16.666666666666668
1000,SR（19.5 Gy）-3,-0.042008682246666755,1g+19.5,NaHCO3,16.666666666666668
1020,SR（19.5 Gy）-1,-0.044706399074166424,1g+19.5,NaHCO3,17
1020,SR（19.5 Gy）-2,0.022587850575173877,1g+19.5,NaHCO3,17
1020,SR（19.5 Gy）-3,-0.03452442847824239,1g+19.5,NaHCO3,17
1040,SR（19.5 Gy）-1,-0.04937726338723198,1g+19.5,NaHCO3,17.333333333333332
1040,SR（19.5 Gy）-2,0.02481878633404639,1g+19.5,NaHCO3,17.333333333333332
1040,SR（19.5 Gy）-3,-0.04538874905509778,1g+19.5,NaHCO3,17.333333333333332
1060,SR（19.5 Gy）-1,-0.051823890816385054,1g+19.5,NaHCO3,17.666666666666668
1060,SR（19.5 Gy）-2,0.02732854750906573,1g+19.5,NaHCO3,17.666666666666668
1060,SR（19.5 Gy）-3,-0.04538874905509778,1g+19.5,NaHCO3,17.666666666666668
1080,SR（19.5 Gy）-1,-0.05693953621992956,1g+19.5,NaHCO3,18
1080,SR（19.5 Gy）-2,0.02677081356934969,1g+19.5,NaHCO3,18
1080,SR（19.5 Gy）-3,-0.0366972925936135,1g+19.5,NaHCO3,18
1100,SR（19.5 Gy）-1,-0.05805162151873611,1g+19.5,NaHCO3,18.333333333333332
1100,SR（19.5 Gy）-2,0.024261052394330355,1g+19.5,NaHCO3,18.333333333333332
1100,SR（19.5 Gy）-3,-0.04611301310971168,1g+19.5,NaHCO3,18.333333333333332
1120,SR（19.5 Gy）-1,-0.05449290879077649,1g+19.5,NaHCO3,18.666666666666668
1120,SR（19.5 Gy）-2,0.020635823339873367,1g+19.5,NaHCO3,18.666666666666668
1120,SR（19.5 Gy）-3,-0.03428295915902065,1g+19.5,NaHCO3,18.666666666666668
1140,SR（19.5 Gy）-1,-0.05871885944075739,1g+19.5,NaHCO3,19
1140,SR（19.5 Gy）-2,0.011154512579514999,1g+19.5,NaHCO3,19
1140,SR（19.5 Gy）-3,-0.03983581813129578,1g+19.5,NaHCO3,19
1160,SR（19.5 Gy）-1,-0.05627229829790828,1g+19.5,NaHCO3,19.333333333333332
1160,SR（19.5 Gy）-2,0.01143333799565888,1g+19.5,NaHCO3,19.333333333333332
1160,SR（19.5 Gy）-3,-0.04369867967511883,1g+19.5,NaHCO3,19.333333333333332
1180,SR（19.5 Gy）-1,-0.06405696167584644,1g+19.5,NaHCO3,19.666666666666668
1180,SR（19.5 Gy）-2,0.009481310760358368,1g+19.5,NaHCO3,19.666666666666668
1180,SR（19.5 Gy）-3,-0.04514727973587604,1g+19.5,NaHCO3,19.666666666666668
1200,SR（19.5 Gy）-1,-0.06272241954549758,1g+19.5,NaHCO3,20
1200,SR（19.5 Gy）-2,0.003067495114738162,1g+19.5,NaHCO3,20
1200,SR（19.5 Gy）-3,-0.04587154379048994,1g+19.5,NaHCO3,20
1220,SR（19.5 Gy）-1,-0.06005340157110614,1g+19.5,NaHCO3,20.333333333333332
1220,SR（19.5 Gy）-2,-8.365593558654937e-4,1g+19.5,NaHCO3,20.333333333333332
1220,SR（19.5 Gy）-3,-0.06373732340037766,1g+19.5,NaHCO3,20.333333333333332
0,SMG-1,0,SMG+0,NaHCO3,0
0,SMG-2,0,SMG+0,NaHCO3,0
0,SMG-3,0,SMG+0,NaHCO3,0
20,SMG-1,0.0068493383704898375,SMG+0,NaHCO3,0.3333333333333333
20,SMG-2,-0.007512726650440155,SMG+0,NaHCO3,0.3333333333333333
20,SMG-3,0,SMG+0,NaHCO3,0.3333333333333333
40,SMG-1,2.0758944794854023e-4,SMG+0,NaHCO3,0.6666666666666666
40,SMG-2,-0.01218276562885087,SMG+0,NaHCO3,0.6666666666666666
40,SMG-3,0.016530654204944595,SMG+0,NaHCO3,0.6666666666666666
60,SMG-1,0.07638023632165768,SMG+0,NaHCO3,1
60,SMG-2,0.04162437359150118,SMG+0,NaHCO3,1
60,SMG-3,0.04896417441548916,SMG+0,NaHCO3,1
80,SMG-1,0.05500211084323946,SMG+0,NaHCO3,1.3333333333333333
80,SMG-2,0.035126922794376965,SMG+0,NaHCO3,1.3333333333333333
80,SMG-3,0.05189364480907493,SMG+0,NaHCO3,1.3333333333333333
100,SMG-1,0.03652968093019452,SMG+0,NaHCO3,1.6666666666666667
100,SMG-2,0.012182705116524958,SMG+0,NaHCO3,1.6666666666666667
100,SMG-3,0.03222429905143331,SMG+0,NaHCO3,1.6666666666666667
120,SMG-1,0.009339978752391013,SMG+0,NaHCO3,2
120,SMG-2,-0.0036548236374226023,SMG+0,NaHCO3,2
120,SMG-3,0.01841389408096344,SMG+0,NaHCO3,2
140,SMG-1,-0.010377740423497749,SMG+0,NaHCO3,2.3333333333333335
140,SMG-2,-0.015431491027411964,SMG+0,NaHCO3,2.3333333333333335
140,SMG-3,-0.009206915859980468,SMG+0,NaHCO3,2.3333333333333335
160,SMG-1,-0.01888748509651923,SMG+0,NaHCO3,2.6666666666666665
160,SMG-2,-0.024365470745373687,SMG+0,NaHCO3,2.6666666666666665
160,SMG-3,-0.017576884722507444,SMG+0,NaHCO3,2.6666666666666665
180,SMG-1,-0.038397676680672864,SMG+0,NaHCO3,3
180,SMG-2,-0.045685295467783375,SMG+0,NaHCO3,3
180,SMG-3,-0.037037009321035944,SMG+0,NaHCO3,3
200,SMG-1,-0.03798255964098712,SMG+0,NaHCO3,3.3333333333333335
200,SMG-2,-0.04873100200307757,SMG+0,NaHCO3,3.3333333333333335
200,SMG-3,-0.05210292832918649,SMG+0,NaHCO3,3.3333333333333335
220,SMG-1,-0.04981317877527723,SMG+0,NaHCO3,3.6666666666666665
220,SMG-2,-0.05137054978718412,SMG+0,NaHCO3,3.6666666666666665
220,SMG-3,-0.060682118350826826,SMG+0,NaHCO3,3.6666666666666665
240,SMG-1,-0.055624693618448996,SMG+0,NaHCO3,4
240,SMG-2,-0.059695472915345604,SMG+0,NaHCO3,4
240,SMG-3,-0.06884286605424265,SMG+0,NaHCO3,4
260,SMG-1,-0.06434202773941913,SMG+0,NaHCO3,4.333333333333333
260,SMG-2,-0.07492388456716476,SMG+0,NaHCO3,4.333333333333333
260,SMG-3,-0.08014230531035561,SMG+0,NaHCO3,4.333333333333333
280,SMG-1,-0.07513488520260263,SMG+0,NaHCO3,4.666666666666667
280,SMG-2,-0.08507615900170944,SMG+0,NaHCO3,4.666666666666667
280,SMG-3,-0.09416193143994081,SMG+0,NaHCO3,4.666666666666667
300,SMG-1,-0.07887087670355897,SMG+0,NaHCO3,5
300,SMG-2,-0.10131978599451659,SMG+0,NaHCO3,5
300,SMG-3,-0.10315962614080804,SMG+0,NaHCO3,5
320,SMG-1,-0.08032375541435144,SMG+0,NaHCO3,5.333333333333333
320,SMG-2,-0.10436549252981292,SMG+0,NaHCO3,5.333333333333333
320,SMG-3,-0.11424984423780778,SMG+0,NaHCO3,5.333333333333333
340,SMG-1,-0.10045659162992596,SMG+0,NaHCO3,5.666666666666667
340,SMG-2,-0.11431474810109284,SMG+0,NaHCO3,5.666666666666667
340,SMG-3,-0.12052728970420433,SMG+0,NaHCO3,5.666666666666667
360,SMG-1,-0.10460770017056803,SMG+0,NaHCO3,6
360,SMG-2,-0.12263961071692628,SMG+0,NaHCO3,6
360,SMG-3,-0.13119900312197716,SMG+0,NaHCO3,6
380,SMG-1,-0.11166456613279518,SMG+0,NaHCO3,6.333333333333333
380,SMG-2,-0.1279187667974654,SMG+0,NaHCO3,6.333333333333333
380,SMG-3,-0.13915046730527933,SMG+0,NaHCO3,6.333333333333333
400,SMG-1,-0.11436279596264491,SMG+0,NaHCO3,6.666666666666667
400,SMG-2,-0.1401015324263184,SMG+0,NaHCO3,6.666666666666667
400,SMG-3,-0.15296087227575128,SMG+0,NaHCO3,6.666666666666667
420,SMG-1,-0.11685343634454608,SMG+0,NaHCO3,7
420,SMG-2,-0.14456855254146234,SMG+0,NaHCO3,7
420,SMG-3,-0.16070305293893994,SMG+0,NaHCO3,7
440,SMG-1,-0.11685343634454608,SMG+0,NaHCO3,7.333333333333333
440,SMG-2,-0.1468020625990353,SMG+0,NaHCO3,7.333333333333333
440,SMG-3,-0.17346722739184472,SMG+0,NaHCO3,7.333333333333333
460,SMG-1,-0.12121207247692341,SMG+0,NaHCO3,7.666666666666667
460,SMG-2,-0.15411170987388065,SMG+0,NaHCO3,7.666666666666667
460,SMG-3,-0.177861495343223,SMG+0,NaHCO3,7.666666666666667
480,SMG-1,-0.12992940659789343,SMG+0,NaHCO3,8
480,SMG-2,-0.15776653351130324,SMG+0,NaHCO3,8
480,SMG-3,-0.1868591900440902,SMG+0,NaHCO3,8
500,SMG-1,-0.13760897904775488,SMG+0,NaHCO3,8.333333333333334
500,SMG-2,-0.1628426707285757,SMG+0,NaHCO3,8.333333333333334
500,SMG-3,-0.19522909654561676,SMG+0,NaHCO3,8.333333333333334
520,SMG-1,-0.1430053768512409,SMG+0,NaHCO3,8.666666666666666
520,SMG-2,-0.16873100442357128,SMG+0,NaHCO3,8.666666666666666
520,SMG-3,-0.202134330211354,SMG+0,NaHCO3,8.666666666666666
540,SMG-1,-0.14362802148266177,SMG+0,NaHCO3,9
540,SMG-2,-0.17197972982213236,SMG+0,NaHCO3,9
540,SMG-3,-0.2059008099633917,SMG+0,NaHCO3,9
560,SMG-1,-0.14092985350902545,SMG+0,NaHCO3,9.333333333333334
560,SMG-2,-0.17725888590267147,SMG+0,NaHCO3,9.333333333333334
560,SMG-3,-0.21155052959144813,SMG+0,NaHCO3,9.333333333333334
580,SMG-1,-0.13636362792869752,SMG+0,NaHCO3,9.666666666666666
580,SMG-2,-0.18010151306237288,SMG+0,NaHCO3,9.666666666666666
580,SMG-3,-0.21008579439465627,SMG+0,NaHCO3,9.666666666666666
600,SMG-1,-0.12951428955820768,SMG+0,NaHCO3,10
600,SMG-2,-0.17969541482351126,SMG+0,NaHCO3,10
600,SMG-3,-0.21845576325718324,SMG+0,NaHCO3,10
620,SMG-1,-0.12972187900615623,SMG+0,NaHCO3,10.333333333333334
620,SMG-2,-0.18314721959766717,SMG+0,NaHCO3,10.333333333333334
620,SMG-3,-0.22138523365076926,SMG+0,NaHCO3,10.333333333333334
640,SMG-1,-0.12660853213662285,SMG+0,NaHCO3,10.666666666666666
640,SMG-2,-0.1803045924379677,SMG+0,NaHCO3,10.666666666666666
640,SMG-3,-0.22012971961308844,SMG+0,NaHCO3,10.666666666666666
660,SMG-1,-0.12474053638614462,SMG+0,NaHCO3,11
660,SMG-2,-0.18477161255311164,SMG+0,NaHCO3,11
660,SMG-3,-0.21720024921950465,SMG+0,NaHCO3,11
680,SMG-1,-0.12266501304392918,SMG+0,NaHCO3,11.333333333333334
680,SMG-2,-0.18213200425667905,SMG+0,NaHCO3,11.333333333333334
680,SMG-3,-0.21385227414669386,SMG+0,NaHCO3,11.333333333333334
700,SMG-1,-0.11664590875280888,SMG+0,NaHCO3,11.666666666666666
700,SMG-2,-0.17766498414153312,SMG+0,NaHCO3,11.666666666666666
700,SMG-3,-0.21385227414669386,SMG+0,NaHCO3,11.666666666666666
720,SMG-1,-0.11415520651469636,SMG+0,NaHCO3,12
720,SMG-2,-0.18213200425667905,SMG+0,NaHCO3,12
720,SMG-3,-0.20903956387708914,SMG+0,NaHCO3,12
740,SMG-1,-0.10502281721025389,SMG+0,NaHCO3,12.333333333333334
740,SMG-2,-0.17421323987970533,SMG+0,NaHCO3,12.333333333333334
740,SMG-3,-0.20401757008737284,SMG+0,NaHCO3,12.333333333333334
760,SMG-1,-0.10211705978866893,SMG+0,NaHCO3,12.666666666666666
760,SMG-2,-0.17258884692426077,SMG+0,NaHCO3,12.666666666666666
760,SMG-3,-0.19941408097688135,SMG+0,NaHCO3,12.666666666666666
780,SMG-1,-0.09506019382643982,SMG+0,NaHCO3,13
780,SMG-2,-0.1628426707285757,SMG+0,NaHCO3,13
780,SMG-3,-0.1860221806856363,SMG+0,NaHCO3,13
800,SMG-1,-0.08738062137657848,SMG+0,NaHCO3,13.333333333333334
800,SMG-2,-0.15837565061343176,SMG+0,NaHCO3,13.333333333333334
800,SMG-3,-0.17346722739184472,SMG+0,NaHCO3,13.333333333333334
820,SMG-1,-0.08841838304768718,SMG+0,NaHCO3,13.666666666666666
820,SMG-2,-0.14944161038313983,SMG+0,NaHCO3,13.666666666666666
820,SMG-3,-0.16802679128390197,SMG+0,NaHCO3,13.666666666666666
840,SMG-1,-0.08156910653340879,SMG+0,NaHCO3,14
840,SMG-2,-0.1470050814623021,SMG+0,NaHCO3,14
840,SMG-3,-0.15944760126226162,SMG+0,NaHCO3,14
860,SMG-1,-0.07824823207213602,SMG+0,NaHCO3,14.333333333333334
860,SMG-2,-0.13441627810691756,SMG+0,NaHCO3,14.333333333333334
860,SMG-3,-0.15024062304127866,SMG+0,NaHCO3,14.333333333333334
880,SMG-1,-0.07866334911182175,SMG+0,NaHCO3,14.666666666666666
880,SMG-2,-0.12913706151404836,SMG+0,NaHCO3,14.666666666666666
880,SMG-3,-0.1322452336395442,SMG+0,NaHCO3,14.666666666666666
900,SMG-1,-0.08426733636325644,SMG+0,NaHCO3,15
900,SMG-2,-0.11675127702193058,SMG+0,NaHCO3,15
900,SMG-3,-0.12261981310033683,SMG+0,NaHCO3,15
920,SMG-1,-0.08696550433689482,SMG+0,NaHCO3,15.333333333333334
920,SMG-2,-0.11370557048663638,SMG+0,NaHCO3,15.333333333333334
920,SMG-3,-0.1178070404697317,SMG+0,NaHCO3,15.333333333333334
940,SMG-1,-0.08551262562610026,SMG+0,NaHCO3,15.666666666666666
940,SMG-2,-0.10842641440609727,SMG+0,NaHCO3,15.666666666666666
940,SMG-3,-0.10943713396820513,SMG+0,NaHCO3,15.666666666666666
960,SMG-1,-0.08655038729720907,SMG+0,NaHCO3,16
960,SMG-2,-0.10436549252981292,SMG+0,NaHCO3,16
960,SMG-3,-0.10420591901937548,SMG+0,NaHCO3,16
980,SMG-1,-0.08198422357309247,SMG+0,NaHCO3,16.333333333333332
980,SMG-2,-0.0980710605959556,SMG+0,NaHCO3,16.333333333333332
980,SMG-3,-0.09813769471209216,SMG+0,NaHCO3,16.333333333333332
1000,SMG-1,-0.07762552558450173,SMG+0,NaHCO3,16.666666666666668
1000,SMG-2,-0.1001015517902618,SMG+0,NaHCO3,16.666666666666668
1000,SMG-3,-0.0970914641945271,SMG+0,NaHCO3,16.666666666666668
1020,SMG-1,-0.07409712353149589,SMG+0,NaHCO3,17
1020,SMG-2,-0.09421321809526814,SMG+0,NaHCO3,17
1020,SMG-3,-0.09227869156392196,SMG+0,NaHCO3,17
1040,SMG-1,-0.07700288095308086,SMG+0,NaHCO3,17.333333333333332
1040,SMG-2,-0.09583755053838262,SMG+0,NaHCO3,17.333333333333332
1040,SMG-3,-0.09039545168790324,SMG+0,NaHCO3,17.333333333333332
1060,SMG-1,-0.06973848739911649,SMG+0,NaHCO3,17.666666666666668
1060,SMG-2,-0.09340102161754489,SMG+0,NaHCO3,17.666666666666668
1060,SMG-3,-0.08600124609752541,SMG+0,NaHCO3,17.666666666666668
1080,SMG-1,-0.06683266812131823,SMG+0,NaHCO3,18
1080,SMG-2,-0.09502541457298946,SMG+0,NaHCO3,18
1080,SMG-3,-0.08411800622150656,SMG+0,NaHCO3,18
1100,SMG-1,-0.07824823207213602,SMG+0,NaHCO3,18.333333333333332
1100,SMG-2,-0.0875126879225492,SMG+0,NaHCO3,18.333333333333332
1100,SMG-3,-0.0864197507767523,SMG+0,NaHCO3,18.333333333333332
1120,SMG-1,-0.0655873788584744,SMG+0,NaHCO3,18.666666666666668
1120,SMG-2,-0.08527917786497621,SMG+0,NaHCO3,18.666666666666668
1120,SMG-3,-0.08537352025918724,SMG+0,NaHCO3,18.666666666666668
1140,SMG-1,-0.08509750858641452,SMG+0,NaHCO3,19
1140,SMG-2,-0.08873098263913418,SMG+0,NaHCO3,19
1140,SMG-3,-0.07114461060948839,SMG+0,NaHCO3,19
1160,SMG-1,-0.08094646190198573,SMG+0,NaHCO3,19.333333333333332
1160,SMG-2,-0.09502541457298946,SMG+0,NaHCO3,19.333333333333332
1160,SMG-3,-0.08328099686305473,SMG+0,NaHCO3,19.333333333333332
1180,SMG-1,-0.08945620657500525,SMG+0,NaHCO3,19.666666666666668
1180,SMG-2,-0.09908633644927368,SMG+0,NaHCO3,19.666666666666668
1180,SMG-3,-0.07093532708937474,SMG+0,NaHCO3,19.666666666666668
1200,SMG-1,-0.099211302367082,SMG+0,NaHCO3,20
1200,SMG-2,-0.10456851139307971,SMG+0,NaHCO3,20
1200,SMG-3,-0.08537352025918724,SMG+0,NaHCO3,20
1220,SMG-1,-0.10190947034072038,SMG+0,NaHCO3,20.333333333333332
1220,SMG-2,-0.09604062991397949,SMG+0,NaHCO3,20.333333333333332
1220,SMG-3,-0.07658504671743128,SMG+0,NaHCO3,20.333333333333332
0,SMG+SR（6.5 Gy）-1,0,SMG+6.5,NaHCO3,0
0,SMG+SR（6.5 Gy）-2,0,SMG+6.5,NaHCO3,0
0,SMG+SR（6.5 Gy）-3,0,SMG+6.5,NaHCO3,0
20,SMG+SR（6.5 Gy）-1,0.029420076327664604,SMG+6.5,NaHCO3,0.3333333333333333
20,SMG+SR（6.5 Gy）-2,0.03893518687902186,SMG+6.5,NaHCO3,0.3333333333333333
20,SMG+SR（6.5 Gy）-3,0.01604731722778806,SMG+6.5,NaHCO3,0.3333333333333333
40,SMG+SR（6.5 Gy）-1,0.025742545710101684,SMG+6.5,NaHCO3,0.6666666666666666
40,SMG+SR（6.5 Gy）-2,0.059594695542118686,SMG+6.5,NaHCO3,0.6666666666666666
40,SMG+SR（6.5 Gy）-3,0.06186656299620125,SMG+6.5,NaHCO3,0.6666666666666666
60,SMG+SR（6.5 Gy）-1,0.08514847879170505,SMG+6.5,NaHCO3,1
60,SMG+SR（6.5 Gy）-2,0.0929677297818705,SMG+6.5,NaHCO3,1
60,SMG+SR（6.5 Gy）-3,0.07157937646569358,SMG+6.5,NaHCO3,1
80,SMG+SR（6.5 Gy）-1,0.10834505473678897,SMG+6.5,NaHCO3,1.3333333333333333
80,SMG+SR（6.5 Gy）-2,0.09098126361129502,SMG+6.5,NaHCO3,1.3333333333333333
80,SMG+SR（6.5 Gy）-3,0.06672303265814862,SMG+6.5,NaHCO3,1.3333333333333333
100,SMG+SR（6.5 Gy）-1,0.11117395686815627,SMG+6.5,NaHCO3,1.6666666666666667
100,SMG+SR（6.5 Gy）-2,0.08522042883372705,SMG+6.5,NaHCO3,1.6666666666666667
100,SMG+SR（6.5 Gy）-3,0.0502533480574604,SMG+6.5,NaHCO3,1.6666666666666667
120,SMG+SR（6.5 Gy）-1,0.10042429738181424,SMG+6.5,NaHCO3,2
120,SMG+SR（6.5 Gy）-2,0.06912989892667719,SMG+6.5,NaHCO3,2
120,SMG+SR（6.5 Gy）-3,0.03125002556417587,SMG+6.5,NaHCO3,2
140,SMG+SR（6.5 Gy）-1,0.08062231968794353,SMG+6.5,NaHCO3,2.3333333333333335
140,SMG+SR（6.5 Gy）-2,0.054628470913609145,SMG+6.5,NaHCO3,2.3333333333333335
140,SMG+SR（6.5 Gy）-3,0.0086570838188442,SMG+6.5,NaHCO3,2.3333333333333335
160,SMG+SR（6.5 Gy）-1,0.059971713507877354,SMG+6.5,NaHCO3,2.6666666666666665
160,SMG+SR（6.5 Gy）-2,0.04350416563506884,SMG+6.5,NaHCO3,2.6666666666666665
160,SMG+SR（6.5 Gy）-3,-0.0038006770840968655,SMG+6.5,NaHCO3,2.6666666666666665
180,SMG+SR（6.5 Gy）-1,0.034794863917624555,SMG+6.5,NaHCO3,3
180,SMG+SR（6.5 Gy）-2,0.028208127472944336,SMG+6.5,NaHCO3,3
180,SMG+SR（6.5 Gy）-3,-0.018792201734034543,SMG+6.5,NaHCO3,3
200,SMG+SR（6.5 Gy）-1,0.016690227502575983,SMG+6.5,NaHCO3,3.3333333333333335
200,SMG+SR（6.5 Gy）-2,0.012117597565894485,SMG+6.5,NaHCO3,3.3333333333333335
200,SMG+SR（6.5 Gy）-3,-0.02808277368502689,SMG+6.5,NaHCO3,3.3333333333333335
220,SMG+SR（6.5 Gy）-1,0,SMG+6.5,NaHCO3,3.6666666666666665
220,SMG+SR（6.5 Gy）-2,-0.005959516915866144,SMG+6.5,NaHCO3,3.6666666666666665
220,SMG+SR（6.5 Gy）-3,-0.037373282708819094,SMG+6.5,NaHCO3,3.6666666666666665
240,SMG+SR（6.5 Gy）-1,-0.020367758120141886,SMG+6.5,NaHCO3,4
240,SMG+SR（6.5 Gy）-2,-0.017481186471002223,SMG+6.5,NaHCO3,4
240,SMG+SR（6.5 Gy）-3,-0.044130090912814834,SMG+6.5,NaHCO3,4
260,SMG+SR（6.5 Gy）-1,-0.044978827284123515,SMG+6.5,NaHCO3,4.333333333333333
260,SMG+SR（6.5 Gy）-2,-0.029201478962367595,SMG+6.5,NaHCO3,4.333333333333333
260,SMG+SR（6.5 Gy）-3,-0.06123313779125114,SMG+6.5,NaHCO3,4.333333333333333
280,SMG+SR（6.5 Gy）-1,-0.06195190284662394,SMG+6.5,NaHCO3,4.666666666666667
280,SMG+SR（6.5 Gy）-2,-0.03853800020862816,SMG+6.5,NaHCO3,4.666666666666667
280,SMG+SR（6.5 Gy）-3,-0.0726351061163417,SMG+6.5,NaHCO3,4.666666666666667
300,SMG+SR（6.5 Gy）-1,-0.08345122181931382,SMG+6.5,NaHCO3,5
300,SMG+SR（6.5 Gy）-2,-0.0538339791686881,SMG+6.5,NaHCO3,5
300,SMG+SR（6.5 Gy）-3,-0.08171455730808407,SMG+6.5,NaHCO3,5
320,SMG+SR（6.5 Gy）-1,-0.09674685107067643,SMG+6.5,NaHCO3,5.333333333333333
320,SMG+SR（6.5 Gy）-2,-0.06853403011798755,SMG+6.5,NaHCO3,5.333333333333333
320,SMG+SR（6.5 Gy）-3,-0.08572635515143104,SMG+6.5,NaHCO3,5.333333333333333
340,SMG+SR（6.5 Gy）-1,-0.11513441985207173,SMG+6.5,NaHCO3,5.666666666666667
340,SMG+SR（6.5 Gy）-2,-0.08402863201427678,SMG+6.5,NaHCO3,5.666666666666667
340,SMG+SR（6.5 Gy）-3,-0.09311652563317475,SMG+6.5,NaHCO3,5.666666666666667
360,SMG+SR（6.5 Gy）-1,-0.130975934562027,SMG+6.5,NaHCO3,6
360,SMG+SR（6.5 Gy）-2,-0.09773544987828639,SMG+6.5,NaHCO3,6
360,SMG+SR（6.5 Gy）-3,-0.1017736723792191,SMG+6.5,NaHCO3,6
380,SMG+SR（6.5 Gy）-1,-0.14031118513589944,SMG+6.5,NaHCO3,6.333333333333333
380,SMG+SR（6.5 Gy）-2,-0.114223344061932,SMG+6.5,NaHCO3,6.333333333333333
380,SMG+SR（6.5 Gy）-3,-0.10261821834341708,SMG+6.5,NaHCO3,6.333333333333333
400,SMG+SR（6.5 Gy）-1,-0.1476662463710309,SMG+6.5,NaHCO3,6.666666666666667
400,SMG+SR（6.5 Gy）-2,-0.12673824670235592,SMG+6.5,NaHCO3,6.666666666666667
400,SMG+SR（6.5 Gy）-3,-0.10747468800536446,SMG+6.5,NaHCO3,6.666666666666667
420,SMG+SR（6.5 Gy）-1,-0.16492225429988105,SMG+6.5,NaHCO3,7
420,SMG+SR（6.5 Gy）-2,-0.13528015779956004,SMG+6.5,NaHCO3,7
420,SMG+SR（6.5 Gy）-3,-0.11592058813775641,SMG+6.5,NaHCO3,7
440,SMG+SR（6.5 Gy）-1,-0.17991514052363772,SMG+6.5,NaHCO3,7.333333333333333
440,SMG+SR（6.5 Gy）-2,-0.143226081683935,SMG+6.5,NaHCO3,7.333333333333333
440,SMG+SR（6.5 Gy）-3,-0.11824323112550503,SMG+6.5,NaHCO3,7.333333333333333
460,SMG+SR（6.5 Gy）-1,-0.18953323915743459,SMG+6.5,NaHCO3,7.666666666666667
460,SMG+SR（6.5 Gy）-2,-0.15335721307925201,SMG+6.5,NaHCO3,7.666666666666667
460,SMG+SR（6.5 Gy）-3,-0.12394424675165039,SMG+6.5,NaHCO3,7.666666666666667
480,SMG+SR（6.5 Gy）-1,-0.2022630879825232,SMG+6.5,NaHCO3,8
480,SMG+SR（6.5 Gy）-2,-0.1636869674108024,SMG+6.5,NaHCO3,8
480,SMG+SR（6.5 Gy）-3,-0.12225509189605215,SMG+6.5,NaHCO3,8
500,SMG+SR（6.5 Gy）-1,-0.2090523687913807,SMG+6.5,NaHCO3,8.333333333333334
500,SMG+SR（6.5 Gy）-2,-0.1728248657208317,SMG+6.5,NaHCO3,8.333333333333334
500,SMG+SR（6.5 Gy）-3,-0.12837834904069748,SMG+6.5,NaHCO3,8.333333333333334
520,SMG+SR（6.5 Gy）-1,-0.21244696704259422,SMG+6.5,NaHCO3,8.666666666666666
520,SMG+SR（6.5 Gy）-2,-0.18236000990332157,SMG+6.5,NaHCO3,8.666666666666666
520,SMG+SR（6.5 Gy）-3,-0.130067566823496,SMG+6.5,NaHCO3,8.666666666666666
540,SMG+SR（6.5 Gy）-1,-0.22065065676392134,SMG+6.5,NaHCO3,9
540,SMG+SR（6.5 Gy）-2,-0.18653162438277465,SMG+6.5,NaHCO3,9
540,SMG+SR（6.5 Gy）-3,-0.13534627800394122,SMG+6.5,NaHCO3,9
560,SMG+SR（6.5 Gy）-1,-0.22234799804274347,SMG+6.5,NaHCO3,9.333333333333334
560,SMG+SR（6.5 Gy）-2,-0.19467623040544754,SMG+6.5,NaHCO3,9.333333333333334
560,SMG+SR（6.5 Gy）-3,-0.13070099202844399,SMG+6.5,NaHCO3,9.333333333333334
580,SMG+SR（6.5 Gy）-1,-0.22461103544141153,SMG+6.5,NaHCO3,9.666666666666666
580,SMG+SR（6.5 Gy）-2,-0.20003976010848631,SMG+6.5,NaHCO3,9.666666666666666
580,SMG+SR（6.5 Gy）-3,-0.13745780023243984,SMG+6.5,NaHCO3,9.666666666666666
600,SMG+SR（6.5 Gy）-1,-0.2288543464852486,SMG+6.5,NaHCO3,10
600,SMG+SR（6.5 Gy）-2,-0.2052046668752959,SMG+6.5,NaHCO3,10
600,SMG+SR（6.5 Gy）-3,-0.14041386842513856,SMG+6.5,NaHCO3,10
620,SMG+SR（6.5 Gy）-1,-0.2330975732226604,SMG+6.5,NaHCO3,10.333333333333334
620,SMG+SR（6.5 Gy）-2,-0.2099722093655075,SMG+6.5,NaHCO3,10.333333333333334
620,SMG+SR（6.5 Gy）-3,-0.1416807188350368,SMG+6.5,NaHCO3,10.333333333333334
640,SMG+SR（6.5 Gy）-1,-0.2322489447364648,SMG+6.5,NaHCO3,10.666666666666666
640,SMG+SR（6.5 Gy）-2,-0.21414388304702725,SMG+6.5,NaHCO3,10.666666666666666
640,SMG+SR（6.5 Gy）-3,-0.14379224106353541,SMG+6.5,NaHCO3,10.666666666666666
660,SMG+SR（6.5 Gy）-1,-0.2350778468678321,SMG+6.5,NaHCO3,11
660,SMG+SR（6.5 Gy）-2,-0.21752088737742178,SMG+6.5,NaHCO3,11
660,SMG+SR（6.5 Gy）-3,-0.14315875293138505,SMG+6.5,NaHCO3,11
680,SMG+SR（6.5 Gy）-1,-0.22913719454517303,SMG+6.5,NaHCO3,11.333333333333334
680,SMG+SR（6.5 Gy）-2,-0.2137465779724979,SMG+6.5,NaHCO3,11.333333333333334
680,SMG+SR（6.5 Gy）-3,-0.13809122543738994,SMG+6.5,NaHCO3,11.333333333333334
700,SMG+SR（6.5 Gy）-1,-0.2231966265289391,SMG+6.5,NaHCO3,11.666666666666666
700,SMG+SR（6.5 Gy）-2,-0.21056819657833467,SMG+6.5,NaHCO3,11.666666666666666
700,SMG+SR（6.5 Gy）-3,-0.13450166911254097,SMG+6.5,NaHCO3,11.666666666666666
720,SMG+SR（6.5 Gy）-1,-0.2141443083214162,SMG+6.5,NaHCO3,12
720,SMG+SR（6.5 Gy）-2,-0.2056019719498251,SMG+6.5,NaHCO3,12
720,SMG+SR（6.5 Gy）-3,-0.13260133057049248,SMG+6.5,NaHCO3,12
740,SMG+SR（6.5 Gy）-1,-0.20763795987890826,SMG+6.5,NaHCO3,12.333333333333334
740,SMG+SR（6.5 Gy）-2,-0.20540328981152717,SMG+6.5,NaHCO3,12.333333333333334
740,SMG+SR（6.5 Gy）-3,-0.12964526237779586,SMG+6.5,NaHCO3,12.333333333333334
760,SMG+SR（6.5 Gy）-1,-0.1929279217150759,SMG+6.5,NaHCO3,12.666666666666666
760,SMG+SR（6.5 Gy）-2,-0.1976559888633815,SMG+6.5,NaHCO3,12.666666666666666
760,SMG+SR（6.5 Gy）-3,-0.12056587411325365,SMG+6.5,NaHCO3,12.666666666666666
780,SMG+SR（6.5 Gy）-1,-0.18557286047994723,SMG+6.5,NaHCO3,13
780,SMG+SR（6.5 Gy）-2,-0.19090192100052567,SMG+6.5,NaHCO3,13
780,SMG+SR（6.5 Gy）-3,-0.11465373772785818,SMG+6.5,NaHCO3,13
800,SMG+SR（6.5 Gy）-1,-0.17199438316866017,SMG+6.5,NaHCO3,13.333333333333334
800,SMG+SR（6.5 Gy）-2,-0.17580456497669703,SMG+6.5,NaHCO3,13.333333333333334
800,SMG+SR（6.5 Gy）-3,-0.10008445459641849,SMG+6.5,NaHCO3,13.333333333333334
820,SMG+SR（6.5 Gy）-1,-0.16322491302106173,SMG+6.5,NaHCO3,13.666666666666666
820,SMG+SR（6.5 Gy）-2,-0.1712356454227167,SMG+6.5,NaHCO3,13.666666666666666
820,SMG+SR（6.5 Gy）-3,-0.09522804786167338,SMG+6.5,NaHCO3,13.666666666666666
840,SMG+SR（6.5 Gy）-1,-0.15275818590106643,SMG+6.5,NaHCO3,14
840,SMG+SR（6.5 Gy）-2,-0.1609058910911664,SMG+6.5,NaHCO3,14
840,SMG+SR（6.5 Gy）-3,-0.08635978035638114,SMG+6.5,NaHCO3,14
860,SMG+SR（6.5 Gy）-1,-0.1357850260321379,SMG+6.5,NaHCO3,14.333333333333334
860,SMG+SR（6.5 Gy）-2,-0.14958290367433014,SMG+6.5,NaHCO3,14.333333333333334
860,SMG+SR（6.5 Gy）-3,-0.08783781445272952,SMG+6.5,NaHCO3,14.333333333333334
880,SMG+SR（6.5 Gy）-1,-0.12135783592823013,SMG+6.5,NaHCO3,14.666666666666666
880,SMG+SR（6.5 Gy）-2,-0.13289632735238657,SMG+6.5,NaHCO3,14.666666666666666
880,SMG+SR（6.5 Gy）-3,-0.09016045744047814,SMG+6.5,NaHCO3,14.666666666666666
900,SMG+SR（6.5 Gy）-1,-0.1086279871031415,SMG+6.5,NaHCO3,15
900,SMG+SR（6.5 Gy）-2,-0.13190309426709676,SMG+6.5,NaHCO3,15
900,SMG+SR（6.5 Gy）-3,-0.08783781445272952,SMG+6.5,NaHCO3,15
920,SMG+SR（6.5 Gy）-1,-0.1001414493218898,SMG+6.5,NaHCO3,15.333333333333334
920,SMG+SR（6.5 Gy）-2,-0.12038148391402932,SMG+6.5,NaHCO3,15.333333333333334
920,SMG+SR（6.5 Gy）-3,-0.0872043892477794,SMG+6.5,NaHCO3,15.333333333333334
940,SMG+SR（6.5 Gy）-1,-0.09420088130565868,SMG+6.5,NaHCO3,15.666666666666666
940,SMG+SR（6.5 Gy）-2,-0.10925711943342246,SMG+6.5,NaHCO3,15.666666666666666
940,SMG+SR（6.5 Gy）-3,-0.08847130258487977,SMG+6.5,NaHCO3,15.666666666666666
960,SMG+SR（6.5 Gy）-1,-0.10721357819066892,SMG+6.5,NaHCO3,16
960,SMG+SR（6.5 Gy）-2,-0.0957489837077108,SMG+6.5,NaHCO3,16
960,SMG+SR（6.5 Gy）-3,-0.08445944181433265,SMG+6.5,NaHCO3,16
980,SMG+SR（6.5 Gy）-1,-0.11739745725073979,SMG+6.5,NaHCO3,16.333333333333332
980,SMG+SR（6.5 Gy）-2,-0.08959084385561349,SMG+6.5,NaHCO3,16.333333333333332
980,SMG+SR（6.5 Gy）-3,-0.08509292994648304,SMG+6.5,NaHCO3,16.333333333333332
1000,SMG+SR（6.5 Gy）-1,-0.13125886692837654,SMG+6.5,NaHCO3,16.666666666666668
1000,SMG+SR（6.5 Gy）-2,-0.08740569554673797,SMG+6.5,NaHCO3,16.666666666666668
1000,SMG+SR（6.5 Gy）-3,-0.08657096404283128,SMG+6.5,NaHCO3,16.666666666666668
1020,SMG+SR（6.5 Gy）-1,-0.1499292837696991,SMG+6.5,NaHCO3,17
1020,SMG+SR（6.5 Gy）-2,-0.08283677599275766,SMG+6.5,NaHCO3,17
1020,SMG+SR（6.5 Gy）-3,-0.0872043892477794,SMG+6.5,NaHCO3,17
1040,SMG+SR（6.5 Gy）-1,-0.16548803472615503,SMG+6.5,NaHCO3,17.333333333333332
1040,SMG+SR（6.5 Gy）-2,-0.08204216584369921,SMG+6.5,NaHCO3,17.333333333333332
1040,SMG+SR（6.5 Gy）-3,-0.09480574341597325,SMG+6.5,NaHCO3,17.333333333333332
1060,SMG+SR（6.5 Gy）-1,-0.16973126146356685,SMG+6.5,NaHCO3,17.666666666666668
1060,SMG+SR（6.5 Gy）-2,-0.07588402599160189,SMG+6.5,NaHCO3,17.666666666666668
1060,SMG+SR（6.5 Gy）-3,-0.08868242334412765,SMG+6.5,NaHCO3,17.666666666666668
1080,SMG+SR（6.5 Gy）-1,-0.19349361783492494,SMG+6.5,NaHCO3,18
1080,SMG+SR（6.5 Gy）-2,-0.0756854030553726,SMG+6.5,NaHCO3,18
1080,SMG+SR（6.5 Gy）-3,-0.09543916862092336,SMG+6.5,NaHCO3,18
1100,SMG+SR（6.5 Gy）-1,-0.2008486790700536,SMG+6.5,NaHCO3,18.333333333333332
1100,SMG+SR（6.5 Gy）-2,-0.07727456415142095,SMG+6.5,NaHCO3,18.333333333333332
1100,SMG+SR（6.5 Gy）-3,-0.10156248869276896,SMG+6.5,NaHCO3,18.333333333333332
1120,SMG+SR（6.5 Gy）-1,-0.22206506567639392,SMG+6.5,NaHCO3,18.666666666666668
1120,SMG+SR（6.5 Gy）-2,-0.07826785643877535,SMG+6.5,NaHCO3,18.666666666666668
1120,SMG+SR（6.5 Gy）-3,-0.10219597682491922,SMG+6.5,NaHCO3,18.666666666666668
1140,SMG+SR（6.5 Gy）-1,-0.23592647535402772,SMG+6.5,NaHCO3,19
1140,SMG+SR（6.5 Gy）-2,-0.07747324628971888,SMG+6.5,NaHCO3,19
1140,SMG+SR（6.5 Gy）-3,-0.10261821834341708,SMG+6.5,NaHCO3,19
1160,SMG+SR（6.5 Gy）-1,-0.2560113011078199,SMG+6.5,NaHCO3,19.333333333333332
1160,SMG+SR（6.5 Gy）-2,-0.08581647524862307,SMG+6.5,NaHCO3,19.333333333333332
1160,SMG+SR（6.5 Gy）-3,-0.10388513168051758,SMG+6.5,NaHCO3,19.333333333333332
1180,SMG+SR（6.5 Gy）-1,-0.26987271078545666,SMG+6.5,NaHCO3,19.666666666666668
1180,SMG+SR（6.5 Gy）-2,-0.08323408106728698,SMG+6.5,NaHCO3,19.666666666666668
1180,SMG+SR（6.5 Gy）-3,-0.10874153841526268,SMG+6.5,NaHCO3,19.666666666666668
1200,SMG+SR（6.5 Gy）-1,-0.273833089462944,SMG+6.5,NaHCO3,20
1200,SMG+SR（6.5 Gy）-2,-0.09137868708995978,SMG+6.5,NaHCO3,20
1200,SMG+SR（6.5 Gy）-3,-0.11127536508946144,SMG+6.5,NaHCO3,20
1220,SMG+SR（6.5 Gy）-1,-0.2831683400368193,SMG+6.5,NaHCO3,20.333333333333332
1220,SMG+SR（6.5 Gy）-2,-0.08661108539768152,SMG+6.5,NaHCO3,20.333333333333332
1220,SMG+SR（6.5 Gy）-3,-0.10853041765601269,SMG+6.5,NaHCO3,20.333333333333332
0,SMG+SR（13 Gy）-1,0,SMG+13,NaHCO3,0
0,SMG+SR（13 Gy）-2,0,SMG+13,NaHCO3,0
0,SMG+SR（13 Gy）-3,0,SMG+13,NaHCO3,0
20,SMG+SR（13 Gy）-1,0.013567612989807923,SMG+13,NaHCO3,0.3333333333333333
20,SMG+SR（13 Gy）-2,0.02537652027376522,SMG+13,NaHCO3,0.3333333333333333
20,SMG+SR（13 Gy）-3,0.016175710229908775,SMG+13,NaHCO3,0.3333333333333333
40,SMG+SR（13 Gy）-1,0.015124545665395162,SMG+13,NaHCO3,0.6666666666666666
40,SMG+SR（13 Gy）-2,0.04433914179448489,SMG+13,NaHCO3,0.6666666666666666
40,SMG+SR（13 Gy）-3,0.01931430771911793,SMG+13,NaHCO3,0.6666666666666666
60,SMG+SR（13 Gy）-1,0.04270461902179627,SMG+13,NaHCO3,1
60,SMG+SR（13 Gy）-2,0.056330213729862445,SMG+13,NaHCO3,1
60,SMG+SR（13 Gy）-3,0.05721873105426435,SMG+13,NaHCO3,1
80,SMG+SR（13 Gy）-1,0.048932349724145105,SMG+13,NaHCO3,1.3333333333333333
80,SMG+SR（13 Gy）-2,0.0515895167959706,SMG+13,NaHCO3,1.3333333333333333
80,SMG+SR（13 Gy）-3,0.0478029385866393,SMG+13,NaHCO3,1.3333333333333333
100,SMG+SR（13 Gy）-1,0.04737541704855786,SMG+13,NaHCO3,1.6666666666666667
100,SMG+SR（13 Gy）-2,0.04573343509006643,SMG+13,NaHCO3,1.6666666666666667
100,SMG+SR（13 Gy）-3,0.0424915489335835,SMG+13,NaHCO3,1.6666666666666667
120,SMG+SR（13 Gy）-1,0.04448394224262187,SMG+13,NaHCO3,2
120,SMG+SR（13 Gy）-2,0.04015617880030893,SMG+13,NaHCO3,2
120,SMG+SR（13 Gy）-3,0.03983581813129578,SMG+13,NaHCO3,2
140,SMG+SR（13 Gy）-1,0.03669927886468593,SMG+13,NaHCO3,2.3333333333333335
140,SMG+SR（13 Gy）-2,0.030117134100231736,SMG+13,NaHCO3,2.3333333333333335
140,SMG+SR（13 Gy）-3,0.04128441819205044,SMG+13,NaHCO3,2.3333333333333335
160,SMG+SR（13 Gy）-1,0.030249091330792545,SMG+13,NaHCO3,2.6666666666666665
160,SMG+SR（13 Gy）-2,0.019241530044291678,SMG+13,NaHCO3,2.6666666666666665
160,SMG+SR（13 Gy）-3,0.03259296173056616,SMG+13,NaHCO3,2.6666666666666665
180,SMG+SR（13 Gy）-1,0.01935049631537606,SMG+13,NaHCO3,3
180,SMG+SR（13 Gy）-2,0.009481310760358368,SMG+13,NaHCO3,3
180,SMG+SR（13 Gy）-3,0.02559150269753396,SMG+13,NaHCO3,3
200,SMG+SR（13 Gy）-1,0.009564052885067736,SMG+13,NaHCO3,3.3333333333333335
200,SMG+SR（13 Gy）-2,-0.004740613826466363,SMG+13,NaHCO3,3.3333333333333335
200,SMG+SR（13 Gy）-3,0.012071451318388443,SMG+13,NaHCO3,3.3333333333333335
220,SMG+SR（13 Gy）-1,0.0037811032731978585,SMG+13,NaHCO3,3.6666666666666665
220,SMG+SR（13 Gy）-2,-0.013106539814815354,SMG+13,NaHCO3,3.6666666666666665
220,SMG+SR（13 Gy）-3,0.004104258911520468,SMG+13,NaHCO3,3.6666666666666665
240,SMG+SR（13 Gy）-1,-0.004226016936282639,SMG+13,NaHCO3,4
240,SMG+SR（13 Gy）-2,-0.020078089400154386,SMG+13,NaHCO3,4
240,SMG+SR（13 Gy）-3,0.0036213922246013095,SMG+13,NaHCO3,4
260,SMG+SR（13 Gy）-1,-0.012900375067786641,SMG+13,NaHCO3,4.333333333333333
260,SMG+SR（13 Gy）-2,-0.022587850575173724,SMG+13,NaHCO3,4.333333333333333
260,SMG+SR（13 Gy）-3,0.0033799948569040255,SMG+13,NaHCO3,4.333333333333333
280,SMG+SR（13 Gy）-1,-0.023354122706420333,SMG+13,NaHCO3,4.666666666666667
280,SMG+SR（13 Gy）-2,-0.0404350042164556,SMG+13,NaHCO3,4.666666666666667
280,SMG+SR（13 Gy）-3,-0.004587197549963949,SMG+13,NaHCO3,4.666666666666667
300,SMG+SR（13 Gy）-1,-0.037366583073011175,SMG+13,NaHCO3,5
300,SMG+SR（13 Gy）-2,-0.04350249933119376,SMG+13,NaHCO3,5
300,SMG+SR（13 Gy）-3,-0.006277194978415894,SMG+13,NaHCO3,5
320,SMG+SR（13 Gy）-1,-0.044706399074166424,SMG+13,NaHCO3,5.333333333333333
320,SMG+SR（13 Gy）-2,-0.04880084709737616,SMG+13,NaHCO3,5.333333333333333
320,SMG+SR（13 Gy）-3,-0.01231292063761246,SMG+13,NaHCO3,5.333333333333333
340,SMG+SR（13 Gy）-1,-0.052713519283646926,SMG+13,NaHCO3,5.666666666666667
340,SMG+SR（13 Gy）-2,-0.06218629543576382,SMG+13,NaHCO3,5.666666666666667
340,SMG+SR（13 Gy）-3,-0.0214872437860159,SMG+13,NaHCO3,5.666666666666667
360,SMG+SR（13 Gy）-1,-0.06427935222108482,SMG+13,NaHCO3,6
360,SMG+SR（13 Gy）-2,-0.07110987225640615,SMG+13,NaHCO3,6
360,SMG+SR（13 Gy）-3,-0.02945436424135942,SMG+13,NaHCO3,6
380,SMG+SR（13 Gy）-1,-0.07562279461328435,SMG+13,NaHCO3,6.333333333333333
380,SMG+SR（13 Gy）-2,-0.07891798119761068,SMG+13,NaHCO3,6.333333333333333
380,SMG+SR（13 Gy）-3,-0.042491548933585914,SMG+13,NaHCO3,6.333333333333333
400,SMG+SR（13 Gy）-1,-0.08007120209480745,SMG+13,NaHCO3,6.666666666666667
400,SMG+SR（13 Gy）-2,-0.08616843930652186,SMG+13,NaHCO3,6.666666666666667
400,SMG+SR（13 Gy）-3,-0.05987446185655448,SMG+13,NaHCO3,6.666666666666667
420,SMG+SR（13 Gy）-1,-0.08518684749835195,SMG+13,NaHCO3,7
420,SMG+SR（13 Gy）-2,-0.08812046654182239,SMG+13,NaHCO3,7
420,SMG+SR（13 Gy）-3,-0.06856591831803877,SMG+13,NaHCO3,7
440,SMG+SR（13 Gy）-1,-0.09497335721496201,SMG+13,NaHCO3,7.333333333333333
440,SMG+SR（13 Gy）-2,-0.08812046654182239,SMG+13,NaHCO3,7.333333333333333
440,SMG+SR（13 Gy）-3,-0.08256883638410344,SMG+13,NaHCO3,7.333333333333333
460,SMG+SR（13 Gy）-1,-0.10698403752918283,SMG+13,NaHCO3,7.666666666666667
460,SMG+SR（13 Gy）-2,-0.09788060271832742,SMG+13,NaHCO3,7.666666666666667
460,SMG+SR（13 Gy）-3,-0.0898116927848305,SMG+13,NaHCO3,7.666666666666667
480,SMG+SR（13 Gy）-1,-0.11543593882914463,SMG+13,NaHCO3,8
480,SMG+SR（13 Gy）-2,-0.09732286877860859,SMG+13,NaHCO3,8
480,SMG+SR（13 Gy）-3,-0.09753741587247916,SMG+13,NaHCO3,8
500,SMG+SR（13 Gy）-1,-0.11321176823153388,SMG+13,NaHCO3,8.333333333333334
500,SMG+SR（13 Gy）-2,-0.10094809783306558,SMG+13,NaHCO3,8.333333333333334
500,SMG+SR（13 Gy）-3,-0.10091748268090764,SMG+13,NaHCO3,8.333333333333334
520,SMG+SR（13 Gy）-1,-0.11854987046662294,SMG+13,NaHCO3,8.666666666666666
520,SMG+SR（13 Gy）-2,-0.09620748400659922,SMG+13,NaHCO3,8.666666666666666
520,SMG+SR（13 Gy）-3,-0.10936746982317018,SMG+13,NaHCO3,8.666666666666666
540,SMG+SR（13 Gy）-1,-0.12544483909099527,SMG+13,NaHCO3,9
540,SMG+SR（13 Gy）-2,-0.10234239112864726,SMG+13,NaHCO3,9
540,SMG+SR（13 Gy）-3,-0.1166103262238998,SMG+13,NaHCO3,9
560,SMG+SR（13 Gy）-1,-0.13233987400167146,SMG+13,NaHCO3,9.333333333333334
560,SMG+SR（13 Gy）-2,-0.0987172451816184,SMG+13,NaHCO3,9.333333333333334
560,SMG+SR（13 Gy）-3,-0.11830032365235188,SMG+13,NaHCO3,9.333333333333334
580,SMG+SR（13 Gy）-1,-0.13745551940521608,SMG+13,NaHCO3,9.666666666666666
580,SMG+SR（13 Gy）-2,-0.0872838240785314,SMG+13,NaHCO3,9.666666666666666
580,SMG+SR（13 Gy）-3,-0.12361178525693214,SMG+13,NaHCO3,9.666666666666666
600,SMG+SR（13 Gy）-1,-0.13545373935284594,SMG+13,NaHCO3,10
600,SMG+SR（13 Gy）-2,-0.08310094419178371,SMG+13,NaHCO3,10
600,SMG+SR（13 Gy）-3,-0.12844038017459336,SMG+13,NaHCO3,10
620,SMG+SR（13 Gy）-1,-0.14101423213317335,SMG+13,NaHCO3,10.333333333333334
620,SMG+SR（13 Gy）-2,-0.08031227449319221,SMG+13,NaHCO3,10.333333333333334
620,SMG+SR（13 Gy）-3,-0.12988898023534803,SMG+13,NaHCO3,10.333333333333334
640,SMG+SR（13 Gy）-1,-0.1390124520808032,SMG+13,NaHCO3,10.666666666666666
640,SMG+SR（13 Gy）-2,-0.07250416555198769,SMG+13,NaHCO3,10.666666666666666
640,SMG+SR（13 Gy）-3,-0.12723324943305792,SMG+13,NaHCO3,10.666666666666666
660,SMG+SR（13 Gy）-1,-0.13678828148319247,SMG+13,NaHCO3,11
660,SMG+SR（13 Gy）-2,-0.06860011108138682,SMG+13,NaHCO3,11
660,SMG+SR（13 Gy）-3,-0.13013037760304533,SMG+13,NaHCO3,11
680,SMG+SR（13 Gy）-1,-0.13767797623675843,SMG+13,NaHCO3,11.333333333333334
680,SMG+SR（13 Gy）-2,-0.06692690926223019,SMG+13,NaHCO3,11.333333333333334
680,SMG+SR（13 Gy）-3,-0.1310961109768811,SMG+13,NaHCO3,11.333333333333334
700,SMG+SR（13 Gy）-1,-0.14346085956232643,SMG+13,NaHCO3,11.666666666666666
700,SMG+SR（13 Gy）-2,-0.052704901567979974,SMG+13,NaHCO3,11.666666666666666
700,SMG+SR（13 Gy）-3,-0.13013037760304533,SMG+13,NaHCO3,11.666666666666666
720,SMG+SR（13 Gy）-1,-0.13923490891234552,SMG+13,NaHCO3,12
720,SMG+SR（13 Gy）-2,-0.04433905868705647,SMG+13,NaHCO3,12
720,SMG+SR（13 Gy）-3,-0.12988898023534803,SMG+13,NaHCO3,12
740,SMG+SR（13 Gy）-1,-0.13545373935284594,SMG+13,NaHCO3,12.333333333333334
740,SMG+SR（13 Gy）-2,-0.032905720691397584,SMG+13,NaHCO3,12.333333333333334
740,SMG+SR（13 Gy）-3,-0.13085464165765923,SMG+13,NaHCO3,12.333333333333334
760,SMG+SR（13 Gy）-1,-0.13233987400167146,SMG+13,NaHCO3,12.666666666666666
760,SMG+SR（13 Gy）-2,-0.014500833110396887,SMG+13,NaHCO3,12.666666666666666
760,SMG+SR（13 Gy）-3,-0.12337038788923485,SMG+13,NaHCO3,12.666666666666666
780,SMG+SR（13 Gy）-1,-0.12922600865049488,SMG+13,NaHCO3,13
780,SMG+SR（13 Gy）-2,-0.013943099170678062,SMG+13,NaHCO3,13
780,SMG+SR（13 Gy）-3,-0.11950752634541167,SMG+13,NaHCO3,13
800,SMG+SR（13 Gy）-1,-0.12522244854575468,SMG+13,NaHCO3,13.333333333333334
800,SMG+SR（13 Gy）-2,0.001952027235300512,SMG+13,NaHCO3,13.333333333333334
800,SMG+SR（13 Gy）-3,-0.10405600821859233,SMG+13,NaHCO3,13.333333333333334
820,SMG+SR（13 Gy）-1,-0.11476870090712099,SMG+13,NaHCO3,13.666666666666666
820,SMG+SR（13 Gy）-2,0.01143333799565888,SMG+13,NaHCO3,13.666666666666666
820,SMG+SR（13 Gy）-3,-0.10115888004860492,SMG+13,NaHCO3,13.666666666666666
840,SMG+SR（13 Gy）-1,-0.11009790288035953,SMG+13,NaHCO3,14
840,SMG+SR（13 Gy）-2,0.020914731863445522,SMG+13,NaHCO3,14
840,SMG+SR（13 Gy）-3,-0.08860456204329759,SMG+13,NaHCO3,14
860,SMG+SR（13 Gy）-1,-0.09808722256613872,SMG+13,NaHCO3,14.333333333333334
860,SMG+SR（13 Gy）-2,0.020078089400154542,SMG+13,NaHCO3,14.333333333333334
860,SMG+SR（13 Gy）-3,-0.0784645055210561,SMG+13,NaHCO3,14.333333333333334
880,SMG+SR（13 Gy）-1,-0.08652138962869861,SMG+13,NaHCO3,14.666666666666666
880,SMG+SR（13 Gy）-2,0.0231455845148927,SMG+13,NaHCO3,14.666666666666666
880,SMG+SR（13 Gy）-3,-0.0639787927195994,SMG+13,NaHCO3,14.666666666666666
900,SMG+SR（13 Gy）-1,-0.08785586547274574,SMG+13,NaHCO3,15
900,SMG+SR（13 Gy）-2,0.030117134100231736,SMG+13,NaHCO3,15
900,SMG+SR（13 Gy）-3,-0.0639787927195994,SMG+13,NaHCO3,15
920,SMG+SR（13 Gy）-1,-0.07962635471802453,SMG+13,NaHCO3,15.333333333333334
920,SMG+SR（13 Gy）-2,0.024261052394330355,SMG+13,NaHCO3,15.333333333333334
920,SMG+SR（13 Gy）-3,-0.05528733625811499,SMG+13,NaHCO3,15.333333333333334
940,SMG+SR（13 Gy）-1,-0.07050714920973761,SMG+13,NaHCO3,15.666666666666666
940,SMG+SR（13 Gy）-2,0.019520355460435717,SMG+13,NaHCO3,15.666666666666666
940,SMG+SR（13 Gy）-3,-0.05408020551658206,SMG+13,NaHCO3,15.666666666666666
960,SMG+SR（13 Gy）-1,-0.06427935222108482,SMG+13,NaHCO3,16
960,SMG+SR（13 Gy）-2,0.028722840804650204,SMG+13,NaHCO3,16
960,SMG+SR（13 Gy）-3,-0.05045874134045389,SMG+13,NaHCO3,16
980,SMG+SR（13 Gy）-1,-0.053158366660429966,SMG+13,NaHCO3,16.333333333333332
980,SMG+SR（13 Gy）-2,0.020914731863445522,SMG+13,NaHCO3,16.333333333333332
980,SMG+SR（13 Gy）-3,-0.039594420763598495,SMG+13,NaHCO3,16.333333333333332
1000,SMG+SR（13 Gy）-1,-0.052491128738406334,SMG+13,NaHCO3,16.666666666666668
1000,SMG+SR（13 Gy）-2,0.02370331845461153,SMG+13,NaHCO3,16.666666666666668
1000,SMG+SR（13 Gy）-3,-0.042008682246666755,SMG+13,NaHCO3,16.666666666666668
1020,SMG+SR（13 Gy）-1,-0.044706399074166424,SMG+13,NaHCO3,17
1020,SMG+SR（13 Gy）-2,0.022587850575173877,SMG+13,NaHCO3,17
1020,SMG+SR（13 Gy）-3,-0.03452442847824239,SMG+13,NaHCO3,17
1040,SMG+SR（13 Gy）-1,-0.04937726338723198,SMG+13,NaHCO3,17.333333333333332
1040,SMG+SR（13 Gy）-2,0.02481878633404639,SMG+13,NaHCO3,17.333333333333332
1040,SMG+SR（13 Gy）-3,-0.04538874905509778,SMG+13,NaHCO3,17.333333333333332
1060,SMG+SR（13 Gy）-1,-0.051823890816385054,SMG+13,NaHCO3,17.666666666666668
1060,SMG+SR（13 Gy）-2,0.02732854750906573,SMG+13,NaHCO3,17.666666666666668
1060,SMG+SR（13 Gy）-3,-0.04538874905509778,SMG+13,NaHCO3,17.666666666666668
1080,SMG+SR（13 Gy）-1,-0.05693953621992956,SMG+13,NaHCO3,18
1080,SMG+SR（13 Gy）-2,0.02677081356934969,SMG+13,NaHCO3,18
1080,SMG+SR（13 Gy）-3,-0.0366972925936135,SMG+13,NaHCO3,18
1100,SMG+SR（13 Gy）-1,-0.05805162151873611,SMG+13,NaHCO3,18.333333333333332
1100,SMG+SR（13 Gy）-2,0.024261052394330355,SMG+13,NaHCO3,18.333333333333332
1100,SMG+SR（13 Gy）-3,-0.04611301310971168,SMG+13,NaHCO3,18.333333333333332
1120,SMG+SR（13 Gy）-1,-0.05449290879077649,SMG+13,NaHCO3,18.666666666666668
1120,SMG+SR（13 Gy）-2,0.020635823339873367,SMG+13,NaHCO3,18.666666666666668
1120,SMG+SR（13 Gy）-3,-0.03428295915902065,SMG+13,NaHCO3,18.666666666666668
1140,SMG+SR（13 Gy）-1,-0.05871885944075739,SMG+13,NaHCO3,19
1140,SMG+SR（13 Gy）-2,0.011154512579514999,SMG+13,NaHCO3,19
1140,SMG+SR（13 Gy）-3,-0.03983581813129578,SMG+13,NaHCO3,19
1160,SMG+SR（13 Gy）-1,-0.05627229829790828,SMG+13,NaHCO3,19.333333333333332
1160,SMG+SR（13 Gy）-2,0.01143333799565888,SMG+13,NaHCO3,19.333333333333332
1160,SMG+SR（13 Gy）-3,-0.04369867967511883,SMG+13,NaHCO3,19.333333333333332
1180,SMG+SR（13 Gy）-1,-0.06405696167584644,SMG+13,NaHCO3,19.666666666666668
1180,SMG+SR（13 Gy）-2,0.009481310760358368,SMG+13,NaHCO3,19.666666666666668
1180,SMG+SR（13 Gy）-3,-0.04514727973587604,SMG+13,NaHCO3,19.666666666666668
1200,SMG+SR（13 Gy）-1,-0.06272241954549758,SMG+13,NaHCO3,20
1200,SMG+SR（13 Gy）-2,0.003067495114738162,SMG+13,NaHCO3,20
1200,SMG+SR（13 Gy）-3,-0.04587154379048994,SMG+13,NaHCO3,20
1220,SMG+SR（13 Gy）-1,-0.06005340157110614,SMG+13,NaHCO3,20.333333333333332
1220,SMG+SR（13 Gy）-2,-8.365593558654937e-4,SMG+13,NaHCO3,20.333333333333332
1220,SMG+SR（13 Gy）-3,-0.06373732340037766,SMG+13,NaHCO3,20.333333333333332
0,SMG+SR（19.5 Gy）-1,0,SMG+19.5,NaHCO3,0
0,SMG+SR（19.5 Gy）-2,0,SMG+19.5,NaHCO3,0
0,SMG+SR（19.5 Gy）-3,0,SMG+19.5,NaHCO3,0
20,SMG+SR（19.5 Gy）-1,-2.730387536809824e-4,SMG+19.5,NaHCO3,0.3333333333333333
20,SMG+SR（19.5 Gy）-2,0.02305860931287559,SMG+19.5,NaHCO3,0.3333333333333333
20,SMG+SR（19.5 Gy）-3,0.026008458228106258,SMG+19.5,NaHCO3,0.3333333333333333
40,SMG+SR（19.5 Gy）-1,-0.006007666407355356,SMG+19.5,NaHCO3,0.6666666666666666
40,SMG+SR（19.5 Gy）-2,0.022528518168951732,SMG+19.5,NaHCO3,0.6666666666666666
40,SMG+SR（19.5 Gy）-3,0.022027617767815696,SMG+19.5,NaHCO3,0.6666666666666666
60,SMG+SR（19.5 Gy）-1,0.0368651147051669,SMG+19.5,NaHCO3,1
60,SMG+SR（19.5 Gy）-2,0.06997084617191071,SMG+19.5,NaHCO3,1
60,SMG+SR（19.5 Gy）-3,0.06130570238331473,SMG+19.5,NaHCO3,1
80,SMG+SR（19.5 Gy）-1,0.04259966097620065,SMG+19.5,NaHCO3,1.3333333333333333
80,SMG+SR（19.5 Gy）-2,0.0702359312380715,SMG+19.5,NaHCO3,1.3333333333333333
80,SMG+SR（19.5 Gy）-3,0.06104034465658211,SMG+19.5,NaHCO3,1.3333333333333333
100,SMG+SR（19.5 Gy）-1,0.0524303582309118,SMG+19.5,NaHCO3,1.6666666666666667
100,SMG+SR（19.5 Gy）-2,0.07050093731583457,SMG+19.5,NaHCO3,1.6666666666666667
100,SMG+SR（19.5 Gy）-3,0.06130570238331473,SMG+19.5,NaHCO3,1.6666666666666667
120,SMG+SR（19.5 Gy）-1,0.05625338907827047,SMG+19.5,NaHCO3,2
120,SMG+SR（19.5 Gy）-2,0.06705538437453083,SMG+19.5,NaHCO3,2
120,SMG+SR（19.5 Gy）-3,0.05759021964975944,SMG+19.5,NaHCO3,2
140,SMG+SR（19.5 Gy）-1,0.058164904501948285,SMG+19.5,NaHCO3,2.3333333333333335
140,SMG+SR（19.5 Gy）-2,0.07103102845975842,SMG+19.5,NaHCO3,2.3333333333333335
140,SMG+SR（19.5 Gy）-3,0.06581741648350085,SMG+19.5,NaHCO3,2.3333333333333335
160,SMG+SR（19.5 Gy）-1,0.06034954006194512,SMG+19.5,NaHCO3,2.6666666666666665
160,SMG+SR（19.5 Gy）-2,0.06705538437453083,SMG+19.5,NaHCO3,2.6666666666666665
160,SMG+SR（19.5 Gy）-3,0.06077490783663573,SMG+19.5,NaHCO3,2.6666666666666665
180,SMG+SR（19.5 Gy）-1,0.05843802463826715,SMG+19.5,NaHCO3,3
180,SMG+SR（19.5 Gy）-2,0.06705538437453083,SMG+19.5,NaHCO3,3
180,SMG+SR（19.5 Gy）-3,0.05759021964975944,SMG+19.5,NaHCO3,3
200,SMG+SR（19.5 Gy）-1,0.05570723018827046,SMG+19.5,NaHCO3,3.3333333333333335
200,SMG+SR（19.5 Gy）-2,0.06095945470201065,SMG+19.5,NaHCO3,3.3333333333333335
200,SMG+SR（19.5 Gy）-3,0.049893817362699676,SMG+19.5,NaHCO3,3.3333333333333335
220,SMG+SR（19.5 Gy）-1,0.05598035032458933,SMG+19.5,NaHCO3,3.6666666666666665
220,SMG+SR（19.5 Gy）-2,0.05300824551995566,SMG+19.5,NaHCO3,3.6666666666666665
220,SMG+SR（19.5 Gy）-3,0.04193205734890744,SMG+19.5,NaHCO3,3.6666666666666665
240,SMG+SR（19.5 Gy）-1,0.05352267601091166,SMG+19.5,NaHCO3,4
240,SMG+SR（19.5 Gy）-2,0.04823750421304362,SMG+19.5,NaHCO3,4
240,SMG+SR（19.5 Gy）-3,0.03529724415520847,SMG+19.5,NaHCO3,4
260,SMG+SR（19.5 Gy）-1,0.05161116058723369,SMG+19.5,NaHCO3,4.333333333333333
260,SMG+SR（19.5 Gy）-2,0.049032601434730705,SMG+19.5,NaHCO3,4.333333333333333
260,SMG+SR（19.5 Gy）-3,0.023619922314647036,SMG+19.5,NaHCO3,4.333333333333333
280,SMG+SR（19.5 Gy）-1,0.043691978756200366,SMG+19.5,NaHCO3,4.666666666666667
280,SMG+SR（19.5 Gy）-2,0.031539909638851796,SMG+19.5,NaHCO3,4.666666666666667
280,SMG+SR（19.5 Gy）-3,0.009554143653837336,SMG+19.5,NaHCO3,4.666666666666667
300,SMG+SR（19.5 Gy）-1,0.03522663803516734,SMG+19.5,NaHCO3,5
300,SMG+SR（19.5 Gy）-2,0.024913888822407602,SMG+19.5,NaHCO3,5
300,SMG+SR（19.5 Gy）-3,-0.005307866373600393,SMG+19.5,NaHCO3,5
320,SMG+SR（19.5 Gy）-1,0.031130568434130416,SMG+19.5,NaHCO3,5.333333333333333
320,SMG+SR（19.5 Gy）-2,0.017227685718115834,SMG+19.5,NaHCO3,5.333333333333333
320,SMG+SR（19.5 Gy）-3,-0.01486201002743773,SMG+19.5,NaHCO3,5.333333333333333
340,SMG+SR（19.5 Gy）-1,0.01665756130574476,SMG+19.5,NaHCO3,5.666666666666667
340,SMG+SR（19.5 Gy）-2,-0.007421118038128334,SMG+19.5,NaHCO3,5.666666666666667
340,SMG+SR（19.5 Gy）-3,-0.027070047321469854,SMG+19.5,NaHCO3,5.666666666666667
360,SMG+SR（19.5 Gy）-1,-5.461588899998546e-4,SMG+19.5,NaHCO3,6
360,SMG+SR（19.5 Gy）-2,-0.02464880375624417,SMG+19.5,NaHCO3,6
360,SMG+SR（19.5 Gy）-3,-0.03529724415520847,SMG+19.5,NaHCO3,6
380,SMG+SR（19.5 Gy）-1,-0.015565243525747627,SMG+19.5,NaHCO3,6.333333333333333
380,SMG+SR（19.5 Gy）-2,-0.037635839311371974,SMG+19.5,NaHCO3,6.333333333333333
380,SMG+SR（19.5 Gy）-3,-0.029989377781608227,SMG+19.5,NaHCO3,6.333333333333333
400,SMG+SR（19.5 Gy）-1,-0.03795743248516661,SMG+19.5,NaHCO3,6.666666666666667
400,SMG+SR（19.5 Gy）-2,-0.05857408404855198,SMG+19.5,NaHCO3,6.666666666666667
400,SMG+SR（19.5 Gy）-3,-0.04166669962217217,SMG+19.5,NaHCO3,6.666666666666667
420,SMG+SR（19.5 Gy）-1,-0.058711063391948135,SMG+19.5,NaHCO3,7
420,SMG+SR（19.5 Gy）-2,-0.07315131404705101,SMG+19.5,NaHCO3,7
420,SMG+SR（19.5 Gy）-3,-0.04989381736269982,SMG+19.5,NaHCO3,7
440,SMG+SR（19.5 Gy）-1,-0.07181871398665583,SMG+19.5,NaHCO3,7.333333333333333
440,SMG+SR（19.5 Gy）-2,-0.08507816731433095,SMG+19.5,NaHCO3,7.333333333333333
440,SMG+SR（19.5 Gy）-3,-0.05493632600956495,SMG+19.5,NaHCO3,7.333333333333333
460,SMG+SR（19.5 Gy）-1,-0.08110325235137,SMG+19.5,NaHCO3,7.666666666666667
460,SMG+SR（19.5 Gy）-2,-0.09143918205301457,SMG+19.5,NaHCO3,7.666666666666667
460,SMG+SR（19.5 Gy）-3,-0.07059448831041959,SMG+19.5,NaHCO3,7.666666666666667
480,SMG+SR（19.5 Gy）-1,-0.09066082946976227,SMG+19.5,NaHCO3,8
480,SMG+SR（19.5 Gy）-2,-0.09408955878423102,SMG+19.5,NaHCO3,8
480,SMG+SR（19.5 Gy）-3,-0.08094478423767135,SMG+19.5,NaHCO3,8
500,SMG+SR（19.5 Gy）-1,-0.09284546502975896,SMG+19.5,NaHCO3,8.333333333333334
500,SMG+SR（19.5 Gy）-2,-0.08984890862124284,SMG+19.5,NaHCO3,8.333333333333334
500,SMG+SR（19.5 Gy）-3,-0.07032905149047322,SMG+19.5,NaHCO3,8.333333333333334
520,SMG+SR（19.5 Gy）-1,-0.10021848797079243,SMG+19.5,NaHCO3,8.666666666666666
520,SMG+SR（19.5 Gy）-2,-0.09806520286945862,SMG+19.5,NaHCO3,8.666666666666666
520,SMG+SR（19.5 Gy）-3,-0.07006369376373794,SMG+19.5,NaHCO3,8.666666666666666
540,SMG+SR（19.5 Gy）-1,-0.1081376698018256,SMG+19.5,NaHCO3,9
540,SMG+SR（19.5 Gy）-2,-0.09143918205301457,SMG+19.5,NaHCO3,9
540,SMG+SR（19.5 Gy）-3,-0.06926754149032102,SMG+19.5,NaHCO3,9
560,SMG+SR（19.5 Gy）-1,-0.1125068595391814,SMG+19.5,NaHCO3,9.333333333333334
560,SMG+SR（19.5 Gy）-2,-0.08110252322910586,SMG+19.5,NaHCO3,9.333333333333334
560,SMG+SR（19.5 Gy）-3,-0.06342888057004163,SMG+19.5,NaHCO3,9.333333333333334
580,SMG+SR（19.5 Gy）-1,-0.12042595998757395,SMG+19.5,NaHCO3,9.666666666666666
580,SMG+SR（19.5 Gy）-2,-0.0805725110735797,SMG+19.5,NaHCO3,9.666666666666666
580,SMG+SR（19.5 Gy）-3,-0.06210193374994291,SMG+19.5,NaHCO3,9.666666666666666
600,SMG+SR（19.5 Gy）-1,-0.11796828567389628,SMG+19.5,NaHCO3,10
600,SMG+SR（19.5 Gy）-2,-0.08136760829526664,SMG+19.5,NaHCO3,10
600,SMG+SR（19.5 Gy）-3,-0.06661356875691526,SMG+19.5,NaHCO3,10
620,SMG+SR（19.5 Gy）-1,-0.12616058764124832,SMG+19.5,NaHCO3,10.333333333333334
620,SMG+SR（19.5 Gy）-2,-0.07977733486349506,SMG+19.5,NaHCO3,10.333333333333334
620,SMG+SR（19.5 Gy）-3,-0.06555197966355462,SMG+19.5,NaHCO3,10.333333333333334
640,SMG+SR（19.5 Gy）-1,-0.1237029133275705,SMG+19.5,NaHCO3,10.666666666666666
640,SMG+SR（19.5 Gy）-2,-0.08322288780479879,SMG+19.5,NaHCO3,10.666666666666666
640,SMG+SR（19.5 Gy）-3,-0.055997915102928245,SMG+19.5,NaHCO3,10.666666666666666
660,SMG+SR（19.5 Gy）-1,-0.11851444456389613,SMG+19.5,NaHCO3,11
660,SMG+SR（19.5 Gy）-2,-0.07103102845975579,SMG+19.5,NaHCO3,11
660,SMG+SR（19.5 Gy）-3,-0.04272820962232186,SMG+19.5,NaHCO3,11
680,SMG+SR（19.5 Gy）-1,-0.11769524692021803,SMG+19.5,NaHCO3,11.333333333333334
680,SMG+SR（19.5 Gy）-2,-0.06758547551845204,SMG+19.5,NaHCO3,11.333333333333334
680,SMG+SR（19.5 Gy）-3,-0.04246285189558659,SMG+19.5,NaHCO3,11.333333333333334
700,SMG+SR（19.5 Gy）-1,-0.1125068595391814,SMG+19.5,NaHCO3,11.666666666666666
700,SMG+SR（19.5 Gy）-2,-0.06254964914537922,SMG+19.5,NaHCO3,11.666666666666666
700,SMG+SR（19.5 Gy）-3,-0.03184711914838845,SMG+19.5,NaHCO3,11.666666666666666
720,SMG+SR（19.5 Gy）-1,-0.10950302633550373,SMG+19.5,NaHCO3,12
720,SMG+SR（19.5 Gy）-2,-0.046117139637348176,SMG+19.5,NaHCO3,12
720,SMG+SR（19.5 Gy）-3,-0.02786627868809789,SMG+19.5,NaHCO3,12
740,SMG+SR（19.5 Gy）-1,-0.11141454175918154,SMG+19.5,NaHCO3,12.333333333333334
740,SMG+SR（19.5 Gy）-2,-0.04267158669604694,SMG+19.5,NaHCO3,12.333333333333334
740,SMG+SR（19.5 Gy）-3,-0.022823770041230113,SMG+19.5,NaHCO3,12.333333333333334
760,SMG+SR（19.5 Gy）-1,-0.09803385241079558,SMG+19.5,NaHCO3,12.666666666666666
760,SMG+SR（19.5 Gy）-2,-0.032069921794375296,SMG+19.5,NaHCO3,12.666666666666666
760,SMG+SR（19.5 Gy）-3,-0.013269626387392775,SMG+19.5,NaHCO3,12.666666666666666
780,SMG+SR（19.5 Gy）-1,-0.08765699626608459,SMG+19.5,NaHCO3,13
780,SMG+SR（19.5 Gy）-2,-0.031009818494927784,SMG+19.5,NaHCO3,13
780,SMG+SR（19.5 Gy）-3,-0.015127367754173001,SMG+19.5,NaHCO3,13
800,SMG+SR（19.5 Gy）-1,-0.08301476777504782,SMG+19.5,NaHCO3,13.333333333333334
800,SMG+SR（19.5 Gy）-2,-0.02067315967101922,SMG+19.5,NaHCO3,13.333333333333334
800,SMG+SR（19.5 Gy）-3,-0.009819501380572755,SMG+19.5,NaHCO3,13.333333333333334
820,SMG+SR（19.5 Gy）-1,-0.07154559385033696,SMG+19.5,NaHCO3,13.666666666666666
820,SMG+SR（19.5 Gy）-2,-0.010601664901669142,SMG+19.5,NaHCO3,13.666666666666666
820,SMG+SR（19.5 Gy）-3,-0.014596573207491349,SMG+19.5,NaHCO3,13.666666666666666
840,SMG+SR（19.5 Gy）-1,-0.06007650130826687,SMG+19.5,NaHCO3,14
840,SMG+SR（19.5 Gy）-2,-0.008746306403739279,SMG+19.5,NaHCO3,14
840,SMG+SR（19.5 Gy）-3,-0.011942679567296707,SMG+19.5,NaHCO3,14
860,SMG+SR（19.5 Gy）-1,-0.045057335289881206,SMG+19.5,NaHCO3,14.333333333333334
860,SMG+SR（19.5 Gy）-2,-0.01192685326727994,SMG+19.5,NaHCO3,14.333333333333334
860,SMG+SR（19.5 Gy）-3,-2.653577267352705e-4,SMG+19.5,NaHCO3,14.333333333333334
880,SMG+SR（19.5 Gy）-1,-0.03386128150149195,SMG+19.5,NaHCO3,14.666666666666666
880,SMG+SR（19.5 Gy）-2,-0.016697594574191975,SMG+19.5,NaHCO3,14.666666666666666
880,SMG+SR（19.5 Gy）-3,0.0018577413667775725,SMG+19.5,NaHCO3,14.666666666666666
900,SMG+SR（19.5 Gy）-1,-0.03222280483149224,SMG+19.5,NaHCO3,15
900,SMG+SR（19.5 Gy）-2,-0.018817880161487062,SMG+19.5,NaHCO3,15
900,SMG+SR（19.5 Gy）-3,-0.007696402287059765,SMG+19.5,NaHCO3,15
920,SMG+SR（19.5 Gy）-1,-0.02211906882310011,SMG+19.5,NaHCO3,15.333333333333334
920,SMG+SR（19.5 Gy）-2,-0.011131677057195295,SMG+19.5,NaHCO3,15.333333333333334
920,SMG+SR（19.5 Gy）-3,-0.01857749276099317,SMG+19.5,NaHCO3,15.333333333333334
940,SMG+SR（19.5 Gy）-1,-0.022938266466780946,SMG+19.5,NaHCO3,15.666666666666666
940,SMG+SR（19.5 Gy）-2,-0.01537240620858103,SMG+19.5,NaHCO3,15.666666666666666
940,SMG+SR（19.5 Gy）-3,-0.011942679567296707,SMG+19.5,NaHCO3,15.666666666666666
960,SMG+SR（19.5 Gy）-1,-0.007919181831033174,SMG+19.5,NaHCO3,16
960,SMG+SR（19.5 Gy）-2,-0.007686203104289265,SMG+19.5,NaHCO3,16
960,SMG+SR（19.5 Gy）-3,-0.019639081854356474,SMG+19.5,NaHCO3,16
980,SMG+SR（19.5 Gy）-1,-0.0046423098736772415,SMG+19.5,NaHCO3,16.333333333333332
980,SMG+SR（19.5 Gy）-2,-0.006360935750283261,SMG+19.5,NaHCO3,16.333333333333332
980,SMG+SR（19.5 Gy）-3,-0.027070047321469854,SMG+19.5,NaHCO3,16.333333333333332
1000,SMG+SR（19.5 Gy）-1,-0.010103736008392126,SMG+19.5,NaHCO3,16.666666666666668
1000,SMG+SR（19.5 Gy）-2,-0.01139676212335608,SMG+19.5,NaHCO3,16.666666666666668
1000,SMG+SR（19.5 Gy）-3,-0.024946948227956865,SMG+19.5,NaHCO3,16.666666666666668
1020,SMG+SR（19.5 Gy）-1,-0.004369189737355641,SMG+19.5,NaHCO3,17
1020,SMG+SR（19.5 Gy）-2,-0.009011391469900062,SMG+19.5,NaHCO3,17
1020,SMG+SR（19.5 Gy）-3,-0.03184711914838845,SMG+19.5,NaHCO3,17
1040,SMG+SR（19.5 Gy）-1,-0.00737302294103332,SMG+19.5,NaHCO3,17.333333333333332
1040,SMG+SR（19.5 Gy）-2,-0.027564265553624047,SMG+19.5,NaHCO3,17.333333333333332
1040,SMG+SR（19.5 Gy）-3,-0.05944796101653716,SMG+19.5,NaHCO3,17.333333333333332
1060,SMG+SR（19.5 Gy）-1,-0.0010923177799997091,SMG+19.5,NaHCO3,17.666666666666668
1060,SMG+SR（19.5 Gy）-2,-0.022528439180551377,SMG+19.5,NaHCO3,17.666666666666668
1060,SMG+SR（19.5 Gy）-3,-0.09288746380496805,SMG+19.5,NaHCO3,17.666666666666668
1080,SMG+SR（19.5 Gy）-1,8.191976436781083e-4,SMG+19.5,NaHCO3,18
1080,SMG+SR（19.5 Gy）-2,-0.031009818494927784,SMG+19.5,NaHCO3,18
1080,SMG+SR（19.5 Gy）-3,-0.0997877138186134,SMG+19.5,NaHCO3,18
1100,SMG+SR（19.5 Gy）-1,-0.005461507517355502,SMG+19.5,NaHCO3,18.333333333333332
1100,SMG+SR（19.5 Gy）-2,-0.03313010408222302,SMG+19.5,NaHCO3,18.333333333333332
1100,SMG+SR（19.5 Gy）-3,-0.11464964475283737,SMG+19.5,NaHCO3,18.333333333333332
1120,SMG+SR（19.5 Gy）-1,-0.010103736008392126,SMG+19.5,NaHCO3,18.666666666666668
1120,SMG+SR（19.5 Gy）-2,-0.05088788094426007,SMG+19.5,NaHCO3,18.666666666666668
1120,SMG+SR（19.5 Gy）-3,-0.1313693961470528,SMG+19.5,NaHCO3,18.666666666666668
1140,SMG+SR（19.5 Gy）-1,-0.01993443326310327,SMG+19.5,NaHCO3,19
1140,SMG+SR（19.5 Gy）-2,-0.06573019600891988,SMG+19.5,NaHCO3,19
1140,SMG+SR（19.5 Gy）-3,-0.13959659298079424,SMG+19.5,NaHCO3,19
1160,SMG+SR（19.5 Gy）-1,-0.022665227713099964,SMG+19.5,NaHCO3,19.333333333333332
1160,SMG+SR（19.5 Gy）-2,-0.08269279666087494,SMG+19.5,NaHCO3,19.333333333333332
1160,SMG+SR（19.5 Gy）-3,-0.1403927452542085,SMG+19.5,NaHCO3,19.333333333333332
1180,SMG+SR（19.5 Gy）-1,-0.03058440954413329,SMG+19.5,NaHCO3,19.666666666666668
1180,SMG+SR（19.5 Gy）-2,-0.09806520286945862,SMG+19.5,NaHCO3,19.666666666666668
1180,SMG+SR（19.5 Gy）-3,-0.15976646938183223,SMG+19.5,NaHCO3,19.666666666666668
1200,SMG+SR（19.5 Gy）-1,-0.0158383636620665,SMG+19.5,NaHCO3,20
1200,SMG+SR（19.5 Gy）-2,-0.1144977123774898,SMG+19.5,NaHCO3,20
1200,SMG+SR（19.5 Gy）-3,-0.16374730984212293,SMG+19.5,NaHCO3,20
1220,SMG+SR（19.5 Gy）-1,-0.02839977398413645,SMG+19.5,NaHCO3,20.333333333333332
1220,SMG+SR（19.5 Gy）-2,-0.12191890940401849,SMG+19.5,NaHCO3,20.333333333333332
1220,SMG+SR（19.5 Gy）-3,-0.1857749276099386,SMG+19.5,NaHCO3,20.333333333333332
